fbo_id,dedup_group_id
12821019001694,g74466
22821036000235,g74466
22821036000364,g74466
22821036000458,g74466
22821036000601,g74466
22821036000602,g74466
22821036000603,g74466
22821036000604,g74466
22821036000606,g74466
22821036000621,g74466
22821036000628,g74466
22821036000646,g74466
22821036000712,g74466
22821036000735,g74466
22823036000161,g74466
22823036000173,g74466
22823036000176,g74466
22823036000266,g74466
12820019001009,g74466
22820036000018,g74466
22820036000028,g74466
22820036000060,g74466
22820036000063,g74466
22820036000080,g74466
22820036000208,g74466
22820036000268,g74466
12822019000362,g74466
12822019001101,g74466
12822019001118,g74466
12822019001354,g74466
12822019001483,g74466
22822036000034,g74466
12822019001656,g74466
22822036000083,g74466
22822036000118,g74466
22822036000145,g74466
22822036000151,g74466
22822036000152,g74466
22822036000173,g74466
22822036000174,g74466
22822036000177,g74466
22822036000182,g74466
22822036000183,g74466
22822036000221,g74466
22822036000223,g74466
22822036000224,g74466
22822036000225,g74466
22822036000226,g74466
22822036000227,g74466
22822036000228,g74466
22822036000229,g74466
22822036000416,g74466
12822019002389,g74466
22824036000019,g74466
22824036000057,g74466
12819019000961,g74466
22819036000179,g74466
22819036000473,g74466
22820041000219,g74467
22822041000213,g74467
22822041000246,g74467
22822041000245,g74467
22822041000248,g74467
22822041000247,g74467
22822041000261,g74467
22824041000278,g74467
22826041000005,g74467
22826041000055,g74467
22826041000088,g74467
22826041000091,g74467
22826041000092,g74467
22826041000103,g74467
22821041000061,g74467
22821041000489,g74467
22821041000747,g74467
22821041000748,g74467
22821041000753,g74467
22821041000757,g74467
22821041000760,g74467
22823041000216,g74467
22821041000777,g74467
22825041000169,g74467
22825041000171,g74467
22825041000170,g74467
22825041000173,g74467
22825041000174,g74467
22825041000179,g74467
22825041000180,g74467
22825041000172,g74467
22825041000183,g74467
22825041000189,g74467
22825041000199,g74467
22825041000208,g74467
22825041000228,g74467
22825041000234,g74467
22825041000242,g74467
22825041000244,g74467
22825041000245,g74467
22825041000246,g74467
22825041000248,g74467
22825041000257,g74467
22825041000262,g74467
22825041000263,g74467
22825041000264,g74467
22825041000268,g74467
22825041000271,g74467
22825041000293,g74467
22825041000294,g74467
22825041000314,g74467
22825041000315,g74467
22825041000316,g74467
22825041000324,g74467
22821036000384,g74468
22821036000443,g74468
22821036000739,g74468
22821036000748,g74468
12823019000540,g74468
12823019000567,g74468
12823019000726,g74468
22823036000056,g74468
22823036000210,g74468
22823036000229,g74468
22823036000285,g74468
12825019000784,g74468
12825019001827,g74468
12825019002055,g74468
12825019002345,g74468
12825019002509,g74468
12825019002567,g74468
12825019002596,g74468
12825019002623,g74468
12822019000812,g74468
12822019001321,g74468
12822019001578,g74468
22822036000018,g74468
22822036000087,g74468
22822036000123,g74468
22822036000272,g74468
22822036000279,g74468
22822036000288,g74468
22822036000310,g74468
22822036000311,g74468
22822036000313,g74468
22822036000346,g74468
22822036000388,g74468
22822036000402,g74468
22822036000429,g74468
22822036000485,g74468
22822036000496,g74468
22822036000565,g74468
12822019002751,g74468
12824019000746,g74468
12824019001731,g74468
12826019000546,g74468
22826036000106,g74468
12821019000640,g74468
22821036000014,g74469
22821036000073,g74469
22821036000088,g74469
22821036000149,g74469
22821036000150,g74469
22821036000168,g74469
22821036000180,g74469
22821036000187,g74469
22821036000189,g74469
22821036000190,g74469
22821036000229,g74469
12821019001832,g74469
22821036000245,g74469
22821036000285,g74469
22821036000470,g74469
22821036000554,g74469
22821036000600,g74469
22821036000605,g74469
22821036000698,g74469
22820036000077,g74469
22820036000108,g74469
22820036000213,g74469
22820036000257,g74469
22820036000282,g74469
22820036000288,g74469
12822019001110,g74469
12822019001121,g74469
12822019001419,g74469
22822036000011,g74469
12822019001668,g74469
22822036000142,g74469
22822036000143,g74469
12822019001745,g74469
12822019001746,g74469
22822036000148,g74469
22822036000555,g74469
22822036000564,g74469
12824019000525,g74469
22819036000236,g74469
22819036000391,g74469
22819036000450,g74469
12821019001592,g74470
12821019002148,g74470
12821019002263,g74470
12821019002304,g74470
12821019002305,g74470
12821019002506,g74470
12821019002805,g74470
12823019000409,g74470
12823019000894,g74470
12823019001430,g74470
12823019001881,g74470
12825019000064,g74470
12825019000537,g74470
12825019000651,g74470
12825019000728,g74470
12818019003327,g74470
12820019000021,g74470
12818019005312,g74470
12820019000848,g74470
12820019001778,g74470
12820019002176,g74470
12822019000151,g74470
12822019000161,g74470
12822019000354,g74470
12822019000647,g74470
12822019000707,g74470
12822019000726,g74470
12822019000744,g74470
12822019001648,g74470
12822019001854,g74470
12824019000081,g74470
12824019001326,g74470
12824019001658,g74470
12817019004040,g74470
12819019001543,g74470
12819019002559,g74470
22820037000108,g74470
12821019000469,g74470
12821019000543,g74470
12821019000701,g74470
22818019016781,g74471
22821036000494,g74471
22821036000662,g74471
22821036000680,g74471
22823036000151,g74471
22823036000162,g74471
22823036000177,g74471
22823036000207,g74471
22818036000196,g74471
22818036000199,g74471
22818036000200,g74471
22818036000201,g74471
22818036000202,g74471
22818036000203,g74471
22818036000205,g74471
22818036000234,g74471
22818036000258,g74471
22818036000293,g74471
22818036000305,g74471
22818036000306,g74471
22818036000366,g74471
12822019001595,g74471
22822036000168,g74471
22822036000169,g74471
22822036000326,g74471
12817019002315,g74471
22818019009570,g74471
22818019009577,g74471
22818019009872,g74471
22818019009878,g74471
22818019009882,g74471
22819036000009,g74471
22817019002367,g74471
22817019002369,g74471
22818019016611,g74471
22825035000138,g74472
22825035000139,g74472
22825035000141,g74472
22825035000142,g74472
22825035000143,g74472
22825035000145,g74472
22825035000147,g74472
22825035000148,g74472
22825035000149,g74472
22825035000150,g74472
22825035000151,g74472
22825035000152,g74472
22825035000153,g74472
22825035000154,g74472
22825035000155,g74472
22825035000156,g74472
22825035000157,g74472
22825035000159,g74472
22825035000160,g74472
22825035000161,g74472
22825035000162,g74472
22825035000169,g74472
22825035000170,g74472
22825035000171,g74472
22825035000175,g74472
22825035000176,g74472
22825035000183,g74472
22825035000184,g74472
22825035000185,g74472
22825035000186,g74472
22825035000187,g74472
22825035000188,g74472
22825035000191,g74472
22825035000192,g74472
22825035000195,g74472
12821019000965,g74473
12821019001242,g74473
12821019002525,g74473
12821019003302,g74473
22817019005446,g74473
22822037000036,g74473
12816019001199,g74473
22822037000088,g74473
22822037000565,g74473
12823019000485,g74473
12823019000745,g74473
12823019000963,g74473
22824037000006,g74473
22824037000117,g74473
12825019000477,g74473
12825019000977,g74473
12825019001675,g74473
12825019002197,g74473
12825019002314,g74473
12820019001931,g74473
12822019000775,g74473
12822019001675,g74473
22818019003898,g74473
22823037000038,g74473
12824019000083,g74473
12824019000143,g74473
12824019000803,g74473
12817019002628,g74473
22818019009705,g74473
22825037000125,g74473
22825037000168,g74473
22825037000198,g74473
22818019015106,g74473
12821019001037,g74474
22821040000139,g74474
22821040000375,g74474
22821040000388,g74474
22821040000427,g74474
22821040000672,g74474
22821040000693,g74474
22821040000851,g74474
22823040000209,g74474
22823040000354,g74474
12818019004361,g74474
22825040000170,g74474
22825040000171,g74474
22825040000172,g74474
22825040000173,g74474
22825040000174,g74474
22825040000191,g74474
22825040000237,g74474
12818019006201,g74474
22820040000037,g74474
22820040000108,g74474
22822040000151,g74474
22822040000411,g74474
22822040000514,g74474
22822040000600,g74474
22822040000736,g74474
12824019000475,g74474
22824040000031,g74474
22824040000038,g74474
22824040000040,g74474
22824040000102,g74474
22824040000120,g74474
12819019000774,g74474
22820041000047,g74475
22820041000282,g74475
22820041000329,g74475
22817019004427,g74475
22822041000009,g74475
22822041000113,g74475
22822041000204,g74475
22822041000378,g74475
22824041000029,g74475
22824041000059,g74475
22824041000120,g74475
22824041000157,g74475
22824041000350,g74475
22824041000367,g74475
22821041000095,g74475
22821041000303,g74475
22821041000374,g74475
22821041000671,g74475
22821041000787,g74475
22821041000918,g74475
12817019002732,g74475
22823041000004,g74475
22823041000166,g74475
22823041000283,g74475
22823041000402,g74475
22823041000415,g74475
22823041000429,g74475
22818041000060,g74475
22818041000097,g74475
22817019000262,g74475
22825041000026,g74475
22825041000134,g74475
22825041000141,g74475
22821036000013,g74476
22821036000032,g74476
22821036000035,g74476
22821036000068,g74476
22821036000116,g74476
22821036000151,g74476
22821036000152,g74476
22821036000155,g74476
22821036000218,g74476
22821036000230,g74476
22821036000272,g74476
22821036000368,g74476
22821036000752,g74476
22818036000139,g74476
22820036000120,g74476
22820036000214,g74476
22820036000260,g74476
22820036000281,g74476
22820036000283,g74476
22820036000290,g74476
22820036000293,g74476
12822019001064,g74476
12822019001083,g74476
12822019001102,g74476
12822019001103,g74476
12822019001405,g74476
22819036000412,g74476
22819036000448,g74476
22819036000449,g74476
12821019001873,g74477
22820041000056,g74477
22822041000190,g74477
22822041000278,g74477
22822041000287,g74477
12818019001336,g74477
12825019000131,g74477
22824041000099,g74477
22824041000164,g74477
22824041000235,g74477
12820019000200,g74477
22826041000105,g74477
22821041000187,g74477
22821041000581,g74477
22821041000860,g74477
22821041000919,g74477
22818019007686,g74477
22818019007726,g74477
22818019007969,g74477
22823041000051,g74477
22823041000403,g74477
22823041000458,g74477
22823041000469,g74477
22818041000021,g74477
22825041000001,g74477
22817019001613,g74477
22821040000203,g74478
22821040000316,g74478
22821040000809,g74478
22821040000828,g74478
22821040000829,g74478
22823040000223,g74478
22823040000226,g74478
22823040000242,g74478
22823040000245,g74478
22823040000268,g74478
22823040000269,g74478
22823040000270,g74478
22823040000311,g74478
22823042000740,g74478
22825040000219,g74478
22825040000279,g74478
22822040000183,g74478
22822040000643,g74478
22824040000017,g74478
22824040000087,g74478
22824040000108,g74478
22824040000124,g74478
22824040000126,g74478
22824040000179,g74478
22824040000323,g74478
12821019002399,g74479
12821019003266,g74479
12821019003303,g74479
22822037000631,g74479
12818019000011,g74479
12818019000630,g74479
22824037000217,g74479
12825019000584,g74479
12825019000656,g74479
12818019004409,g74479
12820019001437,g74479
22821037000118,g74479
12822019000089,g74479
22821037000475,g74479
22821037000521,g74479
12822019001318,g74479
12822019001390,g74479
12822019002862,g74479
22818037000200,g74479
22825037000064,g74479
12819019003443,g74479
12819019003444,g74479
22822035000296,g74480
22822035000300,g74480
22822035000305,g74480
22824035000193,g74480
22816019000463,g74480
22816019000464,g74480
22816019000506,g74480
22816019000507,g74480
22819035000143,g74480
22819035000187,g74480
22821035000040,g74480
22821035000109,g74480
22821035000113,g74480
22821035000114,g74480
22821035000274,g74480
22821035000303,g74480
22821035000342,g74480
22821035000343,g74480
22823035000229,g74480
22820035000071,g74480
22817019000988,g74480
12821019001172,g74481
22821038000133,g74481
22821038000138,g74481
22821038000555,g74481
22821038000625,g74481
22821038000629,g74481
12823019001667,g74481
12823019001862,g74481
12823019002268,g74481
22823038000247,g74481
12825019000056,g74481
12825019000767,g74481
12825019001156,g74481
12822019002013,g74481
22822038000148,g74481
22822038000637,g74481
12824019000605,g74481
12824019000773,g74481
22824038000023,g74481
22824038000024,g74481
12821019001081,g74482
12821019002013,g74482
12821019002811,g74482
12821019003280,g74482
12823019000233,g74482
12823019000563,g74482
12823019000790,g74482
12823019001310,g74482
12818019002685,g74482
12818019003407,g74482
12820019001934,g74482
12822019000355,g74482
12822019000803,g74482
12822019001341,g74482
12822019002425,g74482
12822019002717,g74482
12822019002822,g74482
12826019000235,g74482
12819019002656,g74482
12821019001094,g74483
22821036000263,g74483
22821036000440,g74483
12816019000552,g74483
22822037000385,g74483
22823036000049,g74483
12825019000423,g74483
12825019000625,g74483
12825019000983,g74483
22820036000029,g74483
22820036000094,g74483
22822036000033,g74483
22822036000075,g74483
22822036000465,g74483
22822036000566,g74483
22818019005061,g74483
12824019000751,g74483
22826036000087,g74483
22822039000138,g74484
22822039000280,g74484
22822039000568,g74484
22824039000072,g74484
22824039000152,g74484
12825019001210,g74484
22826039000021,g74484
22826039000230,g74484
22821039000633,g74484
22821039000957,g74484
22821039001065,g74484
22823039000053,g74484
22823039000092,g74484
22823039000205,g74484
22823039000227,g74484
22823039000255,g74484
22820039000002,g74484
22820039000060,g74484
22821036000015,g74485
22821036000039,g74485
22821036000042,g74485
22821036000124,g74485
22821036000268,g74485
22821036000309,g74485
12821019002165,g74485
12818019005456,g74485
12820019000399,g74485
12820019000636,g74485
12820019001572,g74485
22820036000256,g74485
22820036000267,g74485
12822019001003,g74485
22819036000129,g74485
12819019003079,g74485
12821019000736,g74485
22823040000140,g74486
22823040000142,g74486
22823040000143,g74486
22823040000147,g74486
22823040000149,g74486
22823040000150,g74486
22823040000152,g74486
22823040000154,g74486
22823040000157,g74486
22823040000189,g74486
22825040000049,g74486
22825040000050,g74486
22825040000055,g74486
22825040000073,g74486
22824040000188,g74486
22824040000189,g74486
22824040000198,g74486
12821019001819,g74487
22821036000571,g74487
22821036000657,g74487
12822019000087,g74487
22822036000176,g74487
22822036000436,g74487
22822036000588,g74487
22822036000624,g74487
22822036000636,g74487
22822036000645,g74487
22818019005569,g74487
12824019000491,g74487
22818019008243,g74487
22818019008734,g74487
22818019008781,g74487
22817019000153,g74487
22820041000012,g74488
22817019004270,g74488
12823019000182,g74488
22822041000335,g74488
22824041000390,g74488
12820019000140,g74488
12820019002050,g74488
22818019001658,g74488
22821041000278,g74488
22821041000827,g74488
22818019005833,g74488
22818019006538,g74488
12817019002733,g74488
22823041000317,g74488
22823041000400,g74488
22825041000080,g74488
12821019002129,g74489
12823019000153,g74489
22821048000026,g74489
22821048000109,g74489
22821048000132,g74489
22821048000213,g74489
22821048000488,g74489
22821048000497,g74489
12825019001259,g74489
22823048000115,g74489
22823048000305,g74489
22825048000222,g74489
12822019002327,g74489
12824019000399,g74489
22822048000391,g74489
22824048000051,g74489
22822035000076,g74490
22822035000077,g74490
22822035000078,g74490
22822035000079,g74490
22822035000080,g74490
22822035000081,g74490
22822035000083,g74490
22822035000082,g74490
22822035000095,g74490
22822035000096,g74490
22822035000414,g74490
22824035000414,g74490
12822019000518,g74490
12822019000521,g74490
12822019000520,g74490
22823035000036,g74490
22821040000789,g74491
22821040000970,g74491
22821040000984,g74491
12816019001493,g74491
12823019001220,g74491
22823040000214,g74491
12825019001863,g74491
22824041000081,g74491
22825040000216,g74491
12822019000156,g74491
12822019000512,g74491
12822019001033,g74491
22822040000132,g74491
22822040000159,g74491
22822040000261,g74491
12824019000637,g74491
22821034000456,g74492
22821034000611,g74492
22821034000621,g74492
22824033000349,g74492
22825034000024,g74492
12825019000813,g74492
12825019001392,g74492
22820034000104,g74492
22818019000284,g74492
22822034000503,g74492
12817019002642,g74492
22826034000060,g74492
22821034000016,g74492
22821034000167,g74492
22821034000212,g74492
12821019001274,g74493
12821019001787,g74493
12816019000991,g74493
12816019000992,g74493
12818019002216,g74493
22820036000055,g74493
12822019000015,g74493
12822019000210,g74493
22822036000112,g74493
22822036000119,g74493
22822036000153,g74493
22824036000009,g74493
12817019003150,g74493
22824036000022,g74493
22821040000207,g74494
22821040000220,g74494
22821040000627,g74494
12820019001148,g74494
22820040000281,g74494
22820040000297,g74494
22822040000491,g74494
22822040000537,g74494
22824040000127,g74494
22824040000166,g74494
22824040000176,g74494
22824040000343,g74494
22819040000129,g74494
22819040000424,g74494
22821036000109,g74495
22821036000270,g74495
12825019001366,g74495
12820019000296,g74495
12818019006035,g74495
12822019001900,g74495
12822019002113,g74495
12822019002525,g74495
12824019001704,g74495
12824019002330,g74495
12819019002227,g74495
12819019002229,g74495
12821019000579,g74495
22821040000614,g74496
22821040000764,g74496
22821040000894,g74496
22823040000107,g74496
22823040000112,g74496
22825040000076,g74496
22825040000213,g74496
22822040000310,g74496
22822040000329,g74496
12824019001281,g74496
22824040000271,g74496
22826040000004,g74496
22826040000066,g74496
22821036000749,g74497
22821036000790,g74497
22823036000335,g74497
12818019000207,g74497
12825019001211,g74497
22825036000095,g74497
22825036000160,g74497
12825019002490,g74497
22820036000189,g74497
22822036000122,g74497
22822036000124,g74497
22824036000128,g74497
22822033000451,g74498
12823019001468,g74498
12823019002517,g74498
22824033000092,g74498
22824033000187,g74498
12818019004060,g74498
12820019001969,g74498
22821033000216,g74498
22821033000588,g74498
22821033000598,g74498
12822019001727,g74498
12824019001327,g74498
22822036000235,g74499
22822036000238,g74499
22822036000239,g74499
22822036000240,g74499
22822036000241,g74499
22822036000242,g74499
22822036000243,g74499
22822036000245,g74499
22822036000248,g74499
22822036000249,g74499
22822036000250,g74499
22822036000252,g74499
22822033000247,g74500
22822033000252,g74500
22822033000499,g74500
22824033000110,g74500
12825019000864,g74500
22821033000393,g74500
12822019001658,g74500
22823033000006,g74500
22823033000057,g74500
12824019001306,g74500
22825033000215,g74500
22822033000259,g74501
22822033000342,g74501
22824033000379,g74501
22826033000066,g74501
12820019001664,g74501
22821033000142,g74501
22821033000710,g74501
22821033000811,g74501
12822019002575,g74501
22825033000129,g74501
22820033000191,g74501
12821019002838,g74502
12821019003214,g74502
12823019002158,g74502
12823019002249,g74502
12825019001124,g74502
12822019000576,g74502
12822019002294,g74502
12822019002295,g74502
12824019001599,g74502
12824019001600,g74502
22824040000036,g74502
12821019002985,g74503
12816019000213,g74503
12816019000221,g74503
22822041000175,g74503
22819041000250,g74503
22821041000857,g74503
22818019007731,g74503
12817019003575,g74503
12819019000421,g74503
22825041000125,g74503
22825041000302,g74503
22822033000574,g74504
22824033000145,g74504
22824033000194,g74504
12825019000338,g74504
12820019000299,g74504
22823033000125,g74504
22823033000283,g74504
22823033000306,g74504
22823033000319,g74504
22825033000192,g74504
22820033000049,g74504
12821019003298,g74505
22824035000082,g74505
22824035000212,g74505
22824035000233,g74505
22824035000241,g74505
22821035000714,g74505
12822019000126,g74505
12822019000950,g74505
12822019001275,g74505
22823035000097,g74505
22818019005878,g74505
22822037000152,g74506
12825019002437,g74506
22826037000013,g74506
22821037000168,g74506
22821037000322,g74506
22821037000323,g74506
22821037000433,g74506
22818019002241,g74506
22821037000636,g74506
22818019007100,g74506
22820037000194,g74506
22823038000010,g74507
22823038000057,g74507
22823038000060,g74507
22823038000091,g74507
22820038000088,g74507
22822038000135,g74507
22822038000364,g74507
22822038000366,g74507
22822038000651,g74507
22822038000653,g74507
22819038000085,g74507
22822043000189,g74508
22822043000193,g74508
22822043000195,g74508
22822043000197,g74508
22822043000203,g74508
22822043000209,g74508
22822043000210,g74508
22822043000211,g74508
22822043000212,g74508
22822043000213,g74508
22823043000145,g74508
12821019001607,g74509
12816019000183,g74509
12816019000195,g74509
12816019000207,g74509
12816019000216,g74509
12823019001107,g74509
12825019002218,g74509
12818019004765,g74509
12822019001039,g74509
22823041000197,g74509
22820041000024,g74510
12821019002872,g74510
12821019002993,g74510
22822041000104,g74510
22822041000571,g74510
22819041000019,g74510
22821041000744,g74510
22823041000154,g74510
22825041000018,g74510
12819019003482,g74510
22822033000233,g74511
22824033000101,g74511
22824033000225,g74511
22821033000361,g74511
22821033000573,g74511
22823033000102,g74511
22823033000267,g74511
22825033000089,g74511
22820033000187,g74511
22820033000206,g74511
22822035000239,g74512
22822035000547,g74512
12825019000699,g74512
22816019000861,g74512
22821035000126,g74512
22821035000279,g74512
22821035000311,g74512
22821035000485,g74512
22818019004023,g74512
12822019002284,g74512
12816019000288,g74513
22821042001265,g74513
22821042001483,g74513
22823042000785,g74513
22823042000986,g74513
12822019002552,g74513
22822042000518,g74513
22822042000617,g74513
22824042000039,g74513
22824042000656,g74513
12816019001043,g74514
12818019003116,g74514
12825019002607,g74514
12820019000337,g74514
12820019000692,g74514
12822019000879,g74514
12817019000367,g74514
12819019000140,g74514
12819019002664,g74514
12821019000353,g74514
12821019001255,g74515
22821036000703,g74515
12821019002598,g74515
12816019000934,g74515
12816019002057,g74515
12818019001858,g74515
12817019000966,g74515
12817019001344,g74515
12821019000346,g74515
12821019001540,g74516
12821019002193,g74516
12823019000967,g74516
12823019001052,g74516
12825019002419,g74516
12818019006393,g74516
12820019001742,g74516
12822019000199,g74516
12817019003666,g74516
12821019001570,g74517
22822037000258,g74517
22822037000624,g74517
22824037000174,g74517
22821037000343,g74517
12822019000507,g74517
22823037000053,g74517
22823037000159,g74517
22823037000165,g74517
22820041000043,g74518
22820041000062,g74518
22822041000151,g74518
22824041000398,g74518
22819041000358,g74518
22821041000509,g74518
22821041000699,g74518
12819019003125,g74518
22825041000274,g74518
22820041000253,g74519
22820041000290,g74519
22822041000198,g74519
22822041000598,g74519
12818019006017,g74519
12822019000929,g74519
12819019000732,g74519
22825041000201,g74519
22825041000202,g74519
22821036000634,g74520
12822019000233,g74520
12822019000300,g74520
12822019000306,g74520
12822019001007,g74520
12822019001476,g74520
12824019000435,g74520
12824019000838,g74520
12824019000839,g74520
22821038000068,g74521
22821038000601,g74521
22821038000718,g74521
12825019000768,g74521
22818038000025,g74521
22825038000170,g74521
12818019005524,g74521
12820019002121,g74521
22820038000087,g74521
22822035000149,g74522
22822035000489,g74522
22822035000605,g74522
22826035000001,g74522
22826035000098,g74522
22821035000219,g74522
22821035000544,g74522
22821035000659,g74522
22823035000030,g74522
12816019000500,g74523
12816019001379,g74523
12825019000346,g74523
12825019000440,g74523
12825019000542,g74523
12825019000628,g74523
12818019004517,g74523
12824019001364,g74523
12819019000456,g74523
12823019000807,g74524
22826033000048,g74524
12820019001728,g74524
22821033000130,g74524
22821033000132,g74524
22821033000419,g74524
22823033000301,g74524
22818019009910,g74524
22820033000109,g74524
22821044000645,g74525
22821044000877,g74525
22823044000006,g74525
22823044000129,g74525
22823044000715,g74525
22825044000719,g74525
22820044000467,g74525
22822044000256,g74525
22824044000631,g74525
12825019000507,g74526
12818019002921,g74526
12818019002931,g74526
12818019004424,g74526
12818019004480,g74526
12822019001002,g74526
22822036000542,g74526
22818019005377,g74526
12824019001113,g74526
12820019001107,g74527
12820019002086,g74527
12822019001444,g74527
22822042000595,g74527
12819019000313,g74527
12819019000314,g74527
12819019001910,g74527
12819019002366,g74527
12819019002418,g74527
22822036000317,g74528
22822036000318,g74528
22822036000322,g74528
22822036000331,g74528
22822036000332,g74528
22822036000338,g74528
22822036000341,g74528
22822036000343,g74528
22822036000360,g74528
12821019000970,g74529
22824035000203,g74529
22824035000204,g74529
22824035000211,g74529
22824035000213,g74529
22824035000222,g74529
22825035000214,g74529
22825035000245,g74529
12821019001203,g74530
12816019002055,g74530
12825019000970,g74530
12818019003632,g74530
12818019003827,g74530
12818019004217,g74530
12817019000327,g74530
12817019002269,g74530
12821019001292,g74531
12823019001338,g74531
12820019000995,g74531
12820019001635,g74531
12820019002130,g74531
12822019001004,g74531
12822019001016,g74531
12824019000916,g74531
12821019001300,g74532
12821019003041,g74532
12825019001234,g74532
12825019002332,g74532
12818019004903,g74532
22824036000032,g74532
22824036000054,g74532
12824019002276,g74532
12821019001400,g74533
22826042000069,g74533
22826042000382,g74533
12818019002241,g74533
22825042000710,g74533
22822042000255,g74533
22822042000833,g74533
12824019001243,g74533
12821019001562,g74534
12821019001665,g74534
12821019002398,g74534
12821019003128,g74534
12816019000864,g74534
22823036000119,g74534
22816019000232,g74534
22822036000066,g74534
22818019017464,g74535
22822033000156,g74535
12823019002277,g74535
12825019000435,g74535
22823033000086,g74535
12824019001236,g74535
22825033000230,g74535
22820033000029,g74535
22821036000416,g74536
22821036000521,g74536
22823036000092,g74536
22823036000197,g74536
22822036000259,g74536
22822036000560,g74536
22822036000651,g74536
22826036000008,g74536
22820041000149,g74537
22820041000151,g74537
12825019001953,g74537
22824041000345,g74537
22826041000093,g74537
22826041000094,g74537
22821041000159,g74537
22821041000256,g74537
12821019002451,g74538
22821040000310,g74538
12825019001519,g74538
12822019001344,g74538
22822040000408,g74538
12817019000750,g74538
12824019000141,g74538
22824040000247,g74538
22821038000804,g74539
22818038000117,g74539
22822038000069,g74539
22822038000206,g74539
22822038000581,g74539
22824038000059,g74539
22826038000016,g74539
22826038000021,g74539
22826046000038,g74540
22821046000096,g74540
22821046000415,g74540
22818046000104,g74540
22822046000165,g74540
22822046000174,g74540
22823045000271,g74540
22823045000274,g74540
22821042000103,g74541
22821042000885,g74541
12823019001950,g74541
22823042000139,g74541
22825042000220,g74541
22820042000142,g74541
22818019008376,g74541
22824042000869,g74541
22822037000582,g74542
12825019001751,g74542
12820019000004,g74542
22821037000531,g74542
12822019000383,g74542
22818019007808,g74542
22825037000163,g74542
12821019000187,g74542
22823034000142,g74543
22820034000069,g74543
22820034000136,g74543
12820019001923,g74543
22822034000222,g74543
22819034000557,g74543
22821034000187,g74543
22821034000254,g74543
22823036000367,g74544
12825019001077,g74544
22822036000329,g74544
22822036000480,g74544
22822036000493,g74544
22822036000578,g74544
22824036000038,g74544
22824036000049,g74544
22822041000048,g74545
22824041000114,g74545
22818019001109,g74545
22821041000106,g74545
22821041000255,g74545
22818019005841,g74545
22818041000321,g74545
22817019002220,g74545
22822041000049,g74546
22822041000363,g74546
12820019001562,g74546
22821041000145,g74546
12822019002476,g74546
12817019000763,g74546
22818041000254,g74546
22825041000085,g74546
12818019001184,g74547
12822019001379,g74547
12822019001996,g74547
12819019001529,g74547
22824042000286,g74547
12819019001782,g74547
22819042000338,g74547
22819042000357,g74547
22824037000172,g74548
22824037000237,g74548
22824037000253,g74548
22819037000177,g74548
22819037000178,g74548
22826037000027,g74548
22821037000374,g74548
22820037000099,g74548
22824041000056,g74549
22820036000048,g74549
22819041000060,g74549
22819041000152,g74549
22819041000210,g74549
22821041000532,g74549
22823041000413,g74549
22823041000476,g74549
12824019000421,g74550
22818019013612,g74550
22824048000066,g74550
22824048000067,g74550
22824048000072,g74550
22824048000108,g74550
22824048000255,g74550
22824048000300,g74550
12821019001241,g74551
22819046000060,g74551
12823019000862,g74551
22825046000032,g74551
22825046000285,g74551
12824019000817,g74551
22824046000343,g74551
12821019001791,g74552
12818019000729,g74552
12818019000771,g74552
22818019005505,g74552
12817019000926,g74552
12817019002036,g74552
12824019001753,g74552
22821036000349,g74553
22817019004103,g74553
22816019000179,g74553
22816019000180,g74553
12818019004363,g74553
22822036000156,g74553
22818019004555,g74553
22821036000430,g74554
22820036000285,g74554
22818019007089,g74554
12824019000519,g74554
22824036000062,g74554
22824036000108,g74554
22817019000075,g74554
22820041000120,g74555
22820041000173,g74555
22820041000263,g74555
22822041000119,g74555
22822041000212,g74555
22822041000369,g74555
22824041000411,g74555
22820041000181,g74556
22822041000112,g74556
22824041000088,g74556
22824041000391,g74556
22819041000510,g74556
22821041000907,g74556
22823041000182,g74556
22821036000587,g74557
12821019003069,g74557
22823036000220,g74557
22825036000083,g74557
22820036000014,g74557
22822036000665,g74557
22824036000135,g74557
12821019002413,g74558
12821019002567,g74558
12823019000403,g74558
22821039000686,g74558
22821039001007,g74558
12822019002583,g74558
12824019001555,g74558
22819048000169,g74559
22819048000278,g74559
22825048000038,g74559
22825048000041,g74559
22825048000054,g74559
22825048000310,g74559
22824048000027,g74559
22822035000101,g74560
22824035000331,g74560
22824035000452,g74560
12825019000140,g74560
12825019002485,g74560
12822019001421,g74560
22825035000261,g74560
22822035000243,g74561
22822035000365,g74561
22822035000653,g74561
22821035000133,g74561
22823035000183,g74561
22823035000281,g74561
22823035000384,g74561
22822037000005,g74562
22824037000163,g74562
22821037000110,g74562
22821037000576,g74562
22823037000001,g74562
22825037000222,g74562
22818019015094,g74562
22822037000023,g74563
22824037000173,g74563
12825019001725,g74563
22819037000326,g74563
22823037000235,g74563
22825037000211,g74563
22820037000186,g74563
22822037000501,g74564
22824037000109,g74564
12820019002025,g74564
12820019002026,g74564
22821037000361,g74564
12822019002930,g74564
12824019000641,g74564
22823034000206,g74565
12818019000520,g74565
12825019001488,g74565
12820019000723,g74565
22824034000153,g74565
12824019001453,g74565
22818019012499,g74565
22822039000297,g74566
22822039000341,g74566
22821039000023,g74566
22821039000391,g74566
22821039001035,g74566
22823039000391,g74566
22823039000408,g74566
22821042001373,g74567
22821042001387,g74567
22825042000059,g74567
22825042000086,g74567
22822042000657,g74567
22824042000066,g74567
22824042000808,g74567
22823036000002,g74568
22823036000283,g74568
22823036000293,g74568
22825036000087,g74568
22825036000102,g74568
22822036000394,g74568
22823035000100,g74568
22822041000297,g74569
22822041000631,g74569
12818019006407,g74569
12820019001988,g74569
12822019001881,g74569
22821041000031,g74569
22823041000061,g74569
12823019002236,g74570
22825034000071,g74570
22825034000100,g74570
12825019001016,g74570
12820019001815,g74570
22822034000119,g74570
22821034000209,g74570
22822041000413,g74571
22822041000451,g74571
22822041000463,g74571
22826041000042,g74571
22821041000514,g74571
22823041000073,g74571
22825041000260,g74571
22822045000054,g74572
22822045000318,g74572
22822045000360,g74572
22824045000015,g74572
22824045000182,g74572
22821045000098,g74572
12821019000382,g74572
22822045000090,g74573
22822045000295,g74573
12825019000733,g74573
22816019001086,g74573
22824045000209,g74573
22826045000018,g74573
22821045000090,g74573
12818019002278,g74574
22818019010758,g74574
22817019000396,g74574
22817019000448,g74574
22817019000507,g74574
22817019001024,g74574
22820037000176,g74574
22825039000257,g74575
22825039000258,g74575
22825039000261,g74575
22825039000273,g74575
22825039000275,g74575
22825039000281,g74575
22825039000284,g74575
12821019000872,g74576
22818019017739,g74576
12823019001122,g74576
22821046000674,g74576
22822046000341,g74576
22824046000371,g74576
12821019000892,g74577
12821019001016,g74577
12821019001548,g74577
12821019001793,g74577
22822035000033,g74577
22818019016440,g74577
12821019000924,g74578
12816019001888,g74578
12818019000657,g74578
22821041000728,g74578
12817019001412,g74578
12817019003856,g74578
22820039000438,g74579
22824039000036,g74579
22824039000441,g74579
22826039000212,g74579
22821039000670,g74579
12826019000490,g74579
12821019001341,g74580
22822039000474,g74580
12822019000417,g74580
12822019001182,g74580
22821039000540,g74580
12819019000610,g74580
12821019001481,g74581
22821042001024,g74581
22821042001369,g74581
22822042001172,g74581
22824042000460,g74581
12819019002722,g74581
22826042000089,g74582
22821042000120,g74582
22823042000003,g74582
22823042000114,g74582
22823042000291,g74582
12821019000573,g74582
12821019001800,g74583
22821048000108,g74583
12825019001447,g74583
12820019000032,g74583
22820048000049,g74583
12824019000590,g74583
22820041000006,g74584
22822041000032,g74584
22822041000159,g74584
22824041000295,g74584
22819041000262,g74584
22821041000630,g74584
22821036000479,g74585
12821019002676,g74585
22823036000248,g74585
12818019000984,g74585
12818019003314,g74585
12818019003519,g74585
22821036000498,g74586
22820036000167,g74586
22820036000251,g74586
22822036000205,g74586
22824036000151,g74586
22821034000246,g74586
12821019002169,g74587
22817019005287,g74587
12816019001405,g74587
22823036000378,g74587
12822019002737,g74587
12817019003744,g74587
22821036000618,g74588
22825036000076,g74588
12817019003138,g74588
22824036000142,g74588
22824036000168,g74588
22819036000518,g74588
22822033000019,g74589
22822033000188,g74589
22822033000438,g74589
22821033000819,g74589
22825033000013,g74589
22825033000306,g74589
22822033000090,g74590
12820019000225,g74590
22821033000246,g74590
12822019000951,g74590
22823033000340,g74590
22825033000062,g74590
22822033000110,g74591
22824033000169,g74591
22826033000013,g74591
22826033000084,g74591
22821033000355,g74591
22825033000171,g74591
22822033000128,g74592
22824033000239,g74592
12825019001126,g74592
22821033000635,g74592
12817019000263,g74592
12817019002121,g74592
22822033000157,g74593
22824033000128,g74593
22824033000147,g74593
22819033000367,g74593
22819033000766,g74593
12817019001220,g74593
22822033000161,g74594
22824033000054,g74594
22824033000151,g74594
12825019000384,g74594
22823033000167,g74594
12824019000176,g74594
12821019002772,g74595
12821019002839,g74595
22822035000312,g74595
22824035000456,g74595
22821035000624,g74595
12817019003235,g74595
22822033000581,g74596
22821033000658,g74596
22821033000667,g74596
22823033000217,g74596
22818033000583,g74596
22825033000186,g74596
22822033000601,g74597
22824033000383,g74597
22821033000645,g74597
22821033000722,g74597
22821033000759,g74597
22823033000226,g74597
22821038000666,g74598
22823038000279,g74598
22818038000251,g74598
22818038000252,g74598
22818019001517,g74598
22822038000503,g74598
22822035000070,g74599
22822035000094,g74599
22822035000500,g74599
22824035000107,g74599
12822019000987,g74599
12824019000734,g74599
22822035000169,g74600
22822035000551,g74600
12825019001978,g74600
12822019002007,g74600
22823035000437,g74600
22818035000308,g74600
22821040000863,g74601
22823040000042,g74601
22823040000144,g74601
22822040000052,g74601
22822040000080,g74601
22824040000258,g74601
22822037000037,g74602
22824037000033,g74602
22821037000637,g74602
22825037000037,g74602
22825037000039,g74602
22818019015114,g74602
22822037000102,g74603
22822037000111,g74603
22822037000349,g74603
22820037000022,g74603
22820037000073,g74603
22820037000088,g74603
22822037000203,g74604
22822037000503,g74604
22818019002902,g74604
12819019000510,g74604
22825037000201,g74604
22820037000055,g74604
22821042000036,g74605
22823042000245,g74605
22822042000604,g74605
12824019002295,g74605
22824042000118,g74605
22824042000441,g74605
22822037000381,g74606
22822037000547,g74606
22824037000087,g74606
22819037000427,g74606
12824019001415,g74606
22825037000003,g74606
22821042000505,g74607
22821042001287,g74607
22820042000255,g74607
22822042000736,g74607
22824042000296,g74607
22824044000511,g74607
22822039000124,g74608
22826039000115,g74608
22821039000731,g74608
12822019002632,g74608
12822019002910,g74608
22823039000207,g74608
22821042001061,g74609
12823019001026,g74609
12818019001929,g74609
12822019000331,g74609
12822019001175,g74609
22822042000033,g74609
22823036000012,g74610
22823036000288,g74610
22822036000420,g74610
22822036000440,g74610
22822036000570,g74610
12817019002070,g74610
22823036000160,g74611
22818036000198,g74611
22822036000179,g74611
22822036000181,g74611
22822036000257,g74611
22822036000263,g74611
22822041000180,g74612
12825019001578,g74612
22821041000824,g74612
22821041000878,g74612
22823041000307,g74612
22825041000088,g74612
22822041000272,g74613
22822041000275,g74613
22822041000281,g74613
22824041000047,g74613
22824041000078,g74613
22824041000083,g74613
22822041000411,g74614
22824041000022,g74614
22816019000637,g74614
22821041000219,g74614
22821041000611,g74614
22818041000179,g74614
22822041000415,g74615
22824041000095,g74615
22819041000304,g74615
22821041000375,g74615
22821041000863,g74615
22825041000033,g74615
12823019002348,g74616
12825019002043,g74616
12825019002632,g74616
22821037000203,g74616
22821037000327,g74616
12821019000470,g74616
12818019000154,g74617
22818019001562,g74617
22818019001563,g74617
22818019001841,g74617
12822019002611,g74617
22820037000101,g74617
22824035000221,g74618
22821035000205,g74618
22821035000214,g74618
22821035000442,g74618
22823035000101,g74618
22823035000176,g74618
22823040000320,g74619
12822019000904,g74619
12817019000516,g74619
12824019001684,g74619
22824040000159,g74619
22824040000269,g74619
12818019000727,g74620
12818019001103,g74620
12818019003032,g74620
12825019002349,g74620
12818019005382,g74620
12817019003676,g74620
22824037000219,g74621
22821037000149,g74621
22823037000307,g74621
22818037000071,g74621
22820037000007,g74621
22820037000288,g74621
22824039000161,g74622
22824039000204,g74622
22826039000157,g74622
22821039001017,g74622
22825039000081,g74622
22825039000361,g74622
22823044000582,g74623
22820044000272,g74623
22820044000386,g74623
22820044000387,g74623
22822044000457,g74623
12824019002405,g74623
12818019003270,g74624
12818019003522,g74624
12819019001098,g74624
12819019001414,g74624
12821019000235,g74624
12821019000629,g74624
22819037000094,g74625
22821037000074,g74625
22821037000412,g74625
22818019006831,g74625
12824019001916,g74625
12824019001975,g74625
22826035000035,g74626
22825035000077,g74626
22825035000080,g74626
22825035000092,g74626
22820035000156,g74626
22820035000189,g74626
12820019000083,g74627
12822019000815,g74627
12822019003013,g74627
12817019000234,g74627
12817019001404,g74627
12819019003176,g74627
22821033000084,g74628
22821033000144,g74628
22821033000668,g74628
22825033000070,g74628
22820033000114,g74628
22820033000152,g74628
22818019005185,g74629
22818019009792,g74629
22818019009807,g74629
22818019009867,g74629
22818019009888,g74629
22818019015190,g74629
22820039000263,g74630
22824039000047,g74630
22825039000222,g74630
22820039000053,g74630
22820039000056,g74630
12821019001045,g74631
12816019002186,g74631
12822019002940,g74631
12819019001002,g74631
12819019001003,g74631
22821034000654,g74632
22820034000055,g74632
22822034000504,g74632
22824034000030,g74632
22819034000675,g74632
12821019001120,g74633
12816019000337,g74633
22821042001545,g74633
22821042001776,g74633
22823042000965,g74633
22820039000368,g74634
12818019005034,g74634
22819039000026,g74634
22825039000003,g74634
22825039000117,g74634
22820039000408,g74635
22822039000234,g74635
22821039000876,g74635
22818039000190,g74635
22825039000011,g74635
22820039000416,g74636
22822039000195,g74636
22824039000189,g74636
22825039000392,g74636
22820039000063,g74636
12821019001492,g74637
12821019001798,g74637
12821019002023,g74637
22821038000362,g74637
12819019000675,g74637
22826042000051,g74638
22825042000476,g74638
22824042000102,g74638
22824042000115,g74638
22824042000610,g74638
22826042000129,g74639
22821042000393,g74639
22823042000348,g74639
12822019002369,g74639
22824042000641,g74639
22826042000241,g74640
22823042000157,g74640
22823042000455,g74640
22823042000784,g74640
22822042001178,g74640
22826042000291,g74641
22823042000016,g74641
22825042000099,g74641
22825042000145,g74641
12824019000349,g74641
22825047000012,g74642
22820047000004,g74642
22822047000137,g74642
22826047000075,g74642
22823047000060,g74642
22826042000373,g74643
22823042000835,g74643
12825019000837,g74643
22824042000128,g74643
22824042000522,g74643
22821036000256,g74644
22821036000619,g74644
22821036000779,g74644
22823036000013,g74644
22822036000278,g74644
22820041000020,g74645
22820041000036,g74645
22826041000070,g74645
22821041000840,g74645
22823041000050,g74645
22820041000060,g74646
22819041000177,g74646
22818019000816,g74646
22821041000877,g74646
22823041000430,g74646
22820041000237,g74647
22822041000499,g74647
12824019002044,g74647
22823041000399,g74647
12819019002189,g74647
12821019002198,g74648
12821019003193,g74648
12818019001592,g74648
12822019000411,g74648
12821019000564,g74648
22820041000303,g74649
22824041000162,g74649
22819041000031,g74649
22821041000783,g74649
22825041000327,g74649
12821019002234,g74650
22822037000407,g74650
22824037000186,g74650
12818019005127,g74650
12824019001037,g74650
12821019002241,g74651
12825019002615,g74651
12820019000285,g74651
12824019001660,g74651
12826019000679,g74651
22820041000328,g74652
22819033000686,g74652
22824041000052,g74652
22823041000405,g74652
22823041000451,g74652
12821019002356,g74653
22823036000037,g74653
12825019001222,g74653
22825036000069,g74653
22820036000099,g74653
22821036000782,g74654
12821019002944,g74654
12816019000914,g74654
12817019001196,g74654
12821019000266,g74654
22822033000029,g74655
22822033000277,g74655
22822033000697,g74655
22821033000199,g74655
22821033000850,g74655
22822033000174,g74656
22822033000343,g74656
22824033000078,g74656
22821033000456,g74656
22823033000374,g74656
22822033000248,g74657
12823019001645,g74657
12820019001734,g74657
12817019000459,g74657
22825033000262,g74657
12821019002728,g74658
12816019000513,g74658
12817019003900,g74658
12819019000350,g74658
22818019013097,g74658
22821038000137,g74659
12823019002030,g74659
12825019000710,g74659
12825019001855,g74659
12826019000162,g74659
22821038000165,g74660
22822038000056,g74660
22822038000057,g74660
22822038000513,g74660
22824038000121,g74660
22821038000305,g74661
22823038000123,g74661
22823038000378,g74661
12822019000568,g74661
22824038000011,g74661
22821038000638,g74662
12820019000904,g74662
22820038000121,g74662
12817019000725,g74662
22819038000440,g74662
22821038000712,g74663
22821038000756,g74663
22818038000146,g74663
22822038000073,g74663
22824038000306,g74663
22822035000057,g74664
12823019001944,g74664
22824035000190,g74664
22826035000018,g74664
22823035000179,g74664
22822035000358,g74665
22822035000554,g74665
22819035000104,g74665
22821035000376,g74665
22818035000078,g74665
22822035000448,g74666
22822035000449,g74666
22822035000451,g74666
22822035000455,g74666
22824035000306,g74666
22821040000144,g74667
22823040000085,g74667
22821039000298,g74667
22822040000448,g74667
22822040000685,g74667
22821040000159,g74668
22821040000333,g74668
22823040000248,g74668
22824040000118,g74668
22826040000104,g74668
22821040000403,g74669
22823040000408,g74669
22822040000418,g74669
22824040000256,g74669
22826040000131,g74669
22821040000692,g74670
12817019001847,g74670
12817019001863,g74670
22824040000128,g74670
22824040000214,g74670
22821040000703,g74671
22823040000092,g74671
22825040000297,g74671
12820019001149,g74671
22822040000677,g74671
22822037000055,g74672
22824037000168,g74672
12818019002098,g74672
12819019001444,g74672
12819019002257,g74672
22822037000124,g74673
22822037000275,g74673
12820019000339,g74673
22823037000107,g74673
22820037000100,g74673
22822037000138,g74674
22822037000218,g74674
22822037000538,g74674
22824037000127,g74674
22826037000034,g74674
22822037000182,g74675
22824037000155,g74675
22820037000171,g74675
22820037000268,g74675
22820037000319,g74675
22822037000214,g74676
22824037000188,g74676
12818019002980,g74676
22821037000469,g74676
12822019001342,g74676
22822037000304,g74677
12825019000705,g74677
12822019002629,g74677
12822019002865,g74677
22817019000530,g74677
22822037000492,g74678
22819037000365,g74678
22823037000191,g74678
22818019007925,g74678
22820037000065,g74678
12823019000201,g74679
12823019000205,g74679
22823036000006,g74679
22823036000074,g74679
12822019001933,g74679
22822037000602,g74680
22824037000059,g74680
22823037000037,g74680
22823037000208,g74680
12824019001710,g74680
22820047000087,g74681
22820047000117,g74681
22819047000208,g74681
22823047000046,g74681
22823047000131,g74681
12823019000447,g74682
22821035000045,g74682
12822019003010,g74682
12824019002257,g74682
22824040000010,g74682
12823019000882,g74683
12825019002008,g74683
22820042000615,g74683
22822042000275,g74683
22822042000573,g74683
12823019001050,g74684
22822041000513,g74684
22824041000320,g74684
22818019006292,g74684
22823041000327,g74684
22822039000438,g74685
22822039000560,g74685
12825019000636,g74685
22825039000059,g74685
22820039000025,g74685
22823036000029,g74686
22822036000675,g74686
22822036000680,g74686
22822036000681,g74686
22822036000687,g74686
22822041000390,g74687
22824041000236,g74687
22824041000280,g74687
22821041000885,g74687
22823041000099,g74687
22822043000190,g74688
22822043000191,g74688
22822043000192,g74688
22822043000198,g74688
22823043000140,g74688
22821048000412,g74689
12820019000573,g74689
12822019000611,g74689
12824019001247,g74689
22824048000240,g74689
22824037000080,g74690
22824037000092,g74690
22821033000542,g74690
22821037000026,g74690
22823037000112,g74690
22823042000019,g74691
22823042000141,g74691
22823042000805,g74691
22825042000331,g74691
22825042000428,g74691
12825019000308,g74692
12825019001640,g74692
12825019001931,g74692
12820019001678,g74692
12822019002500,g74692
12825019000317,g74693
12825019001497,g74693
12822019001037,g74693
22826040000078,g74693
12821019000566,g74693
22823042000420,g74694
22822042000763,g74694
22822042000925,g74694
22824042000590,g74694
22824042000773,g74694
12825019001539,g74695
12822019000496,g74695
12822019002016,g74695
12817019001938,g74695
12819019002464,g74695
22819033000739,g74696
22821033000160,g74696
12822019001076,g74696
22823033000173,g74696
12826019000768,g74696
22816019000763,g74697
22821037000350,g74697
22821037000504,g74697
12817019003977,g74697
22820037000189,g74697
22826033000045,g74698
22821033000672,g74698
22823033000009,g74698
22818019013155,g74698
22820033000181,g74698
22825038000310,g74699
22822038000089,g74699
12817019003499,g74699
12817019003500,g74699
12817019003502,g74699
12818019005005,g74700
12822019002624,g74700
12817019001671,g74700
12824019001773,g74700
12826019000604,g74700
12818019006030,g74701
12822019000532,g74701
12822019002025,g74701
12819019001008,g74701
12826019000121,g74701
22819039000231,g74702
22826039000005,g74702
22823039000176,g74702
22823039000208,g74702
12817019002807,g74702
12820019001776,g74703
22821037000102,g74703
12822019002143,g74703
12822019002438,g74703
12819019002909,g74703
22821035000292,g74704
22821035000747,g74704
12822019001495,g74704
22823035000002,g74704
22823035000239,g74704
12822019000961,g74705
12822019002881,g74705
12822019002989,g74705
12826019000626,g74705
12821019000552,g74705
12822019002252,g74706
12822019002297,g74706
12822019002340,g74706
12822019002516,g74706
12822019002911,g74706
22823041000361,g74707
22823041000376,g74707
22823041000382,g74707
22823041000388,g74707
22823041000396,g74707
22821034000421,g74708
22821034000432,g74708
22821034000577,g74708
22825034000181,g74708
22820039000116,g74709
12821019000948,g74709
12821019003005,g74709
22818019005197,g74709
12821019000916,g74710
12821019001030,g74710
12821019001036,g74710
12820019000149,g74710
22820039000206,g74711
22822039000368,g74711
22819039000300,g74711
12819019001468,g74711
22821034000544,g74712
12821019002132,g74712
22822039000841,g74712
22824039000223,g74712
22820039000248,g74713
22824039000037,g74713
22821039001064,g74713
22821039001228,g74713
12821019001057,g74714
12818019005838,g74714
12818019006428,g74714
12819019002294,g74714
12821019001159,g74715
22824037000047,g74715
12822019001496,g74715
22820037000278,g74715
22820039000445,g74716
22822039000314,g74716
22822039000549,g74716
22821039000743,g74716
12821019001275,g74717
22823036000390,g74717
12818019001316,g74717
12817019002398,g74717
12821019001304,g74718
12816019000686,g74718
12818019003752,g74718
12822019001011,g74718
12821019001361,g74719
12823019000067,g74719
12820019000393,g74719
12822019002039,g74719
12821019001545,g74720
12825019001002,g74720
12822019000153,g74720
12824019000247,g74720
22826042000203,g74721
22826042000204,g74721
22823042000035,g74721
22823042000058,g74721
22826042000256,g74722
22821042001148,g74722
22821042001163,g74722
22823042000130,g74722
22817019003796,g74723
22821038000411,g74723
12816019001059,g74723
12823019000582,g74723
22821036000171,g74724
22822037000302,g74724
22821037000608,g74724
22820037000060,g74724
22821036000181,g74725
22821036000310,g74725
22821036000556,g74725
22823036000127,g74725
22821036000194,g74726
12822019001601,g74726
12817019001305,g74726
12824019002052,g74726
12821019001806,g74727
12821019002950,g74727
12825019001791,g74727
12824019000658,g74727
12821019001818,g74728
22821041000424,g74728
12824019000195,g74728
12826019000607,g74728
22826042000366,g74729
22825042000652,g74729
12824019001834,g74729
22824042000700,g74729
12821019001881,g74730
12820019001658,g74730
22821037000341,g74730
22820037000107,g74730
22821036000288,g74731
22822036000435,g74731
22824036000079,g74731
22817019001696,g74731
22825047000098,g74732
22822047000117,g74732
22824047000120,g74732
22824047000169,g74732
12821019001927,g74733
22821046000743,g74733
22820046000297,g74733
12819019000661,g74733
22821036000346,g74734
22820034000031,g74734
22822036000386,g74734
22822036000495,g74734
12821019001946,g74735
22819048000113,g74735
22822048000255,g74735
12819019001677,g74735
22821036000372,g74736
22817019004116,g74736
22821036000716,g74736
22818019005319,g74736
22820041000061,g74737
22822041000409,g74737
22824041000227,g74737
22823041000425,g74737
22821036000411,g74738
22821036000582,g74738
22822036000500,g74738
22824036000110,g74738
22820041000093,g74739
12820019000615,g74739
22821041000847,g74739
22823041000120,g74739
22820041000182,g74740
22822041000252,g74740
12825019002248,g74740
22826041000123,g74740
22820041000197,g74741
22822041000185,g74741
22821041000105,g74741
22821041000574,g74741
22821036000518,g74742
22822036000481,g74742
22822036000507,g74742
22824036000171,g74742
22820041000207,g74743
22822041000072,g74743
22819041000109,g74743
22825041000290,g74743
22817019004213,g74744
22824041000353,g74744
22821041000329,g74744
22825041000298,g74744
22821036000727,g74745
12816019000507,g74745
22819036000319,g74745
22818019012751,g74745
22821036000784,g74746
22822036000409,g74746
22819036000099,g74746
22817019001997,g74746
22822033000021,g74747
22819033000609,g74747
22821033000786,g74747
22821035000144,g74747
22822033000028,g74748
12823019000955,g74748
22821033000881,g74748
22825033000309,g74748
22822033000115,g74749
22821033000228,g74749
12822019002072,g74749
12824019001547,g74749
22822033000142,g74750
22821033000265,g74750
22823033000234,g74750
22823033000337,g74750
22821038000017,g74751
12823019000552,g74751
22822038000558,g74751
22819038000175,g74751
12821019002830,g74752
12820019001283,g74752
22820040000038,g74752
22822040000021,g74752
22822033000422,g74753
22821033000695,g74753
22823033000223,g74753
22825033000319,g74753
12821019002884,g74754
12823019000975,g74754
12823019002146,g74754
12824019001639,g74754
22822033000508,g74755
22824033000182,g74755
22821033000307,g74755
22825033000318,g74755
12821019003001,g74756
22822037000564,g74756
22821037000553,g74756
22825037000216,g74756
22822033000641,g74757
22822033000642,g74757
22822033000682,g74757
22824033000007,g74757
22822033000675,g74758
22822033000684,g74758
22824033000293,g74758
22823033000349,g74758
22822033000676,g74759
22822033000677,g74759
12823019000071,g74759
22823033000115,g74759
12821019003226,g74760
12816019001238,g74760
12816019002231,g74760
12817019003128,g74760
22821038000488,g74761
22822038000248,g74761
22824038000007,g74761
22824038000342,g74761
12821019003246,g74762
12823019000556,g74762
12818019000774,g74762
12825019001732,g74762
22821038000512,g74763
22821038000517,g74763
22825038000127,g74763
22824038000240,g74763
22820043000201,g74764
22818019001080,g74764
22821043000406,g74764
12821019000667,g74764
12821019003324,g74765
22824033000195,g74765
12824019001517,g74765
12824019001650,g74765
22821038000827,g74766
22822039000224,g74766
12820019000750,g74766
22820038000269,g74766
12816019000043,g74767
12823019001904,g74767
12824019001888,g74767
12819019000355,g74767
22821040000054,g74768
22821040000892,g74768
22820040000115,g74768
22822040000426,g74768
22821040000136,g74769
22821040000755,g74769
22818040000053,g74769
22822040000356,g74769
22821040000255,g74770
22821040000461,g74770
22820040000023,g74770
22820040000337,g74770
22821040000404,g74771
22822039000006,g74771
12823019001745,g74771
12819019000166,g74771
12816019000746,g74772
12817019000065,g74772
12817019000070,g74772
12817019000603,g74772
22820045000132,g74773
22826045000113,g74773
22826045000129,g74773
22821045000568,g74773
22821040000504,g74774
22821040000874,g74774
12818019006123,g74774
22822040000751,g74774
22821040000522,g74775
22821040001008,g74775
12823019000992,g74775
22825040000215,g74775
12816019000985,g74776
12817019003262,g74776
12817019003261,g74776
12819019001280,g74776
22821040000805,g74777
22825040000149,g74777
22822040000204,g74777
22822040000301,g74777
22822037000108,g74778
22822037000147,g74778
22824037000175,g74778
22821037000084,g74778
22821040000957,g74779
22820040000360,g74779
22822040000479,g74779
22824040000088,g74779
22822037000217,g74780
22825037000077,g74780
22825037000078,g74780
22825037000081,g74780
22822037000223,g74781
22822037000403,g74781
22818019006788,g74781
22818019006814,g74781
22822037000226,g74782
22824037000082,g74782
22826037000070,g74782
22823037000113,g74782
22822037000253,g74783
22822037000629,g74783
22824037000068,g74783
22821037000131,g74783
22821042000005,g74784
22821042000247,g74784
22821042000245,g74784
22820042000045,g74784
22822037000332,g74785
22824037000069,g74785
12825019002155,g74785
22823037000325,g74785
22822037000361,g74786
22823037000003,g74786
22823037000266,g74786
22823037000269,g74786
22822037000382,g74787
22821037000569,g74787
22825037000162,g74787
22820037000248,g74787
22822037000402,g74788
22821037000445,g74788
22821037000628,g74788
22818019009036,g74788
22822037000513,g74789
12825019000286,g74789
12822019000146,g74789
22817019001162,g74789
12823019000195,g74790
12822019001166,g74790
22822036000042,g74790
12822019001922,g74790
22821042000360,g74791
22820042000065,g74791
22822042000415,g74791
22824042000451,g74791
12823019000326,g74792
12823019000333,g74792
12820019001404,g74792
12822019001155,g74792
22823034000015,g74793
12817019001721,g74793
22819034000414,g74793
22817019000653,g74793
12823019000663,g74794
22820046000058,g74794
12819019001076,g74794
12826019000434,g74794
12823019000677,g74795
12818019000957,g74795
22824041000283,g74795
22825041000222,g74795
12823019000698,g74796
12823019000699,g74796
12823019000700,g74796
12823019000776,g74796
22821042000833,g74797
22821042000924,g74797
22824042000069,g74797
12819019002611,g74797
22822039000101,g74798
22821039000027,g74798
22821039000150,g74798
22823039000349,g74798
12816019002426,g74799
12817019002074,g74799
12819019001671,g74799
22817019000434,g74799
12823019000891,g74800
22823039000383,g74800
12819019001295,g74800
22825039000286,g74800
22822039000122,g74801
22821039000235,g74801
22821039000369,g74801
22818019004026,g74801
22821042000962,g74802
22823042000394,g74802
22823042000850,g74802
22824042000129,g74802
22822039000141,g74803
22822039000497,g74803
22822039000626,g74803
22826039000146,g74803
12823019001096,g74804
12820019000697,g74804
22822040000053,g74804
22822040000585,g74804
22821042001191,g74805
12820019001094,g74805
12823008000225,g74805
22820042000244,g74805
22822039000366,g74806
22821039000092,g74806
22823039000126,g74806
22820039000037,g74806
22822039000539,g74807
22824039000454,g74807
22826039000142,g74807
22823039000181,g74807
22822039000564,g74808
22819039000698,g74808
22821039000083,g74808
22820039000043,g74808
12823019001443,g74809
12818019001331,g74809
22824039000317,g74809
12822019002262,g74809
22822039000766,g74810
22821039000537,g74810
22821039001041,g74810
22823039000246,g74810
22821042001648,g74811
22823042000076,g74811
22822042000693,g74811
22822042000993,g74811
12823019001592,g74812
12825019000290,g74812
12818019002681,g74812
12822019002078,g74812
22821044000558,g74813
22821044000849,g74813
12815019000008,g74813
12822019001199,g74813
12823019001704,g74814
22824045000366,g74814
22826045000151,g74814
22823045000133,g74814
22823036000155,g74815
22823036000158,g74815
22823036000159,g74815
22823036000164,g74815
12823019001902,g74816
12825019001271,g74816
12822019002987,g74816
12824019002354,g74816
22822041000410,g74817
22823041000173,g74817
22825041000337,g74817
12821019000179,g74817
12823019002339,g74818
12825019000766,g74818
12825019001184,g74818
12822019001389,g74818
22821046000261,g74819
22821046000300,g74819
22825046000072,g74819
22825046000157,g74819
22821046000341,g74820
22821046000599,g74820
22820046000082,g74820
22822046000345,g74820
22824033000186,g74821
22824033000209,g74821
12825019001242,g74821
22821033000440,g74821
22824033000238,g74822
22821033000056,g74822
22821033000131,g74822
22821033000351,g74822
22823038000035,g74823
12825019002037,g74823
22822038000609,g74823
22826038000053,g74823
22823038000128,g74824
12825019001888,g74824
22821039000362,g74824
22822038000456,g74824
22823038000170,g74825
22822038000065,g74825
22822038000649,g74825
22822038000652,g74825
12818019001050,g74826
12825019001302,g74826
12822019002672,g74826
12821019000456,g74826
22824037000060,g74827
22821037000278,g74827
22817019001639,g74827
22820037000197,g74827
22824037000078,g74828
22824037000195,g74828
22824037000267,g74828
22825037000114,g74828
22824037000091,g74829
22819037000135,g74829
22821037000182,g74829
22818037000230,g74829
22823042000026,g74830
12825019000430,g74830
12822019001373,g74830
12824019001911,g74830
12825019000096,g74831
22825036000117,g74831
22824036000160,g74831
22826036000010,g74831
22823042000275,g74832
22823042000737,g74832
12822019002026,g74832
22824042000591,g74832
22823042000573,g74833
12824019002501,g74833
22824042000261,g74833
12826019000322,g74833
22825034000088,g74834
22819034000320,g74834
22818019016276,g74834
22821034000211,g74834
22824039000151,g74835
22824039000388,g74835
22823039000283,g74835
22825039000076,g74835
12825019001042,g74836
22821041000129,g74836
22821041000675,g74836
22823041000357,g74836
22824039000324,g74837
22824039000330,g74837
22821039000591,g74837
12824019001864,g74837
12825019001094,g74838
22821035000016,g74838
22821035000043,g74838
12821019000684,g74838
22824039000335,g74839
22822042000563,g74839
22823039000133,g74839
22823039000142,g74839
12818019002946,g74840
12820019002014,g74840
12820019002015,g74840
12819019003220,g74840
12825019001579,g74841
12825019001744,g74841
12825019001746,g74841
12822019002459,g74841
12825019001884,g74842
12818019003484,g74842
12818019005999,g74842
12817019000026,g74842
22824041000015,g74843
22821041000285,g74843
12817019000286,g74843
22825041000297,g74843
12825019001993,g74844
12820019000183,g74844
12822019001608,g74844
22822040000451,g74844
22824041000191,g74845
22824041000268,g74845
22821041000806,g74845
22823041000470,g74845
22824041000335,g74846
22823041000112,g74846
22823041000160,g74846
22823041000398,g74846
12818019004101,g74847
12820019000411,g74847
22820033000209,g74847
12819019003431,g74847
22825038000017,g74848
22822038000563,g74848
22822038000592,g74848
22826038000039,g74848
22819037000118,g74849
12822019001225,g74849
12824019001445,g74849
22820037000279,g74849
22823048000104,g74850
22823048000298,g74850
12824019000420,g74850
22822048000014,g74850
22819037000467,g74851
22821037000273,g74851
22818019005476,g74851
22825037000190,g74851
12820019000467,g74852
12822019000248,g74852
12817019001172,g74852
22824048000333,g74852
22824045000042,g74853
22821045000032,g74853
22821045000213,g74853
22825045000079,g74853
12820019000906,g74854
12820019001260,g74854
12822019001440,g74854
12824019002415,g74854
22820036000021,g74855
22822036000116,g74855
22822036000125,g74855
22822036000133,g74855
22825042000507,g74856
22825042000519,g74856
22825042000709,g74856
22822042000301,g74856
22821033000327,g74857
22821033000723,g74857
22825033000131,g74857
22825033000295,g74857
22820038000130,g74858
12822019001517,g74858
22822044000347,g74858
22822044000619,g74858
22826041000038,g74859
22820040000242,g74859
22821041000788,g74859
22825041000111,g74859
22819043000451,g74860
22821043000197,g74860
22821043000600,g74860
22823043000412,g74860
22821035000062,g74861
22825035000047,g74861
22825035000119,g74861
22825035000270,g74861
22820040000203,g74862
22822040000001,g74862
22822040000036,g74862
22822040000721,g74862
22821037000197,g74863
22823037000049,g74863
22825037000041,g74863
22820037000077,g74863
22825048000240,g74864
22825048000241,g74864
22825048000246,g74864
22825048000489,g74864
22822034000051,g74865
22824034000166,g74865
22821034000159,g74865
22821034000335,g74865
22821039000106,g74866
22821039000345,g74866
22821039001345,g74866
22825039000225,g74866
12822019001730,g74867
22825037000073,g74867
12821019000169,g74867
12821019000170,g74867
22822036000282,g74868
22822036000415,g74868
22822036000509,g74868
22822036000692,g74868
12822019002256,g74869
12822019002257,g74869
12822019002519,g74869
12822019002847,g74869
22821041000354,g74870
22821041000451,g74870
22821041000804,g74870
22825041000102,g74870
22821043000129,g74871
22821043000349,g74871
22823043000087,g74871
22825043000323,g74871
22823037000130,g74872
22818037000311,g74872
22825037000019,g74872
22820037000056,g74872
12817019002690,g74873
12817019003058,g74873
12817019003134,g74873
12817019003172,g74873
22818019012010,g74874
22823047000006,g74874
22823047000061,g74874
22823047000106,g74874
22824042000365,g74875
22824042000366,g74875
22824042000370,g74875
22824042000383,g74875
12821019000838,g74876
12821019001731,g74876
22821036000291,g74876
22820039000068,g74877
22819039000667,g74877
22821039001238,g74877
22825045000201,g74878
22821045000471,g74878
22823045000012,g74878
22820039000086,g74879
22822039000275,g74879
22819039000447,g74879
12821019000864,g74880
12821019002611,g74880
22822033000393,g74880
22820039000108,g74881
22822039000299,g74881
22821039000339,g74881
22819042000940,g74882
22819042000449,g74882
22819042000450,g74882
22825045000254,g74883
22822045000084,g74883
22822045000334,g74883
22817019002948,g74884
22823034000263,g74884
22824034000050,g74884
22820039000137,g74885
22820039000410,g74885
22822039000180,g74885
12821019000908,g74886
12822019001165,g74886
12821019000531,g74886
22820039000144,g74887
22826039000040,g74887
12819019001904,g74887
22825045000270,g74888
22821044000315,g74888
22826045000064,g74888
22821034000493,g74889
22821034000494,g74889
22820034000178,g74889
22821034000505,g74890
22818019000245,g74890
22824034000187,g74890
12821019000958,g74891
12823019001406,g74891
22821037000525,g74891
22821034000526,g74892
22825034000184,g74892
22821034000368,g74892
22821034000530,g74893
22817019003785,g74893
22824034000032,g74893
22821034000543,g74894
22821034000615,g74894
22822034000340,g74894
22821034000552,g74895
22823034000117,g74895
22822034000100,g74895
22821034000574,g74896
22822034000523,g74896
22824034000105,g74896
22820039000256,g74897
22820039000496,g74897
22824039000245,g74897
12821019001032,g74898
12823019002089,g74898
12824019000771,g74898
12821019001033,g74899
12821019001559,g74899
12819019001900,g74899
22821034000635,g74900
22823034000094,g74900
22825034000209,g74900
12821019001086,g74901
22822035000527,g74901
22823035000433,g74901
12821019001100,g74902
22822034000397,g74902
12824019000635,g74902
22821034000653,g74903
12825019000655,g74903
22824034000078,g74903
22818019017007,g74904
22818019007745,g74904
22818019012108,g74904
22820039000482,g74905
22821039000013,g74905
22821039000085,g74905
12821019001267,g74906
22820038000173,g74906
22824038000090,g74906
12821019001283,g74907
12821019001500,g74907
12820019001634,g74907
12821019001319,g74908
12820019000442,g74908
12821019000322,g74908
22819044000246,g74909
22821044000172,g74909
22822044000114,g74909
12821019001346,g74910
22818019002487,g74910
22821041000293,g74910
12821019001384,g74911
12821019002112,g74911
12823019001199,g74911
12821019001410,g74912
22821039000855,g74912
12822019002157,g74912
12821019001418,g74913
12818019003775,g74913
22822048000258,g74913
12821019001444,g74914
22822034000155,g74914
22824034000144,g74914
12821019001458,g74915
22822040000724,g74915
12824019000805,g74915
12821019001459,g74916
22821038000526,g74916
22821040000904,g74916
12821019001472,g74917
22822041000468,g74917
22819041000172,g74917
12821019001490,g74918
12823019001661,g74918
12822019000749,g74918
12821019001494,g74919
12823019000775,g74919
12818019003211,g74919
12821019001504,g74920
12821019002455,g74920
22819039000771,g74920
22826042000046,g74921
22823042000256,g74921
22822042000912,g74921
12821019001553,g74922
12823019001207,g74922
12821019000284,g74922
12821019001573,g74923
12816019000174,g74923
22821046000474,g74923
12821019001575,g74924
22822041000060,g74924
12820019001480,g74924
12821019001593,g74925
12823019000328,g74925
12825019000459,g74925
12821019001599,g74926
12825019000634,g74926
12824019000855,g74926
22826042000143,g74927
22823042000122,g74927
22822042001112,g74927
12821019001644,g74928
12821019003108,g74928
12820019001299,g74928
22821036000054,g74929
22821036000562,g74929
22822036000373,g74929
22826042000179,g74930
22821042001310,g74930
22822042000924,g74930
12821019001656,g74931
12820019000778,g74931
12822019000448,g74931
22826042000201,g74932
22822042000449,g74932
22822042001193,g74932
12821019001680,g74933
12823019001778,g74933
12825019002120,g74933
12821019001695,g74934
12823019000254,g74934
22822040000347,g74934
22826042000223,g74935
22821042000243,g74935
22820042000449,g74935
12821019001700,g74936
22823046000096,g74936
22825046000221,g74936
12821019001713,g74937
12821019001715,g74937
12821019001714,g74937
22821036000114,g74938
12825019000958,g74938
22824048000176,g74938
22821036000122,g74939
22822036000584,g74939
22824036000052,g74939
12821019001732,g74940
12820019001106,g74940
12818019006546,g74940
12821019001765,g74941
12825019001615,g74941
12820019000951,g74941
12821019001774,g74942
12822019001352,g74942
12819019003008,g74942
22821036000201,g74943
22825036000111,g74943
12824019000436,g74943
12821019001823,g74944
12816019001225,g74944
12820019001234,g74944
22821036000225,g74945
22821036000711,g74945
22818019001286,g74945
12821019001846,g74946
12817019000748,g74946
12826019000270,g74946
22826042000389,g74947
22825042000598,g74947
22822042000077,g74947
12821019001870,g74948
12822019001618,g74948
12826019000400,g74948
12823013000216,g74949
22823042000891,g74949
22824042000678,g74949
12821019001884,g74950
12818019000660,g74950
12822019001882,g74950
22821036000297,g74951
22821036000334,g74951
22818019004643,g74951
12821019001907,g74952
12823019000316,g74952
12821019000536,g74952
12821019001921,g74953
12823019000184,g74953
12820019001154,g74953
22818019017794,g74954
22821048000023,g74954
22821048000136,g74954
22825047000135,g74955
22825047000155,g74955
22825047000176,g74955
22821036000330,g74956
22823036000163,g74956
12824019001406,g74956
22820041000022,g74957
22824041000082,g74957
22824041000326,g74957
22821036000342,g74958
12819019000928,g74958
12821019000597,g74958
22820041000032,g74959
12823019002319,g74959
22824041000038,g74959
22820041000055,g74960
22822041000366,g74960
22825041000090,g74960
22821036000388,g74961
22818019003123,g74961
22818019013676,g74961
12821019002012,g74962
22824045000007,g74962
22823045000336,g74962
12821019002078,g74963
12821019003253,g74963
12820019002107,g74963
22820041000161,g74964
22822041000111,g74964
22823041000086,g74964
12821019002082,g74965
22820042000642,g74965
12822019002356,g74965
22820041000165,g74966
22824041000284,g74966
22818041000215,g74966
12821019002097,g74967
22823048000217,g74967
12819019002168,g74967
12821019002100,g74968
12823019001908,g74968
22825037000067,g74968
22821036000528,g74969
12821019003285,g74969
12822019000267,g74969
22821036000541,g74970
12823019002165,g74970
12826019000174,g74970
22821036000548,g74971
22821036000744,g74971
12822019001602,g74971
22821036000555,g74972
22822036000298,g74972
22817019000264,g74972
22821036000557,g74973
22821036000690,g74973
22826036000009,g74973
22820041000242,g74974
22822041000455,g74974
22824041000232,g74974
22821036000577,g74975
22822036000149,g74975
22822036000150,g74975
12821019002186,g74976
12823019002279,g74976
12819019001337,g74976
22821036000590,g74977
22822036000295,g74977
22822036000314,g74977
12821019002242,g74978
12823019002056,g74978
12820019000798,g74978
22820041000324,g74979
22822041000031,g74979
22819041000228,g74979
12821019002299,g74980
12818019004659,g74980
12824019001443,g74980
12821019002313,g74981
12820019001138,g74981
22821033000371,g74981
12821019002316,g74982
22823042000556,g74982
12822019002239,g74982
12821019002371,g74983
12820019001545,g74983
22824046000301,g74983
22819046000132,g74984
22819046000364,g74984
22821046000380,g74984
22817019004421,g74985
22821041000555,g74985
22821041000914,g74985
12821019002453,g74986
12823019002233,g74986
12822019002129,g74986
22822033000026,g74987
22822033000139,g74987
12822019001733,g74987
22822033000051,g74988
22822033000127,g74988
22822033000129,g74988
12821019002489,g74989
22821040000756,g74989
12823019000837,g74989
12821019002496,g74990
12816019000088,g74990
12823019001965,g74990
22822033000068,g74991
22823033000273,g74991
22825033000117,g74991
12821019002516,g74992
22824034000093,g74992
22821034000297,g74992
22822033000118,g74993
22822033000651,g74993
22826033000027,g74993
22822033000125,g74994
22819033000622,g74994
22823033000161,g74994
22822033000205,g74995
22824033000223,g74995
22823033000081,g74995
12821019002651,g74996
12820019000627,g74996
12822019000993,g74996
12821019002656,g74997
12820019000673,g74997
12822019001315,g74997
12821019002664,g74998
22821040000720,g74998
22823040000080,g74998
12821019002665,g74999
12825019000763,g74999
12824019000363,g74999
12821019002741,g75000
12820019001105,g75000
12822019002663,g75000
22822033000325,g75001
22824033000206,g75001
22821033000601,g75001
12821019002759,g75002
22824041000074,g75002
12822019001894,g75002
22822033000361,g75003
22825033000179,g75003
22820033000048,g75003
22822033000368,g75004
22822033000665,g75004
22821033000756,g75004
22821038000048,g75005
22823038000045,g75005
22820038000194,g75005
22821038000058,g75006
22825038000044,g75006
22826038000027,g75006
22826044000227,g75007
22822044000378,g75007
22824044000353,g75007
22821038000104,g75008
22821038000422,g75008
12823019000830,g75008
12821019002864,g75009
12818019004610,g75009
12822019002838,g75009
22826044000242,g75010
22826044000265,g75010
22825044000203,g75010
12821019002876,g75011
12820019001914,g75011
22823033000024,g75011
22822033000448,g75012
22821033000466,g75012
22817019000627,g75012
22821038000136,g75013
22825038000116,g75013
22819038000228,g75013
22821038000172,g75014
22821038000363,g75014
22819038000061,g75014
22821038000174,g75015
22825038000025,g75015
22822038000296,g75015
22821038000194,g75016
22822038000170,g75016
22824038000150,g75016
22821038000218,g75017
22823038000301,g75017
22816019000804,g75017
22821038000234,g75018
22820038000056,g75018
22819038000184,g75018
12821019002988,g75019
12823019002186,g75019
12825019001025,g75019
22821038000254,g75020
22821038000646,g75020
12820019000453,g75020
22822033000579,g75021
22824033000304,g75021
22826033000091,g75021
22822033000586,g75022
22826033000106,g75022
22821033000049,g75022
22822033000590,g75023
22821033000454,g75023
22823033000194,g75023
22821038000291,g75024
22823038000100,g75024
12819019001100,g75024
22822033000611,g75025
12823019000387,g75025
22821033000068,g75025
22822033000621,g75026
22821033000111,g75026
22825033000110,g75026
22821038000315,g75027
22821038000316,g75027
22821038000318,g75027
22821038000317,g75028
22820038000252,g75028
22822038000158,g75028
22822033000646,g75029
22821033000336,g75029
22825033000316,g75029
12821019003097,g75030
12823019000378,g75030
12824019000729,g75030
22822033000668,g75031
22824033000041,g75031
22823033000090,g75031
22821038000353,g75032
22821038000729,g75032
22821037000319,g75032
22820043000053,g75033
22824043000076,g75033
22821043000195,g75033
22821038000374,g75034
22825038000001,g75034
22822038000292,g75034
22820043000063,g75035
22822043000097,g75035
22822043000338,g75035
12821019003156,g75036
12820019000919,g75036
12824019001846,g75036
12821019003162,g75037
12823019000897,g75037
12816019002480,g75037
22821038000418,g75038
22820038000085,g75038
22822038000139,g75038
12821019003223,g75039
12820019001863,g75039
12822019000208,g75039
12821019003227,g75040
12818019000194,g75040
12818019000216,g75040
22821038000479,g75041
22824038000171,g75041
12826019000669,g75041
22821038000556,g75042
22823038000296,g75042
22822038000501,g75042
22820043000235,g75043
22821042000024,g75043
22823043000588,g75043
22821038000575,g75044
22825038000046,g75044
22824038000172,g75044
22821038000622,g75045
12824019000042,g75045
12821019000443,g75045
22819048000158,g75046
12822019000619,g75046
22822048000085,g75046
22817019005663,g75047
22823034000215,g75047
22821034000174,g75047
22822035000055,g75048
22824035000053,g75048
22819035000073,g75048
22822035000065,g75049
22824035000008,g75049
22824035000437,g75049
22819048000264,g75050
22822048000321,g75050
22824048000245,g75050
22822035000085,g75051
12825019002587,g75051
22826035000073,g75051
22822035000099,g75052
22821035000191,g75052
22818019001779,g75052
22822035000148,g75053
22821035000404,g75053
22823035000414,g75053
22822035000171,g75054
22824035000120,g75054
12824019002398,g75054
22822035000179,g75055
22824035000254,g75055
22823035000138,g75055
22826046000011,g75056
22826046000124,g75056
22825046000324,g75056
22822035000224,g75057
22821035000330,g75057
22821035000589,g75057
22826046000088,g75058
12818019000159,g75058
22825046000375,g75058
22822035000344,g75059
22824035000097,g75059
22821035000280,g75059
22822035000417,g75060
22821035000575,g75060
22818019005888,g75060
22822035000431,g75061
22821035000700,g75061
22823035000273,g75061
22821040000114,g75062
22820040000129,g75062
22820040000130,g75062
22821040000115,g75063
22821040000643,g75063
22822040000483,g75063
22821040000228,g75064
22822040000550,g75064
22824040000091,g75064
22822035000576,g75065
22826035000046,g75065
22826035000099,g75065
22822035000575,g75066
22826035000086,g75066
22823035000361,g75066
12816019000578,g75067
12820019001446,g75067
12817019000314,g75067
22821040000283,g75068
22822040000317,g75068
12821019000150,g75068
22822035000621,g75069
22826035000007,g75069
22823035000011,g75069
22820045000010,g75070
22822045000408,g75070
22818019013280,g75070
22821040000332,g75071
12823019000124,g75071
12819019002547,g75071
22820045000016,g75072
22824045000058,g75072
22823045000346,g75072
22820045000054,g75073
22823045000031,g75073
22825045000164,g75073
22821040000382,g75074
22822040000226,g75074
22822040000535,g75074
22821040000390,g75075
22821040000391,g75075
22820040000224,g75075
22821040000420,g75076
22822040000564,g75076
22824040000032,g75076
22821040000449,g75077
22825040000277,g75077
22825040000293,g75077
22821040000490,g75078
22821040000565,g75078
22822040000434,g75078
22821040000533,g75079
22821040000886,g75079
22824040000223,g75079
22821040000551,g75080
22821040000972,g75080
22824040000230,g75080
22821040000602,g75081
22825040000115,g75081
12822019002083,g75081
22821040000621,g75082
22822040000359,g75082
12824019001988,g75082
22821040000641,g75083
12823019001553,g75083
12818019000769,g75083
22821040000676,g75084
12822019002184,g75084
12819019001264,g75084
22821040000688,g75085
12818019005819,g75085
12824019000758,g75085
22821040000702,g75086
12819019001220,g75086
12819019001797,g75086
22821040000783,g75087
22821040000786,g75087
22823040000052,g75087
22821040000787,g75088
12822019000143,g75088
22822040000091,g75088
22822037000027,g75089
12825019001165,g75089
22821037000266,g75089
22822037000034,g75090
12823019001639,g75090
22818019011465,g75090
22821040000866,g75091
22820040000302,g75091
22822040000592,g75091
22822037000052,g75092
22822037000416,g75092
22823037000173,g75092
12816019001230,g75093
12822019002729,g75093
12824019002153,g75093
22821040000913,g75094
22821040000936,g75094
22822040000636,g75094
22822037000103,g75095
22822037000548,g75095
22820037000322,g75095
22822037000105,g75096
22818019003385,g75096
22818037000119,g75096
22822037000148,g75097
22826037000037,g75097
22826037000055,g75097
22821040000983,g75098
12822019001212,g75098
12824019001391,g75098
22822037000158,g75099
22821037000115,g75099
22823037000254,g75099
22821040000995,g75100
22821041000294,g75100
22823041000339,g75100
22826048000014,g75101
22825048000148,g75101
22824048000485,g75101
22822037000229,g75102
22822037000251,g75102
22819037000131,g75102
22822037000237,g75103
22822037000518,g75103
22823037000123,g75103
22822037000246,g75104
22819037000356,g75104
22818019005349,g75104
12816019001399,g75105
22821042000486,g75105
22816019000435,g75105
22822037000256,g75106
22822037000257,g75106
22820037000021,g75106
22822037000266,g75107
22818019006111,g75107
22823037000217,g75107
22822037000313,g75108
22823037000079,g75108
22823037000169,g75108
22822037000323,g75109
22824037000046,g75109
22821037000232,g75109
22822037000346,g75110
22822037000498,g75110
22821037000242,g75110
22822037000376,g75111
22822037000506,g75111
22820037000114,g75111
12823019000013,g75112
22823042000779,g75112
22822042001005,g75112
22821042000102,g75113
22825042000221,g75113
22818019009709,g75113
22822037000435,g75114
22823037000196,g75114
22818019016549,g75114
22822037000451,g75115
22823037000151,g75115
22820037000067,g75115
12823019000070,g75116
12817019001113,g75116
12824019001672,g75116
22821042000142,g75117
22825042000694,g75117
22824042000445,g75117
12816019001623,g75118
12816019001624,g75118
12817019000841,g75118
22822037000477,g75119
22825037000197,g75119
22818019013529,g75119
22821042000161,g75120
22821042000451,g75120
12822019002586,g75120
22822037000484,g75121
22824037000231,g75121
12817019002033,g75121
12823019000134,g75122
12823019000198,g75122
12823019001114,g75122
12823019000138,g75123
12823019000150,g75123
12819019000016,g75123
22821042000211,g75124
22821042000354,g75124
22824042000510,g75124
12823019000162,g75125
12818019005608,g75125
12824019002401,g75125
22822037000561,g75126
22818019014904,g75126
22820037000087,g75126
22822037000572,g75127
22819037000352,g75127
22818019009346,g75127
22822037000591,g75128
12823019002170,g75128
22821037000288,g75128
12823019000206,g75129
12825019002540,g75129
12824019000644,g75129
22821042000285,g75130
22825042000125,g75130
22824042000850,g75130
22821042000321,g75131
22823042000092,g75131
22825042000626,g75131
22822048000339,g75132
22823048000123,g75132
22822048000342,g75132
22821042000398,g75133
22821042000402,g75133
22822042000170,g75133
12823019000338,g75134
22824037000268,g75134
12822019000107,g75134
12823019000347,g75135
22822041000567,g75135
12824019000462,g75135
12823019000376,g75136
12823019002303,g75136
12822019000245,g75136
22821042000442,g75137
22823042000043,g75137
12818019004387,g75137
12823019000404,g75138
22821039000331,g75138
22820039000044,g75138
12816019001986,g75139
22819037000265,g75139
12822019002828,g75139
22823034000004,g75140
22825034000177,g75140
22822034000321,g75140
22823034000035,g75141
22822034000510,g75141
22826034000007,g75141
12816019002039,g75142
12816019002041,g75142
12824019001167,g75142
12823019000508,g75143
12820019001907,g75143
12822019000176,g75143
22823034000096,g75144
22822034000329,g75144
22819034000417,g75144
12823019000586,g75145
12823019001868,g75145
12819019001393,g75145
12823019000615,g75146
22821039000297,g75146
12819019000215,g75146
22823034000172,g75147
22825034000118,g75147
22822034000228,g75147
22821042000724,g75148
12823019001389,g75148
12822019002163,g75148
12816019002230,g75149
12816019002428,g75149
12826019000688,g75149
22821042000787,g75150
22822042001184,g75150
22824042000491,g75150
22823034000278,g75151
22822034000249,g75151
22821034000369,g75151
22823034000286,g75152
22820034000140,g75152
22819034000389,g75152
12823019000742,g75153
12825019001017,g75153
12821019000057,g75153
22821042000813,g75154
22823042000582,g75154
22822042001000,g75154
22821042000883,g75155
12825019001538,g75155
12824019000263,g75155
12816019002374,g75156
12818019004484,g75156
12822019000982,g75156
22821042000915,g75157
22821042001735,g75157
22822042000819,g75157
12823019000864,g75158
22824033000142,g75158
22821033000325,g75158
12816019002422,g75159
12815019000014,g75159
12817019001138,g75159
12816019002443,g75160
12818019003636,g75160
12819019000840,g75160
22821042000981,g75161
22821042001574,g75161
22823042000399,g75161
12823019000976,g75162
22818019002585,g75162
22821041000900,g75162
12823019000982,g75163
22822036000058,g75163
22826036000108,g75163
12823019000995,g75164
12822019000140,g75164
12822019000240,g75164
22822039000284,g75165
22822039000491,g75165
22824039000227,g75165
12823019001105,g75166
12822019002805,g75166
12822019002813,g75166
22821042001181,g75167
22821042001777,g75167
22824042000048,g75167
22822039000364,g75168
22824039000256,g75168
22823039000319,g75168
22821044000070,g75169
22824044000012,g75169
22824044000257,g75169
12823019001180,g75170
12818019000692,g75170
22821034000140,g75170
12823019001181,g75171
12818019004357,g75171
12818019005768,g75171
12823019001182,g75172
12820019001681,g75172
12822019000030,g75172
12823019001184,g75173
12817019001650,g75173
12821019000523,g75173
22821042001262,g75174
22823042000956,g75174
22825042000080,g75174
22821044000134,g75175
22820044000033,g75175
22822044000431,g75175
12823019001275,g75176
12822019000894,g75176
12824019001542,g75176
22822039000511,g75177
22822039000794,g75177
22821037000339,g75177
22822039000537,g75178
22824039000412,g75178
22816019000283,g75178
22822039000551,g75179
12818019003135,g75179
22826039000179,g75179
22822039000556,g75180
22824039000134,g75180
22817019002706,g75180
22822039000565,g75181
22818019002769,g75181
22821039000513,g75181
22821042001401,g75182
22820042000657,g75182
22824042000696,g75182
22822039000571,g75183
22824039000434,g75183
22825039000058,g75183
22821044000279,g75184
22822044000503,g75184
22822044000571,g75184
12823019001419,g75185
12820019001123,g75185
12822019001194,g75185
22822039000656,g75186
22823039000322,g75186
22825039000137,g75186
22821042001501,g75187
22823042000627,g75187
22825042000183,g75187
22821042001579,g75188
22823042000977,g75188
22825042000299,g75188
22822039000756,g75189
22821039000323,g75189
22821039000419,g75189
12823019001530,g75190
12824019000789,g75190
12824019001005,g75190
22821044000454,g75191
22823044000861,g75191
22820044000195,g75191
22822039000780,g75192
22819039000704,g75192
22823039000340,g75192
12823019001558,g75193
22817019002216,g75193
22821034000070,g75193
12823019001562,g75194
22821039000386,g75194
22821039000942,g75194
12823019001570,g75195
12822019000257,g75195
12824019001168,g75195
22821044000490,g75196
22821044000872,g75196
22823044000782,g75196
22822039000834,g75197
22821039000553,g75197
22821039001191,g75197
22821042001719,g75198
22823042000542,g75198
22825042000501,g75198
12823019001663,g75199
12825019001113,g75199
12820019001642,g75199
22823036000180,g75200
22825036000011,g75200
22822036000467,g75200
22821044000694,g75201
12823019002623,g75201
22822044000513,g75201
12823019001901,g75202
12823019002092,g75202
12825019002256,g75202
22823036000328,g75203
22823036000329,g75203
22823036000330,g75203
22822041000028,g75204
22825041000126,g75204
12821019000771,g75204
22822041000055,g75205
12822019000580,g75205
22821041000297,g75205
12823019001981,g75206
12822019002732,g75206
12824019000351,g75206
22822041000073,g75207
22819041000528,g75207
22818019001873,g75207
22822041000100,g75208
22822041000179,g75208
22826041000066,g75208
12823019002025,g75209
12823019002023,g75209
12823019002024,g75209
12823019002029,g75210
12825019001937,g75210
22825033000081,g75210
12823019002068,g75211
22825034000220,g75211
22821034000109,g75211
12823019002118,g75212
12820019000229,g75212
12821019000352,g75212
22822041000217,g75213
22816019000139,g75213
22821041000353,g75213
22822041000220,g75214
22821041000194,g75214
22825041000339,g75214
12823019002155,g75215
12817019001165,g75215
12824019001502,g75215
12823019002237,g75216
12824019001840,g75216
12824019001983,g75216
12823019002287,g75217
12820019001951,g75217
12822019002302,g75217
22822041000372,g75218
22824041000273,g75218
22821041000435,g75218
22822041000375,g75219
22824041000208,g75219
22821041000203,g75219
12823019002294,g75220
22826039000072,g75220
22821039001176,g75220
22822041000454,g75221
22819041000441,g75221
22821041000902,g75221
22821046000173,g75222
22821046000405,g75222
22822046000384,g75222
22824033000005,g75223
22824033000071,g75223
22824033000072,g75223
22822041000546,g75224
22821041000641,g75224
22817019001631,g75224
22822041000559,g75225
22821041000318,g75225
22821041000854,g75225
12823019002490,g75226
12820019000302,g75226
12820019000367,g75226
22822041000570,g75227
22824041000039,g75227
22823041000505,g75227
22822041000574,g75228
12820019000080,g75228
22819041000048,g75228
22824033000094,g75229
22824033000093,g75229
22823033000040,g75229
22821046000333,g75230
22820046000036,g75230
22818019010917,g75230
22821046000334,g75231
22823046000052,g75231
22824046000107,g75231
22821046000402,g75232
22823048000074,g75232
22820048000152,g75232
12823019002663,g75233
12822019000861,g75233
12821019000467,g75233
22821046000431,g75234
22821045000466,g75234
22818019007481,g75234
12823019002672,g75235
12825019001265,g75235
12819019003402,g75235
22824033000244,g75236
22823033000327,g75236
22825033000224,g75236
22824033000262,g75237
22821033000674,g75237
22821033000879,g75237
22821046000495,g75238
12825019000880,g75238
22823046000043,g75238
22823038000126,g75239
22825038000225,g75239
22822038000395,g75239
22823038000159,g75240
22825038000210,g75240
22822038000220,g75240
22823038000169,g75241
22822038000622,g75241
12817019001446,g75241
22821046000735,g75242
22820046000135,g75242
22820046000232,g75242
22823038000230,g75243
22823038000261,g75243
22819038000301,g75243
22823038000282,g75244
12822019000384,g75244
12824019000608,g75244
22821046000799,g75245
22821046000800,g75245
22822046000052,g75245
22823038000298,g75246
22822038000012,g75246
22824038000202,g75246
22822043000079,g75247
22826043000139,g75247
22821043000028,g75247
22822043000261,g75248
22821043000374,g75248
22825043000263,g75248
22821048000067,g75249
22821048000078,g75249
22822048000365,g75249
22821048000085,g75250
22822048000192,g75250
22824048000241,g75250
22821048000104,g75251
12822019000066,g75251
12819019002050,g75251
22824035000051,g75252
12824019000939,g75252
22825035000046,g75252
22824035000057,g75253
22824035000116,g75253
12824019000336,g75253
22824035000064,g75254
22824035000290,g75254
22825035000021,g75254
22821048000298,g75255
12825019000975,g75255
22822048000295,g75255
22821048000360,g75256
12824019000587,g75256
12819019001858,g75256
22824035000205,g75257
22824035000207,g75257
22821035000468,g75257
22824035000229,g75258
22824035000406,g75258
22826035000054,g75258
22824035000256,g75259
22821035000510,g75259
22825035000254,g75259
12818019000311,g75260
12820019000457,g75260
22818019007540,g75260
22824035000320,g75261
22824035000379,g75261
22824035000401,g75261
22824035000328,g75262
12825019002557,g75262
22823035000157,g75262
22824035000449,g75263
22821035000744,g75263
22825035000099,g75263
22823040000172,g75264
22823040000174,g75264
22820040000122,g75264
12818019000496,g75265
22826045000130,g75265
22818019015149,g75265
22823040000181,g75266
22825040000256,g75266
22822040000699,g75266
22823040000183,g75267
22825040000318,g75267
22820040000142,g75267
22823040000301,g75268
12825019002308,g75268
12820019000518,g75268
12818019000639,g75269
12825019000416,g75269
12822019000459,g75269
22822045000010,g75270
22824045000001,g75270
22824045000280,g75270
22822045000032,g75271
22822045000166,g75271
22824045000351,g75271
22822045000055,g75272
22822045000064,g75272
22823045000440,g75272
22822045000060,g75273
22824045000041,g75273
22821045000438,g75273
12818019000700,g75274
12822019001297,g75274
12824019001882,g75274
22823040000383,g75275
22822040000533,g75275
22822040000613,g75275
12818019000737,g75276
12825019001677,g75276
12817019001247,g75276
22822045000154,g75277
22824045000081,g75277
22818019015037,g75277
22822045000240,g75278
22824045000253,g75278
12819019002937,g75278
22822045000382,g75279
22821045000096,g75279
22821045000634,g75279
22824037000103,g75280
22821037000420,g75280
22823037000109,g75280
22824037000130,g75281
22824037000137,g75281
22821037000185,g75281
22824037000131,g75282
22824037000139,g75282
22821037000259,g75282
22824037000180,g75283
12824019001687,g75283
22820037000041,g75283
22824037000259,g75284
22826037000005,g75284
22818019003373,g75284
12825019000011,g75285
22824039000360,g75285
22821039000600,g75285
12825019000013,g75286
22824040000081,g75286
22824040000312,g75286
22823042000143,g75287
22822042000061,g75287
22819042000792,g75287
12825019000100,g75288
12820019000415,g75288
12822019000517,g75288
12825019000171,g75289
12822019002996,g75289
12824019000835,g75289
12825019000284,g75290
12825019001880,g75290
12824019000020,g75290
22822047000029,g75291
22822047000082,g75291
22821047000309,g75291
22823042000363,g75292
22823042000599,g75292
22824042000609,g75292
12825019000349,g75293
12822019003011,g75293
12824019000458,g75293
12825019000368,g75294
12822019002687,g75294
12824019001577,g75294
12825019000370,g75295
22826035000037,g75295
22823035000136,g75295
12825019000424,g75296
12825019000438,g75296
12818019006418,g75296
22823042000488,g75297
22823042001058,g75297
22822042000815,g75297
22825034000010,g75298
22822034000530,g75298
12824019001754,g75298
22825034000031,g75299
22818019012483,g75299
22826034000064,g75299
12825019000490,g75300
22825040000012,g75300
22825040000107,g75300
22825034000078,g75301
22824034000225,g75301
22819034000180,g75301
12818019002086,g75302
12818019002651,g75302
12818019002654,g75302
22825034000126,g75303
22825034000131,g75303
22822034000168,g75303
22825034000174,g75304
12822019002505,g75304
12817019002662,g75304
12825019000659,g75305
12825019002067,g75305
12821019000147,g75305
22825034000218,g75306
22820034000220,g75306
12819019000882,g75306
12818019002368,g75307
12824019001008,g75307
12824019001267,g75307
22823042000909,g75308
22825042000341,g75308
22825042000545,g75308
12825019000890,g75309
12820019001000,g75309
12824019000713,g75309
22824039000155,g75310
22821039000973,g75310
22825039000359,g75310
22819033000032,g75311
22819033000133,g75311
22816019001215,g75311
22823042000997,g75312
22820042000646,g75312
22818019008290,g75312
22824039000175,g75313
12825019001460,g75313
12826019000712,g75313
22824039000184,g75314
22821039001063,g75314
22821039001171,g75314
22823042001132,g75315
22820038000050,g75315
22822038000430,g75315
12825019001090,g75316
22825033000144,g75316
22825033000225,g75316
22824039000391,g75317
22821039000960,g75317
22821039001352,g75317
22824039000414,g75318
22821039001058,g75318
22821039001194,g75318
12825019001190,g75319
12825019001191,g75319
12825019001192,g75319
22819033000314,g75320
22823033000066,g75320
22820033000028,g75320
12825019001213,g75321
12817019003377,g75321
12821019000665,g75321
12825019001244,g75322
22824042000116,g75322
22824042000613,g75322
12818019002894,g75323
22821037000124,g75323
22821037000331,g75323
12825019001456,g75324
22822038000361,g75324
22822038000413,g75324
22823044000416,g75325
22823044000764,g75325
22823044000781,g75325
12825019001581,g75326
22820042000666,g75326
22824042000710,g75326
12818019003126,g75327
12820019000548,g75327
12819019001490,g75327
22825036000016,g75328
22824036000162,g75328
22826036000053,g75328
22825036000019,g75329
22822036000637,g75329
22818019010277,g75329
12825019001621,g75330
22821039000596,g75330
22817019001182,g75330
22819033000782,g75331
22821033000339,g75331
22821033000735,g75331
22816019000163,g75332
22821045000021,g75332
22823045000086,g75332
12818019003361,g75333
12820019000126,g75333
12824019000076,g75333
22824041000049,g75334
22826041000027,g75334
22823041000330,g75334
22824041000170,g75335
22821041000546,g75335
22823041000133,g75335
12825019002146,g75336
12822019000924,g75336
22824038000358,g75336
22816019000643,g75337
22818019001235,g75337
22818019013556,g75337
12825019002191,g75338
12824019001054,g75338
12819019001519,g75338
12825019002205,g75339
12822019002102,g75339
12826019000710,g75339
22823046000010,g75340
22820046000031,g75340
22818019014784,g75340
22823046000012,g75341
22825046000014,g75341
22824046000334,g75341
22824041000340,g75342
22823041000252,g75342
22825041000332,g75342
22823046000019,g75343
22821045000210,g75343
22824046000347,g75343
12818019003808,g75344
12820019001152,g75344
12824019001696,g75344
22823046000049,g75345
12820019000422,g75345
12824019000874,g75345
22819035000263,g75346
22819035000272,g75346
22820035000041,g75346
22823046000120,g75347
22825046000331,g75347
22824046000183,g75347
12825019002431,g75348
12822019002410,g75348
12817019001037,g75348
22826033000068,g75349
22821033000396,g75349
22823033000166,g75349
12825019002529,g75350
12825019002531,g75350
12825019002530,g75350
12825019002532,g75351
12822019001703,g75351
22822038000147,g75351
12825019002554,g75352
22820037000253,g75352
22820037000254,g75352
22825038000146,g75353
22825038000250,g75353
22824038000291,g75353
22825038000208,g75354
22822038000098,g75354
22822038000122,g75354
22824043000137,g75355
22824043000177,g75355
22821043000095,g75355
12818019004789,g75356
22822036000090,g75356
22822036000577,g75356
22824043000235,g75357
22821043000403,g75357
22823043000165,g75357
22824043000268,g75358
22824043000335,g75358
22825043000295,g75358
22826035000026,g75359
22823035000390,g75359
12826019000442,g75359
22819037000463,g75360
22821037000245,g75360
22820037000017,g75360
12820019000176,g75361
12822019001479,g75361
22823041000049,g75361
12820019000208,g75362
22821039000148,g75362
22821039000221,g75362
12818019005384,g75363
12822019002950,g75363
12824019000820,g75363
12820019000400,g75364
12818019006492,g75364
12822019000077,g75364
22825040000124,g75365
22822040000157,g75365
22826040000111,g75365
12820019000447,g75366
12822019001788,g75366
12824019002038,g75366
12818019005575,g75367
12817019001982,g75367
12819019001160,g75367
22825040000162,g75368
22822040000406,g75368
12826019000499,g75368
22820034000201,g75369
22819034000562,g75369
22821034000261,g75369
22820034000233,g75370
12824019000260,g75370
22819034000335,g75370
12820019000698,g75371
12820019001077,g75371
12820019001080,g75371
22824045000140,g75372
22821045000156,g75372
22823045000009,g75372
22824045000233,g75373
22821045000037,g75373
22821045000062,g75373
22824045000272,g75374
22819045000414,g75374
22826045000049,g75374
22819039000180,g75375
22821039000995,g75375
22823039000305,g75375
22824045000327,g75376
22826045000123,g75376
22821045000118,g75376
12820019001050,g75377
12822019001471,g75377
22822040000047,g75377
12820019001196,g75378
22824042000034,g75378
22824042000035,g75378
22826037000054,g75379
22821037000179,g75379
22823037000187,g75379
12820019001218,g75380
12822019000747,g75380
12821019002770,g75380
12820019001312,g75381
22820038000141,g75381
22820038000259,g75381
22820036000041,g75382
22819036000493,g75382
12819019003344,g75382
22820036000161,g75383
22820036000163,g75383
22820036000200,g75383
22819041000039,g75384
22819041000535,g75384
22819041000542,g75384
12820019001993,g75385
12822019000958,g75385
12822019002266,g75385
22819041000166,g75386
22826041000102,g75386
22818019006379,g75386
22819041000225,g75387
22821041000612,g75387
22818041000133,g75387
22826039000027,g75388
22826039000141,g75388
22823039000059,g75388
22826039000029,g75389
22821039001092,g75389
22825039000015,g75389
22819041000443,g75390
22821041000057,g75390
22821041000593,g75390
22821033000035,g75391
22825033000178,g75391
22820033000040,g75391
22826039000175,g75392
22821039000302,g75392
22821039000594,g75392
22821033000241,g75393
22825033000247,g75393
22820033000171,g75393
22820038000122,g75394
22820038000206,g75394
22822038000115,g75394
22821033000509,g75395
22821041000261,g75395
22821041000711,g75395
22818048000083,g75396
22818048000151,g75396
22818019005342,g75396
22826041000039,g75397
22823041000005,g75397
22825041000278,g75397
22825046000004,g75398
22822046000005,g75398
22822046000432,g75398
22821035000230,g75399
22823035000171,g75399
22825035000041,g75399
22821035000263,g75400
22823035000029,g75400
22817019000857,g75400
22825046000158,g75401
22818019004090,g75401
22822046000298,g75401
22820040000096,g75402
22820040000372,g75402
22819040000277,g75402
22820040000121,g75403
22822040000362,g75403
22822040000738,g75403
22820040000167,g75404
22820040000314,g75404
22824040000232,g75404
22820040000215,g75405
22824040000382,g75405
22826040000035,g75405
22818019001420,g75406
22818019012302,g75406
22818019012859,g75406
22821037000052,g75407
22821037000480,g75407
12821019000227,g75407
22821037000092,g75408
22825037000213,g75408
22825037000257,g75408
22821037000146,g75409
22821037000643,g75409
22818019014146,g75409
22825048000004,g75410
22825048000440,g75410
22824048000208,g75410
22821037000211,g75411
22821037000212,g75411
22821037000227,g75411
22820042000037,g75412
22819042000544,g75412
22819042000545,g75412
22821037000478,g75413
22825037000185,g75413
22820037000032,g75413
22825048000295,g75414
22822048000173,g75414
22824048000384,g75414
12822019000350,g75415
12824019000715,g75415
12819019002094,g75415
22819047000110,g75416
22819047000291,g75416
22818019013690,g75416
22822034000078,g75417
22822034000079,g75417
22822034000254,g75417
22822034000109,g75418
22824034000164,g75418
22821034000210,g75418
22822034000114,g75419
22822034000239,g75419
22821034000294,g75419
22822034000123,g75420
22819034000452,g75420
22821034000220,g75420
12822019000627,g75421
22822048000181,g75421
22824048000215,g75421
22822034000193,g75422
22822034000293,g75422
12824019002028,g75422
12822019000739,g75423
12824019000305,g75423
12821019000230,g75423
12822019000838,g75424
22821039000588,g75424
12822019001914,g75424
12822019000919,g75425
12822019000946,g75425
12822019001038,g75425
22822034000493,g75426
22824034000174,g75426
22817019000253,g75426
22821039000216,g75427
22821039000504,g75427
22821039000551,g75427
12822019001024,g75428
12822019001025,g75428
12824019000085,g75428
22821039000725,g75429
22821039001107,g75429
12826019000256,g75429
12822019001565,g75430
22822036000180,g75430
12822019002109,g75430
12822019001762,g75431
22820048000046,g75431
12819019000651,g75431
22821041000004,g75432
22821041000497,g75432
22823041000033,g75432
22821039001170,g75433
22821039001211,g75433
12824019000853,g75433
22822036000508,g75434
22822036000551,g75434
22824036000166,g75434
22821041000266,g75435
22823041000010,g75435
22823041000058,g75435
22821041000368,g75436
22823041000428,g75436
22825041000305,g75436
12822019002321,g75437
12824019002022,g75437
12819019001979,g75437
22818019004451,g75438
22824036000071,g75438
12817019003686,g75438
12822019002421,g75439
22822040000099,g75439
22822040000410,g75439
22820046000235,g75440
22820046000238,g75440
22820046000246,g75440
22820046000242,g75441
22822046000394,g75441
22822046000462,g75441
22820046000268,g75442
22820046000304,g75442
22824046000407,g75442
22823033000185,g75443
22823033000191,g75443
12824019000015,g75443
22822038000007,g75444
22824038000074,g75444
22824038000259,g75444
22822038000020,g75445
22822038000426,g75445
22822038000607,g75445
12822019002921,g75446
12819019000523,g75446
22819042000257,g75446
22822038000327,g75447
22822038000432,g75447
22826038000014,g75447
22821043000026,g75448
22823043000176,g75448
12821019000241,g75448
22821043000123,g75449
22823043000058,g75449
22825043000138,g75449
12817019000069,g75450
12817019000071,g75450
12817019000072,g75450
12817019000311,g75451
12817019000316,g75451
12817019000318,g75451
22821045000420,g75452
22821045000424,g75452
12819019002586,g75452
22822040000747,g75453
22824040000147,g75453
22826040000057,g75453
22821045000524,g75454
22818019008489,g75454
22825045000123,g75454
12824019000071,g75455
12824019001770,g75455
12826019000350,g75455
12824019000710,g75456
12819019001818,g75456
12826019000441,g75456
22822042000936,g75457
22822042001054,g75457
22822042001061,g75457
12824019000958,g75458
12824019000975,g75458
12826019000509,g75458
12824019002056,g75459
12824019002057,g75459
12824019002058,g75459
22823041000273,g75460
22823041000350,g75460
22823041000392,g75460
22823041000427,g75461
22825041000064,g75461
22825041000236,g75461
12817019003891,g75462
12821019000293,g75462
12821019000296,g75462
22818019010067,g75463
22823045000038,g75463
22823045000039,g75463
22822048000082,g75464
22824048000389,g75464
22824048000437,g75464
12826019000051,g75465
12826019000294,g75465
12826019000803,g75465
22819036000415,g75466
22818019014333,g75466
22818019014396,g75466
22824042000598,g75467
22824042000664,g75467
22824042000720,g75467
12819019002484,g75468
12819019003512,g75468
12821019000011,g75468
22825043000013,g75469
22825043000014,g75469
22825043000015,g75469
22821034000385,g75470
22821034000388,g75470
22825045000193,g75471
22825045000197,g75471
22821034000390,g75472
12821019001099,g75472
12821019000846,g75473
12822019002049,g75473
22817019002895,g75474
22821041000798,g75474
12821019000847,g75475
22821042000556,g75475
22821034000402,g75476
22821034000315,g75476
22821034000405,g75477
22822034000066,g75477
22821034000411,g75478
22822034000128,g75478
22825045000220,g75479
22825045000219,g75479
22825045000223,g75480
22826045000154,g75480
22820039000097,g75481
22820039000109,g75481
12821019000866,g75482
12822019001566,g75482
12821019000869,g75483
22821034000256,g75483
22820039000101,g75484
22821039000634,g75484
22821034000425,g75485
22819034000321,g75485
22821034000423,g75486
22821035000455,g75486
12821019000871,g75487
12823019001938,g75487
22821034000429,g75488
22817019004061,g75488
22825045000232,g75489
22821045000576,g75489
12821019000883,g75490
12816019002271,g75490
22821034000439,g75491
22817019001147,g75491
22821034000441,g75492
12818019001509,g75492
22820039000122,g75493
22823039000268,g75493
22825045000252,g75494
12819019003584,g75494
22820039000125,g75495
22820039000306,g75495
12821019000896,g75496
12821019001083,g75496
22821034000452,g75497
22825034000119,g75497
22821034000454,g75498
12820019000494,g75498
22821034000455,g75499
22822034000120,g75499
22820039000135,g75500
22821039000793,g75500
22821034000460,g75501
22823034000116,g75501
12821019000910,g75502
22820036000005,g75502
22825045000272,g75503
22823045000134,g75503
22821034000470,g75504
22818019000279,g75504
22821034000474,g75505
22821034000560,g75505
12821019000931,g75506
12820019000930,g75506
22821034000486,g75507
22821034000296,g75507
22820039000170,g75508
22821039000223,g75508
22821034000498,g75509
22819034000024,g75509
12821019000952,g75510
12822019001805,g75510
22820039000185,g75511
22823039000358,g75511
22821034000507,g75512
22821034000513,g75512
12821019000955,g75513
22821040000406,g75513
22817019003006,g75514
22821034000243,g75514
22820039000198,g75515
22820039000199,g75515
22820039000201,g75516
12820019001492,g75516
12821019000971,g75517
12823019000735,g75517
12821019000974,g75518
12822019000844,g75518
22821034000532,g75519
12822019002752,g75519
22825045000341,g75520
22821045000486,g75520
22821034000534,g75521
22823034000072,g75521
22821034000536,g75522
22825034000157,g75522
22825045000344,g75523
12820019000670,g75523
22821034000539,g75524
22825034000044,g75524
22820039000221,g75525
22823039000112,g75525
22820039000222,g75526
22821039001091,g75526
22821034000545,g75527
12824019002546,g75527
22820039000226,g75528
22821039000189,g75528
22821034000547,g75529
22823034000163,g75529
22825045000351,g75530
22822045000338,g75530
22820039000225,g75531
22821039000160,g75531
22825045000358,g75532
22824045000069,g75532
22821034000555,g75533
22822034000172,g75533
22820039000235,g75534
12825019001282,g75534
22821034000563,g75535
22821034000108,g75535
22820039000251,g75536
22821039000934,g75536
12821019001024,g75537
12820019001587,g75537
22820039000262,g75538
22822039000356,g75538
12821019001043,g75539
12825019001111,g75539
22821034000604,g75540
22822035000385,g75540
22820039000285,g75541
22822039000590,g75541
22821034000607,g75542
22822034000311,g75542
22821034000612,g75543
22823034000122,g75543
22821034000613,g75544
12824019002534,g75544
22820039000299,g75545
22820039000361,g75545
22820039000300,g75546
22823039000238,g75546
22821034000626,g75547
12823019002163,g75547
22821034000630,g75548
22819034000680,g75548
22821034000631,g75549
22821035000338,g75549
12821019001085,g75550
12819019000907,g75550
22820039000316,g75551
22826039000198,g75551
22820039000324,g75552
22822039000771,g75552
12821019001096,g75553
22824048000120,g75553
12821019001097,g75554
12818019000686,g75554
22821034000650,g75555
12818019003242,g75555
22821034000660,g75556
22825033000036,g75556
22820039000343,g75557
22820039000447,g75557
12821019001116,g75558
12823019001927,g75558
12821019001118,g75559
22824036000125,g75559
12821019001121,g75560
12818019003778,g75560
22820039000354,g75561
22822039000807,g75561
22820039000357,g75562
22821039000982,g75562
22819044000044,g75563
22818019007724,g75563
22820039000366,g75564
12820019002111,g75564
22820039000369,g75565
22822039000458,g75565
12821019001135,g75566
22820033000036,g75566
12821019001144,g75567
12819019000743,g75567
12821019001167,g75568
22820038000061,g75568
12821019001170,g75569
12818019000594,g75569
22820039000404,g75570
22818019014879,g75570
22820039000406,g75571
22822039000460,g75571
12821019001183,g75572
12820019001393,g75572
22820039000415,g75573
22822039000384,g75573
22820039000419,g75574
22825039000133,g75574
22820039000424,g75575
22822039000823,g75575
22820039000432,g75576
22826039000087,g75576
22820039000436,g75577
22822039000527,g75577
12821019001206,g75578
12821019001340,g75578
22820039000439,g75579
22822039000312,g75579
22820039000448,g75580
22820039000010,g75580
12821019001216,g75581
12820019000058,g75581
22817019003271,g75582
12821019002482,g75582
22820039000460,g75583
22822039000389,g75583
22820039000461,g75584
22822039000442,g75584
22818019017110,g75585
12818019005713,g75585
22820039000483,g75586
22818019003649,g75586
22819044000170,g75587
22821044000060,g75587
12821019001261,g75588
12826019000293,g75588
12821019001277,g75589
12823019001144,g75589
12821019001310,g75590
12822019000154,g75590
12821019001314,g75591
22821040000119,g75591
12821019001333,g75592
22821037000263,g75592
12821019001344,g75593
12822019001925,g75593
12821019001366,g75594
12822019002031,g75594
22822046000077,g75595
22820046000013,g75595
12821019001379,g75596
12823019002218,g75596
12821019001382,g75597
12821019000041,g75597
12821019001395,g75598
12820019000035,g75598
12821019001414,g75599
12822019001588,g75599
22819044000326,g75600
22822044000637,g75600
12821019001431,g75601
12825019002365,g75601
12821019001456,g75602
12822019002665,g75602
22819044000369,g75603
22823044000531,g75603
12821019001469,g75604
12823019002382,g75604
22822044000640,g75605
22825044000538,g75605
22819044000408,g75606
22824044000189,g75606
22826042000028,g75607
22825042000577,g75607
12821019001519,g75608
12821019002213,g75608
22826042000047,g75609
22822042000076,g75609
12821019001521,g75610
12824019001961,g75610
12821019001520,g75611
12819019001584,g75611
22819044000433,g75612
22821038000495,g75612
12821019001528,g75613
12823019002003,g75613
22826042000056,g75614
22821042001147,g75614
12821019001531,g75615
12822019002017,g75615
22826042000059,g75616
22822042000684,g75616
12821019001535,g75617
22823047000129,g75617
12821019001546,g75618
12821019001554,g75618
22818019017430,g75619
12818019003645,g75619
12821019001558,g75620
12819019001729,g75620
22826042000104,g75621
22823042000985,g75621
12821019001582,g75622
12823019002329,g75622
12821019001591,g75623
12824019001534,g75623
22818019017466,g75624
22821036000484,g75624
12821019001601,g75625
12822019002166,g75625
12821019001603,g75626
12822019001840,g75626
22821036000004,g75627
12825019000978,g75627
12821019001604,g75628
12822019001837,g75628
12821019001606,g75629
12821019001808,g75629
22826042000138,g75630
22823042000246,g75630
12821019001612,g75631
12824019001276,g75631
22817019003667,g75632
22817019002069,g75632
22817019003668,g75633
22817019001479,g75633
22821036000021,g75634
22823036000294,g75634
22826042000164,g75635
12821019000647,g75635
22821036000037,g75636
22826036000051,g75636
22821036000038,g75637
22825036000125,g75637
12821019001638,g75638
12818019004796,g75638
12821019001642,g75639
22820045000135,g75639
22821036000045,g75640
22822036000012,g75640
12821019001645,g75641
12822019002908,g75641
12821019001646,g75642
12820019000424,g75642
22821036000049,g75643
22821036000164,g75643
12821019001650,g75644
12817019003628,g75644
22821036000051,g75645
12824019001460,g75645
22817019003698,g75646
22820041000269,g75646
22826042000181,g75647
22824042000158,g75647
22826042000185,g75648
22825042000430,g75648
22826042000187,g75649
22824042000042,g75649
22821036000061,g75650
22817019004058,g75650
12821019001663,g75651
12822019001905,g75651
22826042000198,g75652
22825042000526,g75652
12821019001671,g75653
12824019000034,g75653
12821019001672,g75654
12821019002894,g75654
22826042000213,g75655
22825042000044,g75655
22818019017558,g75656
22818037000333,g75656
12821019001687,g75657
12823019001501,g75657
22821036000086,g75658
22821039000621,g75658
22821036000091,g75659
22821034000078,g75659
22826042000219,g75660
22825042000578,g75660
22821036000098,g75661
22821041000154,g75661
22818019017571,g75662
22820037000058,g75662
22821036000110,g75663
22821036000236,g75663
22821036000113,g75664
22822036000256,g75664
22821036000123,g75665
22822036000030,g75665
22818019017594,g75666
22821038000072,g75666
22826042000254,g75667
22825042000536,g75667
22821036000132,g75668
12821019001905,g75668
12821019001733,g75669
12823019000246,g75669
22821036000133,g75670
22819036000112,g75670
22818019017609,g75671
22822041000036,g75671
22826042000265,g75672
22821042000562,g75672
22817019003789,g75673
22823034000046,g75673
12821019001744,g75674
22823046000174,g75674
22821036000145,g75675
22822036000370,g75675
22821036000146,g75676
22823036000383,g75676
12821019001751,g75677
12822019002501,g75677
22826042000284,g75678
12824019002182,g75678
22826042000283,g75679
22824042000311,g75679
12821019001756,g75680
22820035000014,g75680
12821019001759,g75681
12822019001973,g75681
22821036000172,g75682
22818019009796,g75682
12821019001775,g75683
12819019003310,g75683
22821036000176,g75684
22821036000721,g75684
22821036000175,g75685
22821036000177,g75685
22821036000178,g75686
22822033000064,g75686
22826042000302,g75687
22821042000346,g75687
22821036000186,g75688
12819019000317,g75688
22821036000191,g75689
22818036000211,g75689
22821036000193,g75690
22821036000774,g75690
22821036000207,g75691
22823036000134,g75691
12821019001827,g75692
12819019000835,g75692
22821036000228,g75693
12816019000828,g75693
22826042000356,g75694
22821042000636,g75694
22821036000234,g75695
12824019001613,g75695
12821019001840,g75696
12820019001133,g75696
22826042000372,g75697
22822042000201,g75697
12821019001851,g75698
12822019002923,g75698
22817019003908,g75699
12817019003086,g75699
12821019001863,g75700
22821036000569,g75700
22826042000395,g75701
12825019002528,g75701
12821019001892,g75702
12819019001592,g75702
22821036000296,g75703
12821019000501,g75703
12821019001902,g75704
12821019000106,g75704
22821036000308,g75705
22824036000033,g75705
22821036000307,g75706
22821035000241,g75706
22821036000312,g75707
22822036000396,g75707
22821036000322,g75708
22823036000137,g75708
12821019001930,g75709
12824019001117,g75709
12821019001933,g75710
22822046000474,g75710
22820041000014,g75711
22822041000575,g75711
12821019001936,g75712
22822046000082,g75712
12821019001934,g75713
12823019001590,g75713
22821036000338,g75714
22822036000088,g75714
22820041000019,g75715
22821041000430,g75715
22821036000340,g75716
22817019001732,g75716
22820041000030,g75717
22826041000044,g75717
12821019001948,g75718
12822019002452,g75718
22820041000034,g75719
22822041000435,g75719
12821019001958,g75720
22821035000537,g75720
22820041000039,g75721
22821041000244,g75721
12821019001961,g75722
22825041000269,g75722
22825047000170,g75723
22821047000200,g75723
12821019001963,g75724
12824019000328,g75724
22820041000044,g75725
22820040000030,g75725
12821019001967,g75726
22821035000168,g75726
22820041000053,g75727
22823041000256,g75727
22820041000054,g75728
22821041000832,g75728
22821036000379,g75729
22816019000268,g75729
22821036000381,g75730
12821019002303,g75730
12821019001980,g75731
12824019002463,g75731
12821019001986,g75732
12822019000760,g75732
22821036000390,g75733
12819019002289,g75733
22820041000071,g75734
22822041000447,g75734
12821019001999,g75735
12820019001428,g75735
22820041000080,g75736
22821041000310,g75736
12821019002002,g75737
12818019000497,g75737
22820041000082,g75738
22823041000159,g75738
22820041000086,g75739
22821041000267,g75739
22821036000407,g75740
22818036000387,g75740
22820041000088,g75741
22823041000485,g75741
22820041000089,g75742
22818041000129,g75742
22821036000413,g75743
22821033000432,g75743
22820041000095,g75744
22823041000074,g75744
22820041000098,g75745
22822041000338,g75745
22820041000102,g75746
22825041000044,g75746
12821019002026,g75747
12816019000853,g75747
22820041000108,g75748
22821041000444,g75748
22818019017901,g75749
12822019002891,g75749
22820041000112,g75750
22821041000723,g75750
12821019002039,g75751
12824019000995,g75751
22817019004092,g75752
12822019001963,g75752
22820041000126,g75753
22823041000389,g75753
22820041000127,g75754
22821043000328,g75754
22821036000460,g75755
22820036000104,g75755
22820041000145,g75756
22821041000045,g75756
12821019002070,g75757
12825019001949,g75757
22820041000152,g75758
22818041000267,g75758
22820041000156,g75759
22821042000796,g75759
22821036000477,g75760
22823036000375,g75760
22821036000478,g75761
22822036000383,g75761
12821019002080,g75762
22821037000186,g75762
12821019002084,g75763
12821019002354,g75763
22821036000486,g75764
22822036000008,g75764
22821036000487,g75765
22823036000355,g75765
12821019002086,g75766
12825019000647,g75766
22820041000166,g75767
12817019003574,g75767
22821036000500,g75768
22822036000581,g75768
22821036000501,g75769
22824036000100,g75769
22821036000503,g75770
12820019001483,g75770
22821036000504,g75771
22824036000067,g75771
12821019002105,g75772
22821034000313,g75772
22821036000507,g75773
22824036000065,g75773
22820041000184,g75774
22819041000524,g75774
12821019002108,g75775
12820019001368,g75775
12821019002111,g75776
12818019004835,g75776
12821019002110,g75777
12820019001257,g75777
12821019002115,g75778
12821019002681,g75778
22817019004165,g75779
22826045000006,g75779
12821019002117,g75780
12822019001132,g75780
22820041000203,g75781
22824041000413,g75781
12821019002126,g75782
12818019002066,g75782
12821019002128,g75783
22824048000492,g75783
12821019002133,g75784
12824019002223,g75784
22821036000544,g75785
12823019000003,g75785
22820041000229,g75786
22821041000656,g75786
22821036000551,g75787
22818019003437,g75787
12821019002152,g75788
12824019001127,g75788
12821019002157,g75789
12820019001625,g75789
12821019002172,g75790
12819019003236,g75790
22821036000574,g75791
22826036000062,g75791
22821036000575,g75792
22822036000632,g75792
22820041000254,g75793
22822041000332,g75793
22821036000589,g75794
12823019000469,g75794
22820041000270,g75795
22822041000604,g75795
12821019002195,g75796
22825033000024,g75796
22820041000277,g75797
22821041000881,g75797
22821036000598,g75798
22824036000098,g75798
12821019002202,g75799
12819019000410,g75799
22820041000285,g75800
22822041000103,g75800
12821019002210,g75801
12826019000410,g75801
12821019002212,g75802
12819019001911,g75802
12821019002229,g75803
12821019002420,g75803
22821036000635,g75804
22822036000049,g75804
22820041000315,g75805
22822041000320,g75805
12821019002236,g75806
12821019000729,g75806
12821019002237,g75807
12821019000417,g75807
22821036000642,g75808
22822036000691,g75808
12821019002247,g75809
12822019000316,g75809
22820041000330,g75810
22818019001416,g75810
22821036000654,g75811
22822036000387,g75811
22821036000660,g75812
22823036000241,g75812
12821019002261,g75813
12822019002894,g75813
12821019002282,g75814
12821019000737,g75814
22817019004331,g75815
22823033000249,g75815
22821036000688,g75816
22822036000304,g75816
12821019002289,g75817
12821019002551,g75817
22821036000694,g75818
22824036000001,g75818
12821019002294,g75819
12825019002556,g75819
22821036000708,g75820
22817019002058,g75820
12821019002308,g75821
12820019001792,g75821
22821036000710,g75822
22820036000216,g75822
22821036000714,g75823
22825036000072,g75823
22821036000718,g75824
22826036000054,g75824
12821019002322,g75825
12825019000010,g75825
22821036000724,g75826
12824019001142,g75826
12821019002327,g75827
12823019001170,g75827
22819046000090,g75828
22819046000177,g75828
22817019004390,g75829
12817019002709,g75829
22817019004397,g75830
22818019007676,g75830
22821036000751,g75831
22820036000248,g75831
22821036000757,g75832
22823036000386,g75832
22817019004406,g75833
22825034000041,g75833
22821036000764,g75834
22821036000765,g75834
22821036000768,g75835
22823036000319,g75835
22817019004417,g75836
22824041000072,g75836
22821036000778,g75837
22821036000804,g75837
12821019002396,g75838
12821019003071,g75838
12821019002397,g75839
12819019000896,g75839
22819046000159,g75840
22822046000435,g75840
22822033000003,g75841
22823033000091,g75841
22822033000004,g75842
22821033000572,g75842
12821019002440,g75843
12820019001354,g75843
22822033000009,g75844
22823033000206,g75844
12821019002450,g75845
12825019000825,g75845
22822033000025,g75846
22822033000159,g75846
12821019002457,g75847
12825019001712,g75847
22822033000027,g75848
22821033000133,g75848
12821019002461,g75849
12824019001342,g75849
22822033000032,g75850
22822033000294,g75850
22822033000045,g75851
22821033000170,g75851
22822033000046,g75852
22821033000238,g75852
12821019002483,g75853
22821035000596,g75853
22822033000054,g75854
22822033000113,g75854
12821019002487,g75855
12822019002716,g75855
22822033000066,g75856
22824033000222,g75856
12821019002497,g75857
12825019000202,g75857
12821019002500,g75858
12818019002536,g75858
22822033000071,g75859
22822033000265,g75859
22822033000084,g75860
22824194000413,g75860
22822033000085,g75861
22825033000245,g75861
12821019002520,g75862
22822039000546,g75862
12821019002526,g75863
12822019002917,g75863
22822033000095,g75864
22823033000113,g75864
22822033000096,g75865
22821033000889,g75865
22822033000104,g75866
22826033000031,g75866
22822033000117,g75867
22825033000138,g75867
22822033000121,g75868
22821034000096,g75868
22822033000122,g75869
22825033000132,g75869
12821019002560,g75870
12820019001538,g75870
12821019002563,g75871
12825019001058,g75871
22822033000134,g75872
22822033000290,g75872
12821019002566,g75873
22820038000022,g75873
12821019002568,g75874
22821042001160,g75874
12821019002570,g75875
12825019000303,g75875
22822033000140,g75876
22819033000627,g75876
22822033000145,g75877
22822033000441,g75877
22822033000147,g75878
22822033000514,g75878
12821019002580,g75879
12824019000362,g75879
22822033000153,g75880
22825033000146,g75880
12821019002586,g75881
12823019000845,g75881
12821019002590,g75882
12822019000795,g75882
22822033000165,g75883
22825033000202,g75883
22819046000358,g75884
22823046000380,g75884
12821019002601,g75885
12823019000737,g75885
22822033000182,g75886
22821033000289,g75886
12821019002627,g75887
12823019000752,g75887
12821019002631,g75888
22821039000256,g75888
22819046000399,g75889
22820046000215,g75889
22817019004688,g75890
22817019004689,g75890
22817019004697,g75891
22823043000308,g75891
22826044000032,g75892
22826044000096,g75892
12821019002658,g75893
12825019001325,g75893
22826044000039,g75894
22825044000666,g75894
22819046000426,g75895
22822046000041,g75895
22817019004717,g75896
12824019001179,g75896
22822033000240,g75897
22826033000105,g75897
22819046000435,g75898
22824046000022,g75898
22822033000244,g75899
22825033000041,g75899
22819046000437,g75900
22824046000144,g75900
12821019002695,g75901
12823019001734,g75901
12821019002700,g75902
12824019002467,g75902
22822033000273,g75903
12824019001656,g75903
12821019002716,g75904
12819019002055,g75904
22822033000287,g75905
22825033000027,g75905
12821019002738,g75906
22822038000517,g75906
22826044000121,g75907
12826019000504,g75907
22822033000314,g75908
22825033000244,g75908
22822033000319,g75909
22821033000081,g75909
12821019002757,g75910
12823019002244,g75910
12821019002760,g75911
12822019002020,g75911
22822033000330,g75912
22823033000034,g75912
22821038000012,g75913
12821019000657,g75913
22821038000014,g75914
22821038000092,g75914
22817019004815,g75915
22821040000263,g75915
12821019002768,g75916
12820019000561,g75916
22822033000335,g75917
22822033000336,g75917
22822033000337,g75918
22816019000603,g75918
12821019002769,g75919
12820019000405,g75919
22821038000023,g75920
22820038000187,g75920
12821019002776,g75921
12820019001939,g75921
12821019002777,g75922
22821035000643,g75922
22822033000344,g75923
22822033000460,g75923
12821019002779,g75924
22822035000005,g75924
22826044000155,g75925
22823044000310,g75925
12821019002783,g75926
12823019001179,g75926
22826044000159,g75927
22821044000618,g75927
22822033000356,g75928
12823019002385,g75928
12821019002790,g75929
12820019001263,g75929
22821038000039,g75930
22821038000405,g75930
22821038000040,g75931
22818038000155,g75931
22822033000362,g75932
22823033000003,g75932
22822033000363,g75933
22824033000049,g75933
22821038000054,g75934
22822038000317,g75934
22822033000375,g75935
22822033000446,g75935
22821038000055,g75936
22821038000805,g75936
22822033000381,g75937
22820033000043,g75937
22822033000383,g75938
12824019000603,g75938
22822033000388,g75939
22821033000080,g75939
12821019002824,g75940
22824040000024,g75940
12821019002826,g75941
22821037000543,g75941
22821038000085,g75942
22821038000145,g75942
22821038000094,g75943
22823038000020,g75943
22822033000414,g75944
22820033000212,g75944
12821019002851,g75945
12820019001824,g75945
12821019002853,g75946
12823019000041,g75946
22822033000426,g75947
22825033000187,g75947
22822033000430,g75948
22821033000322,g75948
22826044000238,g75949
22826044000274,g75949
22822033000432,g75950
22823033000265,g75950
22822033000436,g75951
22824033000326,g75951
12821019002873,g75952
12823019000208,g75952
22821038000123,g75953
22825038000217,g75953
22826044000253,g75954
22821044000013,g75954
22822033000449,g75955
22822033000452,g75955
12821019002885,g75956
12822019002467,g75956
22822033000455,g75957
22825033000232,g75957
22826044000269,g75958
22821044000347,g75958
22822033000464,g75959
22826033000099,g75959
22821038000147,g75960
22820038000004,g75960
22822033000468,g75961
22825033000190,g75961
22822033000467,g75962
12823019000806,g75962
22822033000472,g75963
22822033000631,g75963
12821019002915,g75964
12817019000489,g75964
12821019002921,g75965
22821040000689,g75965
22821038000173,g75966
22821043000426,g75966
22822033000496,g75967
22821033000634,g75967
12821019002932,g75968
22821042000812,g75968
12821019002934,g75969
12824019001129,g75969
22821038000184,g75970
22821038000210,g75970
12821019002937,g75971
22824037000272,g75971
12821019002939,g75972
22821037000141,g75972
22822033000512,g75973
22825033000283,g75973
22821038000195,g75974
22821038000323,g75974
12821019002949,g75975
22821037000563,g75975
22826044000320,g75976
22825044000046,g75976
22817019005007,g75977
22822038000308,g75977
12821019002964,g75978
12820019002070,g75978
22821038000220,g75979
22821038000224,g75979
22821038000223,g75980
22822038000535,g75980
22821038000228,g75981
22822038000110,g75981
22822033000549,g75982
12825019002588,g75982
12821019002980,g75983
12820019000338,g75983
12821019002982,g75984
12819019002042,g75984
12821019002986,g75985
12825019002543,g75985
22821038000253,g75986
22822038000096,g75986
12821019003012,g75987
22821039001271,g75987
12821019003013,g75988
12818019000429,g75988
22822033000585,g75989
22826033000109,g75989
22821038000274,g75990
22819040000067,g75990
22821038000277,g75991
22824038000020,g75991
22821038000278,g75992
22824038000200,g75992
22821038000279,g75993
22824038000286,g75993
22817019005081,g75994
22822038000033,g75994
22821038000286,g75995
22822038000658,g75995
22822033000612,g75996
22824033000052,g75996
22821038000295,g75997
22821039000383,g75997
22822033000616,g75998
22821033000632,g75998
22822033000617,g75999
22820033000009,g75999
22821038000299,g76000
22822038000587,g76000
22821038000307,g76001
22823038000113,g76001
22821038000320,g76002
22818038000109,g76002
22821038000322,g76003
22821038000716,g76003
22821038000330,g76004
22820038000073,g76004
22821038000332,g76005
22823038000299,g76005
22822033000670,g76006
22824033000163,g76006
12821019003102,g76007
12822019001651,g76007
22821038000355,g76008
12820019000965,g76008
22820043000035,g76009
22823043000083,g76009
12821019003112,g76010
22824044000318,g76010
22821038000365,g76011
22822038000451,g76011
22822033000698,g76012
22823033000184,g76012
12821019003129,g76013
12819019001092,g76013
22822033000701,g76014
22826033000058,g76014
22821038000382,g76015
22823038000158,g76015
12821019003139,g76016
12820019001072,g76016
12821019003144,g76017
12819019000864,g76017
22820043000076,g76018
22823043000303,g76018
22821038000399,g76019
22819038000198,g76019
22820043000080,g76020
22821043000391,g76020
12821019003153,g76021
22823046000179,g76021
12821019003155,g76022
12824019000444,g76022
22820043000085,g76023
22826043000113,g76023
12821019003160,g76024
12816019002478,g76024
22821038000415,g76025
22824038000057,g76025
22821038000427,g76026
22817019005738,g76026
22821038000430,g76027
22820038000097,g76027
22821038000432,g76028
22818019016673,g76028
22820043000114,g76029
22823043000366,g76029
22821038000439,g76030
22822038000383,g76030
22821038000440,g76031
22822038000567,g76031
22821038000442,g76032
22822038000112,g76032
22821038000443,g76033
12821019000244,g76033
22821038000441,g76034
22823038000151,g76034
12821019003207,g76035
12825019001936,g76035
12821019003211,g76036
12819019000948,g76036
22821038000463,g76037
22820038000027,g76037
12821019003215,g76038
12824019000596,g76038
12821019003245,g76039
22824038000353,g76039
12821019003257,g76040
12822019002912,g76040
22821038000515,g76041
22821038000774,g76041
12821019003271,g76042
22822037000465,g76042
22820043000208,g76043
22821043000457,g76043
22821038000547,g76044
22819038000208,g76044
22820043000231,g76045
22821043000188,g76045
22820043000234,g76046
22821043000330,g76046
12821019003314,g76047
12823019000913,g76047
12821019003321,g76048
12820019001808,g76048
12821019003322,g76049
12824019001446,g76049
22821038000579,g76050
22822038000483,g76050
22821038000583,g76051
22823038000034,g76051
22821038000584,g76052
12822019001793,g76052
22821038000598,g76053
22819038000279,g76053
12821019003359,g76054
12821019000013,g76054
22821038000608,g76055
22824038000350,g76055
22821038000614,g76056
22822038000626,g76056
12821019003370,g76057
12823019000667,g76057
22821038000624,g76058
22825038000304,g76058
22821038000628,g76059
22822038000461,g76059
22821038000632,g76060
22825038000263,g76060
22821038000641,g76061
22823038000040,g76061
22821038000647,g76062
22824038000137,g76062
22821038000655,g76063
12824019001217,g76063
22819048000021,g76064
22824048000309,g76064
22819048000025,g76065
22823048000116,g76065
22821038000667,g76066
22820038000233,g76066
22821038000668,g76067
22826038000111,g76067
22821038000670,g76068
22819038000332,g76068
22821038000678,g76069
22821038000724,g76069
22821038000685,g76070
22820038000176,g76070
22821038000687,g76071
22825038000054,g76071
22821038000691,g76072
22822038000210,g76072
22821038000701,g76073
22822038000493,g76073
22821038000713,g76074
22820038000222,g76074
22821038000717,g76075
22820038000203,g76075
22821038000721,g76076
22825038000136,g76076
22821038000741,g76077
22825038000215,g76077
22821038000743,g76078
12822019002681,g76078
22819048000103,g76079
22825048000321,g76079
22819048000114,g76080
22822048000264,g76080
22821038000760,g76081
12824019000887,g76081
22819048000127,g76082
22818048000146,g76082
22819048000133,g76083
22822048000221,g76083
22819048000134,g76084
22822048000220,g76084
22821038000790,g76085
22824038000207,g76085
22821038000797,g76086
22823038000025,g76086
22819048000157,g76087
22823048000090,g76087
22821038000813,g76088
22822038000585,g76088
22821038000818,g76089
12825019002176,g76089
22821038000829,g76090
22822038000560,g76090
22821038000837,g76091
12819019003038,g76091
22822035000011,g76092
22825035000217,g76092
22822035000012,g76093
22821035000526,g76093
22821038000847,g76094
22822038000045,g76094
22822035000043,g76095
22821035000696,g76095
22822035000059,g76096
22821035000689,g76096
22819048000260,g76097
22826048000066,g76097
12816019000080,g76098
12823019000929,g76098
22822035000089,g76099
22820035000028,g76099
12816019000122,g76100
12823019000476,g76100
22822035000129,g76101
22822035000182,g76101
22822035000134,g76102
22823035000153,g76102
22822035000136,g76103
22823035000035,g76103
22822035000138,g76104
22821035000231,g76104
22822035000140,g76105
22821035000314,g76105
22822035000142,g76106
12825019001138,g76106
22822035000145,g76107
22821035000391,g76107
12816019000161,g76108
22824046000315,g76108
22822035000165,g76109
22823035000182,g76109
12816019000196,g76110
12816019000229,g76110
22826046000026,g76111
22824046000007,g76111
22822035000228,g76112
22825035000246,g76112
22826046000046,g76113
22822046000476,g76113
22822035000259,g76114
22822035000272,g76114
22822035000265,g76115
22825035000221,g76115
22822035000273,g76116
22822035000493,g76116
22826046000089,g76117
22825046000288,g76117
22822035000284,g76118
22821035000720,g76118
22826046000099,g76119
22823046000021,g76119
22822035000292,g76120
22824035000370,g76120
22822035000293,g76121
22823035000245,g76121
22826046000106,g76122
12818019000054,g76122
22826046000108,g76123
22821046000067,g76123
22826046000126,g76124
22824046000324,g76124
22821040000002,g76125
22821040000326,g76125
22826046000132,g76126
22821046000681,g76126
22822035000326,g76127
22821035000355,g76127
22822035000328,g76128
22821035000262,g76128
22826046000146,g76129
22821046000676,g76129
22822035000339,g76130
22821035000125,g76130
22821040000021,g76131
22821039001316,g76131
22821040000024,g76132
12822019002709,g76132
22822035000346,g76133
22826035000003,g76133
22821040000032,g76134
22821044000025,g76134
22821040000035,g76135
22821039000191,g76135
22822035000357,g76136
22824035000324,g76136
22822035000361,g76137
22820035000059,g76137
22822035000366,g76138
22823035000405,g76138
22821040000047,g76139
22825040000276,g76139
22821040000056,g76140
22822040000066,g76140
22821040000057,g76141
22821040000366,g76141
22822035000379,g76142
12822019001848,g76142
12816019000380,g76143
12820019000244,g76143
12816019000402,g76144
12824019000865,g76144
22822035000403,g76145
22824036000123,g76145
22821040000093,g76146
22822040000376,g76146
22822035000420,g76147
22821035000255,g76147
12816019000427,g76148
12817019000009,g76148
22822035000430,g76149
22825035000235,g76149
22821040000116,g76150
22821040000606,g76150
22821040000118,g76151
22823039000052,g76151
22822035000440,g76152
22826035000117,g76152
22821040000123,g76153
22820040000140,g76153
22821040000126,g76154
22819039000642,g76154
22821040000132,g76155
22821040000700,g76155
22821040000133,g76156
22821040000369,g76156
22821040000135,g76157
22822039000712,g76157
22822035000459,g76158
22822035000532,g76158
22821040000141,g76159
22821040000603,g76159
22821040000143,g76160
22821040000706,g76160
22822035000476,g76161
22820035000004,g76161
22821040000163,g76162
22821040000164,g76162
22821040000165,g76163
22822040000492,g76163
22822035000486,g76164
22825035000115,g76164
22822035000488,g76165
22823035000278,g76165
22821040000173,g76166
12818019006179,g76166
12816019000495,g76167
12816019000647,g76167
22821040000177,g76168
22824040000084,g76168
22821040000182,g76169
22823040000273,g76169
22822035000503,g76170
12822019002099,g76170
22822035000512,g76171
22824035000185,g76171
22821040000195,g76172
12823019000179,g76172
22822035000517,g76173
22820035000035,g76173
22820039000103,g76174
22821039000171,g76174
22821040000206,g76175
22822040000702,g76175
22821040000209,g76176
22822040000384,g76176
22821040000222,g76177
22821040000273,g76177
22821040000223,g76178
22824040000238,g76178
22821040000243,g76179
22825040000130,g76179
22821040000279,g76180
22821040000491,g76180
22821040000284,g76181
22822040000041,g76181
22821040000290,g76182
22824040000103,g76182
22821040000298,g76183
22823040000207,g76183
22821040000304,g76184
22824040000366,g76184
22821040000309,g76185
22824040000122,g76185
22822035000634,g76186
22824035000279,g76186
22822035000635,g76187
22819035000128,g76187
22822035000641,g76188
22821035000570,g76188
22820045000003,g76189
22823045000128,g76189
22822035000647,g76190
12824019002460,g76190
22820045000007,g76191
22819045000114,g76191
22821040000331,g76192
22825040000159,g76192
22820045000013,g76193
22823045000232,g76193
22821040000335,g76194
22825040000109,g76194
22821040000337,g76195
22824040000052,g76195
22820045000022,g76196
22822045000131,g76196
22820045000044,g76197
22822045000183,g76197
22820045000049,g76198
22820045000118,g76198
22821040000372,g76199
22820040000319,g76199
22820045000053,g76200
12821019000254,g76200
22820045000052,g76201
22822045000363,g76201
12816019000696,g76202
12825019001368,g76202
22820045000057,g76203
22820045000192,g76203
22821040000397,g76204
22821040000990,g76204
22820045000080,g76205
22824045000281,g76205
22821040000402,g76206
22823040000234,g76206
22821040000405,g76207
12820019000099,g76207
22821040000407,g76208
22821040000808,g76208
22821040000410,g76209
22822040000594,g76209
22821040000418,g76210
22821040000994,g76210
22821040000419,g76211
22824040000207,g76211
22821040000423,g76212
22825040000224,g76212
22821040000439,g76213
22822040000178,g76213
12816019000765,g76214
12817019003223,g76214
22820045000125,g76215
22821045000298,g76215
22821040000450,g76216
22823040000046,g76216
22820045000138,g76217
22821045000404,g76217
22820045000158,g76218
22821045000538,g76218
22821040000484,g76219
12821019000278,g76219
22821040000487,g76220
22821040000538,g76220
22820045000168,g76221
22824045000066,g76221
22821040000494,g76222
22822040000626,g76222
12816019000817,g76223
12816019000869,g76223
22820045000185,g76224
12819019003157,g76224
22821040000510,g76225
22820040000134,g76225
22820045000193,g76226
12820019001447,g76226
22820045000194,g76227
22821045000477,g76227
22821040000515,g76228
22822040000395,g76228
22821040000520,g76229
22821040000635,g76229
22821040000526,g76230
22820040000137,g76230
22820045000214,g76231
22822045000328,g76231
22820045000219,g76232
22819045000241,g76232
22821040000545,g76233
12824019001035,g76233
22820045000231,g76234
22819045000411,g76234
22821040000562,g76235
22825040000234,g76235
22820045000250,g76236
22824045000125,g76236
22821040000581,g76237
22822040000167,g76237
22821040000594,g76238
22825040000250,g76238
22821040000598,g76239
12822019000686,g76239
22821040000609,g76240
22819040000161,g76240
22821040000610,g76241
22821033000137,g76241
22821040000611,g76242
22821041000519,g76242
22821040000622,g76243
22822040000373,g76243
22821040000626,g76244
22822040000006,g76244
22821040000634,g76245
22825040000287,g76245
22821040000686,g76246
22824040000007,g76246
22821040000691,g76247
22822040000715,g76247
22821040000717,g76248
22820040000266,g76248
12816019001047,g76249
12816019001134,g76249
22821040000730,g76250
12820019001740,g76250
22821040000738,g76251
12825019001881,g76251
22821040000744,g76252
22822040000027,g76252
22821040000753,g76253
22822040000523,g76253
22821040000765,g76254
12822019000697,g76254
22821040000784,g76255
22822040000067,g76255
22821040000791,g76256
22822040000351,g76256
22821040000800,g76257
22822040000654,g76257
22821040000813,g76258
22823040000228,g76258
22821040000816,g76259
22822040000689,g76259
22821040000830,g76260
22822040000691,g76260
22821040000835,g76261
22822040000478,g76261
22822037000007,g76262
22824037000251,g76262
22822037000013,g76263
22823037000039,g76263
22822037000015,g76264
22821037000228,g76264
22822037000028,g76265
22818019001921,g76265
22822037000042,g76266
22818019003693,g76266
22821040000875,g76267
22825040000305,g76267
22821040000877,g76268
22822040000584,g76268
22822037000047,g76269
22821037000625,g76269
22822037000049,g76270
22822037000648,g76270
22821040000895,g76271
22821040000925,g76271
12816019001218,g76272
12817019000831,g76272
22822037000077,g76273
22823037000228,g76273
22822037000078,g76274
22825037000079,g76274
22821040000916,g76275
22824040000019,g76275
22821040000917,g76276
22821039000416,g76276
22822037000086,g76277
22820037000110,g76277
12816019001240,g76278
12816019001683,g76278
22821040000931,g76279
22822040000336,g76279
22821040000934,g76280
22825040000043,g76280
12816019001255,g76281
12816019001256,g76281
22822037000116,g76282
22820037000097,g76282
22821040000948,g76283
22822040000201,g76283
22822037000130,g76284
22825037000232,g76284
22821040000964,g76285
22820040000336,g76285
22821040000966,g76286
22820040000034,g76286
12816019001290,g76287
12816019002403,g76287
22821040000974,g76288
22823040000013,g76288
22822037000145,g76289
22821037000500,g76289
22821040000988,g76290
22820040000412,g76290
22822037000171,g76291
22825037000075,g76291
12816019001335,g76292
12816019001363,g76292
22826048000002,g76293
22821048000101,g76293
12816019001346,g76294
12816019001781,g76294
22821040001029,g76295
22822040000524,g76295
22821040001030,g76296
22825040000278,g76296
12816019001364,g76297
12818019002015,g76297
22822037000213,g76298
22818019010769,g76298
22822037000216,g76299
22818019006167,g76299
22822037000222,g76300
22822037000567,g76300
22822037000244,g76301
22823037000033,g76301
12816019001398,g76302
12816019001415,g76302
22826048000056,g76303
22821048000134,g76303
22826048000062,g76304
12824019000687,g76304
22822037000260,g76305
22820037000125,g76305
22822037000262,g76306
22826037000014,g76306
22822037000265,g76307
22822036000580,g76307
22822037000267,g76308
22826037000031,g76308
22826048000084,g76309
22821048000254,g76309
22822037000284,g76310
12820019002022,g76310
22822037000305,g76311
22824037000055,g76311
12816019001458,g76312
12819019000022,g76312
22826048000118,g76313
12824019000978,g76313
22822037000314,g76314
22819037000411,g76314
22822037000316,g76315
22822037000590,g76315
22822037000319,g76316
22825037000165,g76316
22822037000322,g76317
22824037000189,g76317
22826048000136,g76318
22823048000308,g76318
22822037000336,g76319
22819037000243,g76319
22821042000029,g76320
22820042000534,g76320
22822037000358,g76321
22823037000008,g76321
22822037000359,g76322
22824037000204,g76322
22822037000360,g76323
22824037000205,g76323
12816019001520,g76324
12824019000417,g76324
22821042000049,g76325
22821042000048,g76325
22822037000375,g76326
22820037000127,g76326
12823019000008,g76327
22823037000320,g76327
12816019001548,g76328
22821037000371,g76328
22822037000397,g76329
22820037000240,g76329
12823019000017,g76330
12825019001734,g76330
12823019000021,g76331
22823042000132,g76331
12816019001557,g76332
12818019001947,g76332
12823019000028,g76333
12822019002523,g76333
12823019000030,g76334
12825019001695,g76334
12823019000031,g76335
22822036000607,g76335
12823019000032,g76336
22821042001449,g76336
12823019000037,g76337
12825019000875,g76337
12823019000038,g76338
12822019002598,g76338
22821042000106,g76339
22821042001784,g76339
22822037000431,g76340
22823037000066,g76340
22822037000434,g76341
22823037000018,g76341
22822037000437,g76342
22819037000396,g76342
12823019000055,g76343
12824019000522,g76343
22822037000441,g76344
22821037000215,g76344
12823019000057,g76345
12825019000811,g76345
22821042000123,g76346
22821042001214,g76346
12823019000059,g76347
12825019001305,g76347
22822037000456,g76348
12818019002981,g76348
22822037000460,g76349
22823037000094,g76349
22822037000461,g76350
22818019012165,g76350
12823019000089,g76351
12823019000092,g76351
12823019000093,g76352
12824019000628,g76352
22822037000481,g76353
22824037000164,g76353
12816019001633,g76354
12820019001401,g76354
22822037000483,g76355
22823037000234,g76355
12823019000102,g76356
12823019001169,g76356
22822037000487,g76357
22817019000333,g76357
22822037000488,g76358
22818019015079,g76358
22822037000493,g76359
22820037000266,g76359
22822037000495,g76360
22818019003923,g76360
22822037000499,g76361
22818019002609,g76361
12823019000117,g76362
22819039000091,g76362
12823019000121,g76363
12823019000779,g76363
12816019001665,g76364
12819019003378,g76364
12823019000131,g76365
12826019000773,g76365
22822037000525,g76366
22818019015272,g76366
22822037000527,g76367
22821037000029,g76367
12823019000147,g76368
12822019001407,g76368
22822037000540,g76369
22825037000017,g76369
12816019001698,g76370
12817019000146,g76370
12823019000165,g76371
22820044000433,g76371
22821042000231,g76372
22818019008370,g76372
22822037000556,g76373
22824037000090,g76373
12823019000174,g76374
12820019000591,g76374
12823019000189,g76375
12826019000382,g76375
12823019000203,g76376
12822019000230,g76376
22822037000595,g76377
22822037000617,g76377
22821042000276,g76378
22824042000537,g76378
12816019001749,g76379
22817019000660,g76379
12823019000222,g76380
22825048000121,g76380
22822037000619,g76381
22821037000279,g76381
12823019000241,g76382
12823019001245,g76382
22822037000626,g76383
12823019002681,g76383
22822037000627,g76384
22818019015202,g76384
12823019000244,g76385
12822019000761,g76385
12823019000242,g76386
12818019005706,g76386
22822037000638,g76387
12825019002323,g76387
22821042000331,g76388
22821042001638,g76388
12823019000281,g76389
12818019000690,g76389
12823019000287,g76390
12824019001417,g76390
12823019000290,g76391
12820019001295,g76391
22820047000037,g76392
22819047000288,g76392
22821042000361,g76393
22824042000222,g76393
22821042000364,g76394
22821033000510,g76394
22821042000365,g76395
22823042000762,g76395
12816019001839,g76396
12817019001923,g76396
22820047000057,g76397
22821047000032,g76397
12823019000323,g76398
12823019000877,g76398
22821042000412,g76399
22822042000396,g76399
12816019001884,g76400
22816019000638,g76400
22821042000416,g76401
22822042000329,g76401
12823019000377,g76402
12818019004810,g76402
22821042000444,g76403
22823042000201,g76403
22820047000126,g76404
22821047000008,g76404
22821042000447,g76405
22825042000633,g76405
22821042000452,g76406
22821042000511,g76406
12823019000399,g76407
12824019001561,g76407
22821042000467,g76408
22824042000320,g76408
22820047000164,g76409
22821047000001,g76409
12823019000423,g76410
12817019000022,g76410
22821042000502,g76411
12825019001815,g76411
12823019000438,g76412
12819019002837,g76412
12823019000440,g76413
12822019000436,g76413
22823034000001,g76414
22824034000008,g76414
22821042000513,g76415
22821042001063,g76415
22821042000521,g76416
22821042001537,g76416
22821042000528,g76417
22821042000529,g76417
12823019000468,g76418
12824019000834,g76418
22821042000533,g76419
22822042000580,g76419
12816019002013,g76420
12818019001196,g76420
22823034000029,g76421
22822034000367,g76421
22823034000031,g76422
12817019002655,g76422
22821042000547,g76423
22820042000016,g76423
12823019000487,g76424
12820019000085,g76424
22823034000053,g76425
22825034000173,g76425
12823019000506,g76426
12822019002648,g76426
22821042000571,g76427
22821042000778,g76427
22823034000061,g76428
12819019003117,g76428
12823019000511,g76429
12818019005534,g76429
12823019000514,g76430
12817019000447,g76430
22821042000579,g76431
22821042001372,g76431
22821042000587,g76432
22824042000172,g76432
22821042000588,g76433
22820042000544,g76433
22821042000590,g76434
22822042000788,g76434
12823019000530,g76435
12818019001764,g76435
22823034000084,g76436
22818019011526,g76436
12823019000533,g76437
12818019004485,g76437
22823034000086,g76438
22821034000146,g76438
12823019000555,g76439
12818019006338,g76439
22823034000108,g76440
22820034000028,g76440
12823019000557,g76441
22821042001767,g76441
22823034000111,g76442
22817019000963,g76442
12823019000564,g76443
22821039000609,g76443
22823034000133,g76444
22820034000161,g76444
22823034000134,g76445
22818019016476,g76445
22823034000135,g76446
22825033000326,g76446
22823034000137,g76447
22822034000475,g76447
12823019000583,g76448
12823019000601,g76448
22823034000148,g76449
22822034000191,g76449
22823034000154,g76450
22823034000193,g76450
22821042000672,g76451
22824042000532,g76451
22821042000673,g76452
22821042000695,g76452
12823019000612,g76453
22821039000046,g76453
22821042000675,g76454
22821042001350,g76454
22823034000169,g76455
12824019002356,g76455
12816019002173,g76456
22817019001675,g76456
22823034000198,g76457
22825034000133,g76457
22821042000714,g76458
22824042000091,g76458
12823019000653,g76459
22823044000048,g76459
22821042000720,g76460
12823019000656,g76460
12823019000657,g76461
12824019002271,g76461
22821042000721,g76462
22824042000878,g76462
22823034000218,g76463
22822034000362,g76463
22823034000220,g76464
22826034000074,g76464
12823019000672,g76465
12824019002516,g76465
12816019002217,g76466
12817019000248,g76466
12823019000683,g76467
12819019000430,g76467
12816019002228,g76468
12819019001875,g76468
22821042000769,g76469
22820042000261,g76469
22823034000258,g76470
22825034000193,g76470
22823034000260,g76471
22825034000189,g76471
22823034000266,g76472
22822034000450,g76472
12823019000716,g76473
12824019001480,g76473
12816019002253,g76474
12821019000614,g76474
12816019002255,g76475
12818019006389,g76475
12823019000722,g76476
22824042000336,g76476
12823019000723,g76477
22821037000638,g76477
22821042000797,g76478
22822042000883,g76478
12823019000733,g76479
12820019000905,g76479
12823019000739,g76480
12822019000499,g76480
12823019000741,g76481
12825019000539,g76481
12823019000748,g76482
12824019001136,g76482
22821042000826,g76483
22821042001041,g76483
22821042000830,g76484
22824042000584,g76484
12823019000771,g76485
12817019001275,g76485
22822039000005,g76486
22824039000409,g76486
22821042000847,g76487
22820042000582,g76487
22822039000016,g76488
22824039000539,g76488
12816019002329,g76489
12817019000526,g76489
22822039000027,g76490
22822039000339,g76490
22821042000859,g76491
22825042000670,g76491
22821042000865,g76492
22821042001482,g76492
22821042000873,g76493
22825042000484,g76493
12816019002346,g76494
12817019003123,g76494
22822039000045,g76495
22819039000170,g76495
22822039000052,g76496
22821039000050,g76496
12823019000823,g76497
12825019000191,g76497
12823019000825,g76498
22822043000280,g76498
12823019000838,g76499
12820019001015,g76499
22821042000917,g76500
22821042001403,g76500
12823019000854,g76501
12826019000429,g76501
12816019002393,g76502
22817019000080,g76502
22821042000925,g76503
22821042000968,g76503
22822039000103,g76504
22822039000465,g76504
12823019000871,g76505
12820019001516,g76505
12823019000874,g76506
12822019000495,g76506
22822039000107,g76507
22821039001147,g76507
22822039000110,g76508
22821039000358,g76508
22822039000112,g76509
22822039000583,g76509
12823019000885,g76510
12819019000804,g76510
22822039000131,g76511
22823039000206,g76511
22821042000974,g76512
22820042000206,g76512
12823019000915,g76513
12825019000468,g76513
12823019000925,g76514
12819019000671,g76514
22822039000161,g76515
22823039000331,g76515
12823019000930,g76516
12823019001710,g76516
12816019002470,g76517
12824019001653,g76517
22822039000170,g76518
22824039000358,g76518
12823019000938,g76519
12821019000734,g76519
22822039000173,g76520
12824019000127,g76520
12823019000942,g76521
12821019000288,g76521
12823019000943,g76522
22823046000101,g76522
22822039000176,g76523
22820039000057,g76523
22821042001012,g76524
22823042000546,g76524
12823019000951,g76525
22821033000755,g76525
12823019000972,g76526
12820019000721,g76526
22822039000206,g76527
12822019001150,g76527
12823019000980,g76528
12819019001723,g76528
12823019000988,g76529
12818019003075,g76529
22822039000225,g76530
22824039000022,g76530
22822039000233,g76531
22824039000331,g76531
12823019001003,g76532
12817019000681,g76532
12823019001004,g76533
12817019000796,g76533
12823019001010,g76534
12824019001367,g76534
22821042001079,g76535
22822042000240,g76535
22821042001086,g76536
22825042000532,g76536
12823019001033,g76537
22821037000163,g76537
12823019001035,g76538
12822019001769,g76538
22822039000270,g76539
22823039000314,g76539
22822039000272,g76540
22819039000221,g76540
12823019001043,g76541
12824019002342,g76541
22822039000281,g76542
22824039000333,g76542
22822039000282,g76543
22821039001030,g76543
22822039000283,g76544
22821039000550,g76544
22822039000291,g76545
22822039000300,g76545
12823019001060,g76546
22823040000091,g76546
12823019001063,g76547
12818019003025,g76547
22822039000296,g76548
22825039000344,g76548
22822039000301,g76549
22824039000123,g76549
12823019001068,g76550
22820040000308,g76550
12823019001073,g76551
12818019000305,g76551
22822039000305,g76552
22822039000795,g76552
12823019001085,g76553
22822034000092,g76553
22821042001154,g76554
22822042001169,g76554
22821044000010,g76555
22819042000702,g76555
22821042001166,g76556
22819042000477,g76556
22821042001179,g76557
22818019006029,g76557
12823019001118,g76558
12820019000731,g76558
22821042001193,g76559
22824042000928,g76559
22821042001196,g76560
22825042000732,g76560
22821044000051,g76561
22821044000101,g76561
22821042001207,g76562
22822042001011,g76562
22821042001209,g76563
22822042000630,g76563
22822039000382,g76564
22826039000088,g76564
22821042001215,g76565
22822042000747,g76565
22821042001218,g76566
22823042000753,g76566
12823019001158,g76567
22824042000675,g76567
22821042001228,g76568
22824042000654,g76568
22822039000398,g76569
22821039000638,g76569
22822039000408,g76570
22822039000797,g76570
22822039000412,g76571
22824039000498,g76571
12823019001183,g76572
12826019000187,g76572
22822039000413,g76573
22823039000091,g76573
22822039000425,g76574
22821039001266,g76574
22821042001259,g76575
22821042001495,g76575
22821042001260,g76576
22823042001145,g76576
12823019001198,g76577
12820017000042,g76577
22821042001268,g76578
22825042000207,g76578
22821042001270,g76579
22822042000167,g76579
12823019001211,g76580
12823019001478,g76580
22821042001276,g76581
22820042000425,g76581
12823019001212,g76582
12820019001735,g76582
12823019001215,g76583
12825019001356,g76583
22821042001279,g76584
12822019002643,g76584
22822039000448,g76585
22821039001117,g76585
22822039000451,g76586
22821039001158,g76586
22821042001283,g76587
22822042000018,g76587
12823019001226,g76588
12818019002285,g76588
22822039000461,g76589
22822039000542,g76589
22822039000462,g76590
12822019001987,g76590
12823019001232,g76591
12825019001264,g76591
22821044000146,g76592
22821044000157,g76592
22822039000472,g76593
12823019002429,g76593
12823019001242,g76594
22819033000476,g76594
22822039000481,g76595
22822039000688,g76595
22821042001313,g76596
22823042000082,g76596
12823019001251,g76597
12820019000720,g76597
12823019001255,g76598
12822019000190,g76598
22821042001324,g76599
22823042001087,g76599
22822039000493,g76600
22821039000276,g76600
12823019001266,g76601
22820038000226,g76601
12823019001270,g76602
12823019001547,g76602
22821042001335,g76603
12825019001164,g76603
22822039000506,g76604
22824039000124,g76604
22821042001349,g76605
22824042000793,g76605
22821042001358,g76606
22825042000200,g76606
12823019001295,g76607
12824019002323,g76607
22821044000206,g76608
22823044000017,g76608
12823019001299,g76609
12825019000735,g76609
22821042001375,g76610
22823042000206,g76610
22821044000218,g76611
22822044000618,g76611
22822039000548,g76612
22821039000989,g76612
22821044000231,g76613
22822044000421,g76613
22822039000573,g76614
22820039000046,g76614
22821042001406,g76615
22824042000161,g76615
22821044000252,g76616
22823044000043,g76616
22821042001413,g76617
22822042000636,g76617
22821044000266,g76618
22821044000267,g76618
22821042001422,g76619
12822019001027,g76619
22822039000601,g76620
22821039001319,g76620
22822039000603,g76621
22821039001195,g76621
12823019001373,g76622
12820019001137,g76622
22822039000605,g76623
22820039000029,g76623
12823019001375,g76624
12817019004016,g76624
12823019001376,g76625
12821019000279,g76625
22821042001440,g76626
22820042000511,g76626
22821044000291,g76627
22823043000246,g76627
22821044000294,g76628
22822044000645,g76628
22822039000615,g76629
22821039000060,g76629
12823019001384,g76630
12822019002349,g76630
22821042001451,g76631
22824042000727,g76631
12823019001393,g76632
12824019001244,g76632
22821044000307,g76633
22824044000567,g76633
12823019001401,g76634
12825019001728,g76634
22821042001474,g76635
22822042000701,g76635
22822039000650,g76636
22825039000364,g76636
12823019001421,g76637
12823019001469,g76637
12823019001423,g76638
12822019001710,g76638
22822039000661,g76639
12825019001153,g76639
12823019001432,g76640
12822019002104,g76640
22821042001500,g76641
22821042001499,g76641
12823019001437,g76642
12823019001659,g76642
22821042001504,g76643
22822042001124,g76643
22821044000358,g76644
22821033000511,g76644
22821044000365,g76645
12824019002474,g76645
22821044000366,g76646
22823044000062,g76646
22821044000369,g76647
22822044000395,g76647
22822039000693,g76648
22821039000988,g76648
22822039000699,g76649
22826039000120,g76649
22821044000390,g76650
22821044000517,g76650
12823019001480,g76651
22822044000573,g76651
22822039000713,g76652
22824039000309,g76652
12823019001483,g76653
22823038000217,g76653
12823019001484,g76654
22823038000101,g76654
22821042001549,g76655
22822042000808,g76655
22822039000716,g76656
22821039001207,g76656
12823019001489,g76657
12825019001066,g76657
22821044000409,g76658
22823044000533,g76658
22822039000730,g76659
22821039000894,g76659
22822039000731,g76660
22821039000683,g76660
22821044000412,g76661
22820044000093,g76661
22821042001572,g76662
22825042000364,g76662
22822039000742,g76663
22823039000043,g76663
12823019001512,g76664
12817019000300,g76664
22821044000424,g76665
22821044000427,g76665
22821044000431,g76666
22824044000144,g76666
22821044000436,g76667
22824044000269,g76667
22822039000767,g76668
22821039001075,g76668
12823019001540,g76669
22823042000482,g76669
22821042001614,g76670
22818019003718,g76670
22821042001617,g76671
22825042000304,g76671
22821044000467,g76672
22822044000019,g76672
22821042001626,g76673
22823042000112,g76673
12823019001564,g76674
12822019001378,g76674
12823019001565,g76675
12820019001316,g76675
22821044000484,g76676
22824044000254,g76676
22821044000492,g76677
22824044000011,g76677
22821042001650,g76678
12826019000393,g76678
22821042001652,g76679
22824042000196,g76679
22821044000502,g76680
22816019001028,g76680
22823036000011,g76681
12822019002634,g76681
12823019001628,g76682
12824019002214,g76682
22821044000544,g76683
22821044000812,g76683
22821044000545,g76684
22822044000263,g76684
12823019001646,g76685
12824019001997,g76685
12823019001648,g76686
12825019001074,g76686
12823019001651,g76687
22823045000272,g76687
22821044000567,g76688
22818044000205,g76688
22821042001725,g76689
22824042000221,g76689
22821042001728,g76690
22819042000776,g76690
22823036000066,g76691
12824019000988,g76691
22823036000068,g76692
22822036000333,g76692
22823036000071,g76693
22818019000499,g76693
12823019001674,g76694
12825019000068,g76694
12823019001676,g76695
22822038000125,g76695
22823036000093,g76696
22823036000115,g76696
22823036000113,g76697
22818019005459,g76697
12823019001721,g76698
22821037000126,g76698
12823019001722,g76699
12824019001789,g76699
22821044000641,g76700
22821044000683,g76700
12823019001730,g76701
12825019001723,g76701
22821044000642,g76702
22821044000845,g76702
22823036000141,g76703
22822036000693,g76703
22823036000144,g76704
22823036000150,g76704
22823036000146,g76705
22822036000698,g76705
22823036000149,g76706
22822036000567,g76706
22823036000167,g76707
12818019004935,g76707
22821044000699,g76708
22821033000609,g76708
12823019001788,g76709
22822040000686,g76709
12823019001791,g76710
12822019001468,g76710
12823019001794,g76711
12825019000079,g76711
22823036000200,g76712
22819036000092,g76712
12823019001801,g76713
22821046000153,g76713
12823019001820,g76714
12822019002267,g76714
22821044000732,g76715
12819019002536,g76715
22823036000238,g76716
22818019009770,g76716
22821044000751,g76717
22820044000355,g76717
12823019001850,g76718
12824019000471,g76718
22823036000261,g76719
22822036000401,g76719
22823036000269,g76720
22826036000067,g76720
22823036000272,g76721
22823036000273,g76721
22823036000286,g76722
22822036000583,g76722
22823036000291,g76723
22823036000298,g76723
22823036000292,g76724
22822036000598,g76724
22823036000296,g76725
22822036000065,g76725
22823036000297,g76726
22826036000107,g76726
22823036000300,g76727
22820036000171,g76727
12823019001900,g76728
12822019001422,g76728
22823036000308,g76729
22820036000255,g76729
22823036000313,g76730
22824036000058,g76730
22823036000315,g76731
22823036000320,g76731
12823019001916,g76732
12820019000224,g76732
12823019001917,g76733
12822019001238,g76733
22823036000323,g76734
22825036000140,g76734
22821044000835,g76735
22824044000258,g76735
22823036000326,g76736
22824036000074,g76736
22822041000011,g76737
22825041000309,g76737
22821044000839,g76738
22824044000630,g76738
12823019001936,g76739
12820019000528,g76739
12823019001941,g76740
12822019000249,g76740
22823036000349,g76741
22826036000099,g76741
22822041000034,g76742
22825041000344,g76742
12823019001958,g76743
12826019000465,g76743
22822041000051,g76744
22822041000309,g76744
22822041000052,g76745
22823041000305,g76745
12823019001983,g76746
12822019000677,g76746
22822041000070,g76747
22821041000727,g76747
22823036000398,g76748
22822036000291,g76748
22822041000080,g76749
22821041000103,g76749
22823036000401,g76750
22824037000110,g76750
22822041000081,g76751
22824041000349,g76751
22823036000405,g76752
22825036000150,g76752
22822041000086,g76753
22826041000119,g76753
12823019002011,g76754
12825019000198,g76754
22821044000923,g76755
22825044000511,g76755
22821044000932,g76756
22821044000933,g76756
22822041000109,g76757
22821041000531,g76757
22821044000947,g76758
22818044000233,g76758
22822041000125,g76759
22821041000167,g76759
22822041000143,g76760
22821041000257,g76760
12823019002064,g76761
22822042000942,g76761
22822041000150,g76762
22824041000271,g76762
22822041000157,g76763
22823041000183,g76763
22822041000164,g76764
22824041000069,g76764
22822041000170,g76765
22821041000075,g76765
12823019002105,g76766
12822019001001,g76766
12823019002106,g76767
12825019000291,g76767
12823019002130,g76768
12822019001984,g76768
12823019002131,g76769
12825019000801,g76769
12823019002173,g76770
12822019000635,g76770
22822041000283,g76771
22821041000324,g76771
22822041000307,g76772
22821041000247,g76772
22822041000308,g76773
22821041000305,g76773
22822041000310,g76774
12821019000666,g76774
22822041000311,g76775
22825041000092,g76775
12823019002239,g76776
12825019001376,g76776
12823019002240,g76777
12818019001246,g76777
22821046000001,g76778
22824046000068,g76778
22822041000327,g76779
22821041000304,g76779
22822041000328,g76780
22821041000323,g76780
22822041000329,g76781
22821041000334,g76781
12823019002252,g76782
12822019000303,g76782
22822041000336,g76783
22821041000331,g76783
22822041000342,g76784
22823041000507,g76784
12823019002264,g76785
12822019001209,g76785
12823019002273,g76786
22823033000294,g76786
22822041000353,g76787
22825041000091,g76787
22822041000359,g76788
22821041000501,g76788
22821046000041,g76789
22823046000240,g76789
22821046000044,g76790
22818046000125,g76790
12823019002290,g76791
12825019002173,g76791
22822041000370,g76792
22821041000270,g76792
22822041000374,g76793
22826041000078,g76793
22822041000376,g76794
22821041000178,g76794
22822041000377,g76795
22819041000008,g76795
22822041000379,g76796
22820041000279,g76796
12823019002301,g76797
12823019002598,g76797
22821046000065,g76798
22823046000102,g76798
22822041000393,g76799
22821041000751,g76799
22821046000074,g76800
22821046000269,g76800
12823019002318,g76801
12826019000687,g76801
22822041000400,g76802
22821041000130,g76802
22822041000406,g76803
22821041000308,g76803
22822041000416,g76804
22816019000384,g76804
12823019002335,g76805
22819039000733,g76805
12823019002341,g76806
12824019002490,g76806
22821046000105,g76807
12826019000122,g76807
22821046000107,g76808
12821019000652,g76808
22822041000429,g76809
22824041000217,g76809
22821046000119,g76810
22824046000176,g76810
22822041000446,g76811
22823041000080,g76811
12823019002375,g76812
12824019001519,g76812
22822041000461,g76813
22821041000282,g76813
22822041000464,g76814
22821041000394,g76814
22826044000147,g76815
22823044000041,g76815
12823019002397,g76816
12823019002406,g76816
22822041000481,g76817
22821041000568,g76817
22822041000487,g76818
22821041000108,g76818
22822041000488,g76819
22821041000716,g76819
22822041000498,g76820
22822041000568,g76820
22821046000180,g76821
22823046000290,g76821
22821046000184,g76822
22820046000005,g76822
22822041000507,g76823
22821041000391,g76823
22821046000193,g76824
22820046000009,g76824
22821046000204,g76825
22823046000277,g76825
22822041000527,g76826
22821041000062,g76826
22822041000529,g76827
22821041000214,g76827
22821046000209,g76828
22821046000751,g76828
22821046000219,g76829
22823046000231,g76829
22821046000223,g76830
22820046000076,g76830
22822041000551,g76831
22826041000040,g76831
22824033000046,g76832
22821033000039,g76832
12823019002485,g76833
22819038000211,g76833
22821046000244,g76834
22823048000151,g76834
22821046000250,g76835
22824048000047,g76835
22821046000258,g76836
22823046000074,g76836
22821046000260,g76837
22820046000107,g76837
22822041000594,g76838
22818041000216,g76838
22824033000082,g76839
22826033000119,g76839
22822041000597,g76840
22823041000266,g76840
22822041000599,g76841
22824041000336,g76841
12823019002521,g76842
22823041000066,g76842
22821046000285,g76843
22820046000115,g76843
12823019002524,g76844
12825019000027,g76844
22821046000290,g76845
12825019001526,g76845
22822041000611,g76846
22823041000337,g76846
22824033000099,g76847
22821033000435,g76847
22822041000613,g76848
22818019014565,g76848
22821046000288,g76849
22823048000166,g76849
22822041000618,g76850
22821041000865,g76850
22822041000620,g76851
22824041000021,g76851
12823019002550,g76852
12819019000615,g76852
22821046000312,g76853
22820046000330,g76853
22822041000633,g76854
22818019007778,g76854
12823019002555,g76855
12825019002028,g76855
22824033000126,g76856
22817019000600,g76856
22821046000323,g76857
22822046000235,g76857
12823019002571,g76858
12822019002803,g76858
22821046000340,g76859
22824046000069,g76859
22824033000150,g76860
22821033000359,g76860
22821046000343,g76861
22820046000127,g76861
12823019002586,g76862
22826037000004,g76862
22821046000360,g76863
22824046000366,g76863
22824033000171,g76864
22824033000386,g76864
22824033000172,g76865
22819033000605,g76865
22821046000372,g76866
22820046000266,g76866
12823019002615,g76867
22819036000474,g76867
22824033000183,g76868
22823033000033,g76868
12823019002617,g76869
22821045000622,g76869
12823019002620,g76870
12823019002651,g76870
22824033000201,g76871
22821033000820,g76871
12823019002641,g76872
12823019002642,g76872
22824033000214,g76873
22826033000043,g76873
12823019002674,g76874
12820019001793,g76874
22821046000430,g76875
22820046000040,g76875
22821046000433,g76876
22821046000432,g76876
22824033000249,g76877
22821033000410,g76877
22824033000267,g76878
22823033000156,g76878
22821046000468,g76879
22821046000650,g76879
22824033000277,g76880
22824033000301,g76880
22821046000473,g76881
22823046000353,g76881
22824033000288,g76882
22821033000441,g76882
22821046000484,g76883
22825046000353,g76883
22821046000491,g76884
22820046000106,g76884
22821046000507,g76885
22825046000228,g76885
22821046000517,g76886
22823045000273,g76886
22824033000329,g76887
22821033000747,g76887
22823038000023,g76888
22822038000588,g76888
22821046000535,g76889
22823046000376,g76889
22824033000348,g76890
22821033000761,g76890
22821046000549,g76891
22822046000087,g76891
22821046000559,g76892
22822046000177,g76892
22824033000368,g76893
22824033000370,g76893
22821046000563,g76894
22820046000197,g76894
22824033000384,g76895
22821033000796,g76895
22823038000076,g76896
22823038000165,g76896
22821046000604,g76897
22825046000252,g76897
22823038000107,g76898
22824038000146,g76898
22821046000623,g76899
22821046000810,g76899
22821046000628,g76900
22822045000095,g76900
22821046000644,g76901
22825046000224,g76901
22823038000134,g76902
22823038000185,g76902
22823038000136,g76903
22824038000338,g76903
22823038000141,g76904
12822019001639,g76904
22823038000146,g76905
22819038000114,g76905
22821046000662,g76906
22822046000392,g76906
22821046000664,g76907
22820046000037,g76907
22823038000155,g76908
22820038000048,g76908
22823038000176,g76909
22823038000238,g76909
22823038000180,g76910
12817019000576,g76910
22823038000197,g76911
22823038000199,g76911
22821046000709,g76912
22822046000184,g76912
22821046000719,g76913
22820046000189,g76913
22821046000722,g76914
22821039000418,g76914
22821046000724,g76915
22822046000383,g76915
22823038000215,g76916
22819038000335,g76916
22823038000218,g76917
12826019000376,g76917
22821046000731,g76918
22822048000270,g76918
22823038000227,g76919
22825038000153,g76919
22823038000233,g76920
22824038000158,g76920
22823038000235,g76921
22825038000128,g76921
22823038000257,g76922
22820038000043,g76922
22821046000776,g76923
22822046000408,g76923
22821046000786,g76924
22824046000108,g76924
22821046000787,g76925
22824048000520,g76925
22821046000790,g76926
12822019001227,g76926
22821046000801,g76927
22822046000264,g76927
22823038000293,g76928
12822019002712,g76928
22821046000808,g76929
22825046000235,g76929
22823038000317,g76930
22820038000239,g76930
22823038000336,g76931
22822038000072,g76931
22821046000853,g76932
12824019000772,g76932
22822043000222,g76933
22818019008638,g76933
22822043000230,g76934
22824043000224,g76934
22822043000248,g76935
22819043000387,g76935
22822043000255,g76936
22821043000590,g76936
22822043000299,g76937
22825043000130,g76937
22821048000014,g76938
22824048000039,g76938
22822043000335,g76939
22824043000254,g76939
22822043000353,g76940
22824043000046,g76940
22822043000361,g76941
22821043000303,g76941
12822019001742,g76942
12824019001089,g76942
22822043000376,g76943
22821043000074,g76943
22821048000060,g76944
22823048000072,g76944
22821048000072,g76945
22822048000006,g76945
12822019001747,g76946
12822019002668,g76946
22821048000079,g76947
22821048000337,g76947
22821048000084,g76948
22820048000002,g76948
22821048000086,g76949
22823048000113,g76949
22822043000405,g76950
22823043000147,g76950
22821048000088,g76951
12824019001942,g76951
22821048000121,g76952
22825048000439,g76952
22821048000148,g76953
22821048000419,g76953
22822043000484,g76954
22823043000258,g76954
22822043000505,g76955
12824019000747,g76955
22824035000007,g76956
22825035000036,g76956
22824035000015,g76957
22824035000119,g76957
22821048000207,g76958
22821047000163,g76958
22824035000040,g76959
22825035000243,g76959
12818019000055,g76960
12824019000221,g76960
22824035000065,g76961
22825035000242,g76961
22821048000263,g76962
22822048000273,g76962
22821048000265,g76963
22820048000040,g76963
22824035000125,g76964
22821035000496,g76964
22821048000322,g76965
22820048000048,g76965
22824035000138,g76966
22823035000207,g76966
12818019000144,g76967
12822019001936,g76967
22824035000167,g76968
22820035000181,g76968
22821048000409,g76969
22818019006562,g76969
22824035000225,g76970
22825035000228,g76970
22821048000424,g76971
12822019000999,g76971
12818019000247,g76972
12822019002647,g76972
22821048000455,g76973
22825048000230,g76973
12818019000265,g76974
12819019002061,g76974
12822019001824,g76975
12824019001987,g76975
22824035000272,g76976
22823035000224,g76976
22821048000476,g76977
22820048000029,g76977
22824035000287,g76978
12818019004264,g76978
22821048000495,g76979
22820048000122,g76979
22824035000304,g76980
12819019000018,g76980
22821048000500,g76981
22820048000093,g76981
22824035000312,g76982
22824035000439,g76982
22823040000007,g76983
22826040000076,g76983
22824035000330,g76984
22825035000034,g76984
22823040000016,g76985
22824040000229,g76985
12818019000338,g76986
12820019002106,g76986
22823040000026,g76987
22825040000150,g76987
22824035000351,g76988
22824035000358,g76988
22823040000037,g76989
12824019002140,g76989
22823040000038,g76990
22823040000280,g76990
22823040000041,g76991
12824019000514,g76991
12818019000367,g76992
12822019000875,g76992
12822019001846,g76993
12822019001898,g76993
22824035000383,g76994
22821035000532,g76994
22823040000065,g76995
22824040000321,g76995
22824035000391,g76996
22818019009407,g76996
22823040000073,g76997
22822040000173,g76997
22823040000104,g76998
22826040000087,g76998
22824035000425,g76999
22824035000426,g76999
22824035000433,g77000
22821035000081,g77000
22824035000436,g77001
22821035000083,g77001
22823040000123,g77002
22823040000164,g77002
12818019000449,g77003
12817019000418,g77003
22824035000453,g77004
22825035000272,g77004
22818034000013,g77005
12819019002487,g77005
22823040000165,g77006
22822040000245,g77006
22823040000203,g77007
22824040000005,g77007
22823040000206,g77008
22822040000521,g77008
22818034000081,g77009
22818019012520,g77009
22818034000085,g77010
12826019000210,g77010
12818019000546,g77011
12822019001242,g77011
12818019000551,g77012
12818019000552,g77012
12818019000557,g77013
22818019001409,g77013
22823040000241,g77014
12822019000152,g77014
22823040000246,g77015
22824040000048,g77015
22818034000121,g77016
22818034000218,g77016
22823040000251,g77017
22822040000018,g77017
22823040000254,g77018
22826040000010,g77018
22823040000264,g77019
22822040000468,g77019
12818019000587,g77020
22822044000773,g77020
12818019000592,g77021
22822034000182,g77021
22818034000149,g77022
22822034000106,g77022
22823040000293,g77023
22824040000021,g77023
12818019000621,g77024
12820019000373,g77024
22823040000303,g77025
22822040000495,g77025
22823040000302,g77026
12825019000641,g77026
12818019000627,g77027
12822019000587,g77027
22823040000312,g77028
22826040000024,g77028
22823040000314,g77029
22822040000454,g77029
22823040000317,g77030
22822040000720,g77030
22823040000322,g77031
12825019000510,g77031
22822045000024,g77032
22822045000372,g77032
22822045000045,g77033
22823045000094,g77033
22822045000062,g77034
22824045000189,g77034
22822045000065,g77035
22819045000160,g77035
22822045000103,g77036
22819045000179,g77036
22822045000105,g77037
22821045000229,g77037
22822045000107,g77038
22818045000194,g77038
22822045000112,g77039
22821045000048,g77039
22822045000132,g77040
22819045000379,g77040
22822045000137,g77041
22821045000145,g77041
22822045000155,g77042
22821045000529,g77042
22822045000182,g77043
22821045000319,g77043
22822045000193,g77044
22824045000202,g77044
12818019000836,g77045
22818036000069,g77045
22822045000199,g77046
22820046000348,g77046
22822045000238,g77047
22821045000594,g77047
22822045000244,g77048
22819045000008,g77048
22822045000294,g77049
22824045000168,g77049
22822045000332,g77050
22822045000341,g77050
12818019001026,g77051
12818019006218,g77051
22822045000389,g77052
22821045000111,g77052
12818019001045,g77053
22818019009020,g77053
22822045000405,g77054
22826045000091,g77054
22822045000416,g77055
22824045000355,g77055
22822045000425,g77056
22825045000138,g77056
22822045000434,g77057
22824045000071,g77057
12818019001097,g77058
12822019002227,g77058
12818019001128,g77059
12822019000617,g77059
12818019001158,g77060
12817019003852,g77060
22824037000012,g77061
22821037000641,g77061
22824037000029,g77062
22825037000199,g77062
22824037000053,g77063
22820037000118,g77063
22824037000095,g77064
22821037000383,g77064
22824037000096,g77065
22823037000081,g77065
22824037000097,g77066
22818019015159,g77066
12818019001252,g77067
12818019001356,g77067
22824037000100,g77068
22824037000171,g77068
22824037000101,g77069
22821037000508,g77069
12818019001253,g77070
22818019002664,g77070
22824037000107,g77071
22817019001495,g77071
22824037000128,g77072
22823037000149,g77072
22824037000138,g77073
22821037000516,g77073
22824037000142,g77074
22821037000285,g77074
22824037000144,g77075
22818019016573,g77075
22824037000149,g77076
22820037000311,g77076
22824037000150,g77077
22820037000282,g77077
12818019001307,g77078
12817019003413,g77078
22824037000183,g77079
22821037000340,g77079
22824037000185,g77080
22823037000096,g77080
22824037000190,g77081
22823037000158,g77081
22824037000191,g77082
22823037000249,g77082
22824037000199,g77083
22820037000106,g77083
22824037000201,g77084
12822019001268,g77084
22824037000207,g77085
22817019000481,g77085
22824037000211,g77086
22821037000174,g77086
22824037000243,g77087
22821037000380,g77087
12818019001411,g77088
22822038000438,g77088
12818019001427,g77089
22822034000252,g77089
12818019001466,g77090
22818046000230,g77090
22823042000011,g77091
22824042000058,g77091
22823042000020,g77092
22823042001083,g77092
12818019001497,g77093
12822019001010,g77093
22823042000029,g77094
22823042000914,g77094
22823042000042,g77095
22823042000046,g77095
12818019001525,g77096
12820019001187,g77096
22823042000060,g77097
22823042000553,g77097
22823042000070,g77098
22824042000799,g77098
22823042000074,g77099
22823042000102,g77099
12825019000014,g77100
22823039000124,g77100
12825019000018,g77101
12817019000404,g77101
12825019000044,g77102
12817019002625,g77102
12825019000070,g77103
22822034000147,g77103
22823042000137,g77104
22822042001185,g77104
22823042000146,g77105
22823042000499,g77105
22823042000151,g77106
22823042001079,g77106
22823042000163,g77107
22820042000220,g77107
22823042000182,g77108
22823042000330,g77108
12825019000132,g77109
12825019000138,g77109
22823042000197,g77110
22823042000756,g77110
22823042000218,g77111
22820042000525,g77111
22823042000219,g77112
22822042000709,g77112
12825019000159,g77113
12825019000467,g77113
22823042000226,g77114
22822042000271,g77114
22823042000228,g77115
22820042000617,g77115
12825019000175,g77116
12822019002659,g77116
12825019000177,g77117
12826019000777,g77117
22823042000264,g77118
22823042000957,g77118
12825019000201,g77119
12822019000810,g77119
12825019000205,g77120
22824048000287,g77120
12825019000215,g77121
12824019001357,g77121
22823042000281,g77122
22823042000282,g77122
12825019000224,g77123
12824019001469,g77123
12818019001772,g77124
12818019004967,g77124
22823042000301,g77125
22822042000809,g77125
22823042000307,g77126
22823042000338,g77126
12825019000251,g77127
12825019002617,g77127
22823042000336,g77128
22825042000228,g77128
22818036000218,g77129
22820036000089,g77129
12825019000289,g77130
12822019000290,g77130
22818036000226,g77131
22818019012329,g77131
12825019000305,g77132
12824019000075,g77132
22823042000370,g77133
22824042000832,g77133
12825019000314,g77134
12825019000457,g77134
12825019000323,g77135
12819019002036,g77135
22823042000398,g77136
22822042001187,g77136
22823042000402,g77137
22818019013175,g77137
22818036000275,g77138
12824019002309,g77138
22823042000403,g77139
12822019001127,g77139
12818019001879,g77140
12822019002896,g77140
22823042000410,g77141
22823042001141,g77141
22822047000092,g77142
22823047000022,g77142
12825019000351,g77143
12825019000871,g77143
22823042000418,g77144
22820042000423,g77144
22823042000442,g77145
22825042000770,g77145
12825019000390,g77146
22821033000483,g77146
12825019000402,g77147
12822019001719,g77147
22823042000468,g77148
22823042000788,g77148
22823042000469,g77149
22822042000074,g77149
22822047000158,g77150
22821047000184,g77150
12825019000426,g77151
12819019000280,g77151
12825019000427,g77152
12817019001102,g77152
12825019000434,g77153
12824019001814,g77153
22825034000002,g77154
22821034000252,g77154
12825019000453,g77155
12824019000144,g77155
12825019000472,g77156
22824039000466,g77156
22823042000541,g77157
22825042000500,g77157
12825019000486,g77158
12826019000173,g77158
22818036000423,g77159
12819019000733,g77159
12825019000495,g77160
12819019000858,g77160
22823042000564,g77161
22824042000797,g77161
12825019000501,g77162
12822019001997,g77162
22825034000055,g77163
22822034000316,g77163
12825019000512,g77164
12825019002484,g77164
22823042000579,g77165
22823042000672,g77165
22823042000583,g77166
12825019001175,g77166
12825019000522,g77167
22825046000193,g77167
22823042000590,g77168
22822042000046,g77168
22825034000080,g77169
22819034000226,g77169
22823042000597,g77170
22820042000208,g77170
12825019000534,g77171
22822038000270,g77171
22825034000091,g77172
22821034000128,g77172
22825034000095,g77173
22825034000104,g77173
22825034000099,g77174
22822034000331,g77174
12825019000552,g77175
12817019000484,g77175
12825019000554,g77176
12822019001839,g77176
22825034000114,g77177
22824034000056,g77177
22825034000115,g77178
22822034000247,g77178
12825019000564,g77179
12821019000512,g77179
22823042000632,g77180
22822042000082,g77180
22825034000121,g77181
22825034000203,g77181
12825019000570,g77182
22824048000460,g77182
12825019000575,g77183
22822046000268,g77183
22825034000132,g77184
22826034000048,g77184
22823042000648,g77185
22823042000698,g77185
12825019000592,g77186
12825019000593,g77186
22825034000146,g77187
22824034000054,g77187
12825019000604,g77188
12822019000731,g77188
22823042000678,g77189
22822044000711,g77189
22825034000168,g77190
22820034000026,g77190
12825019000622,g77191
22825040000098,g77191
22823042000685,g77192
22824042000319,g77192
22823042000686,g77193
22822042000845,g77193
12825019000631,g77194
12821019000487,g77194
22823042000707,g77195
22819042000742,g77195
12825019000644,g77196
12820019001178,g77196
12825019000645,g77197
12820019000713,g77197
22825034000198,g77198
22819034000247,g77198
22825034000199,g77199
22822034000310,g77199
12825019000660,g77200
12818019006228,g77200
22823042000731,g77201
22824042000029,g77201
22823042000732,g77202
22822044000285,g77202
22825034000224,g77203
22824034000021,g77203
22825034000234,g77204
22822034000053,g77204
12825019000691,g77205
22822034000404,g77205
22823042000758,g77206
22820042000421,g77206
22823042000759,g77207
22825042000266,g77207
12825019000712,g77208
12826019000611,g77208
12825019000713,g77209
12825019001975,g77209
12825019000715,g77210
22826035000109,g77210
12825019000718,g77211
12822019002152,g77211
12825019000729,g77212
12825019002304,g77212
22823042000802,g77213
22824042000124,g77213
12825019000740,g77214
12819019000419,g77214
12825019000757,g77215
22824044000175,g77215
22824039000004,g77216
22824039000252,g77216
12825019000777,g77217
12822019002150,g77217
22824039000024,g77218
22821039000610,g77218
22824039000026,g77219
12825019001382,g77219
12825019000795,g77220
12825019000796,g77220
22824039000032,g77221
22821039000974,g77221
12825019000809,g77222
12822019000060,g77222
12825019000810,g77223
12824019000606,g77223
22824039000044,g77224
22821039000574,g77224
12825019000815,g77225
12824019000564,g77225
12818019002353,g77226
22822040000698,g77226
22824039000054,g77227
22820039000061,g77227
12825019000823,g77228
12824019001830,g77228
22824039000061,g77229
22821039001293,g77229
22824039000062,g77230
22821039000135,g77230
12818019002369,g77231
12817019003412,g77231
12825019000833,g77232
12819019003496,g77232
22823042000904,g77233
22822042001093,g77233
22824039000074,g77234
22821039000442,g77234
12825019000843,g77235
12825019002336,g77235
22824039000085,g77236
22824039000191,g77236
22824039000092,g77237
22824039000517,g77237
22824039000098,g77238
22823039000099,g77238
12825019000870,g77239
22826035000108,g77239
12818019002407,g77240
12820019001315,g77240
22824039000104,g77241
22824039000401,g77241
22823042000954,g77242
22825042000768,g77242
12825019000894,g77243
12825019001001,g77243
22824039000133,g77244
22821039000629,g77244
22824039000142,g77245
12824019001792,g77245
22824039000144,g77246
22821039001062,g77246
22824039000148,g77247
12826019000770,g77247
22824039000169,g77248
22821039001059,g77248
12825019000948,g77249
12819019003620,g77249
22819033000063,g77250
22821033000470,g77250
22824039000201,g77251
22824039000243,g77251
22824039000205,g77252
22823039000217,g77252
22823042001039,g77253
22820042000118,g77253
22824039000211,g77254
22825039000293,g77254
12822019002271,g77255
12822019000403,g77255
12825019000986,g77256
22823045000237,g77256
22824039000218,g77257
12824019001626,g77257
22823042001052,g77258
22820042000097,g77258
22823042001057,g77259
22822042000717,g77259
22824039000229,g77260
22821039001087,g77260
22824039000236,g77261
22824039000273,g77261
22823042001069,g77262
22822042000537,g77262
22823042001074,g77263
22824042000341,g77263
22824039000253,g77264
22826039000225,g77264
12825019001021,g77265
12825019002257,g77265
12825019001027,g77266
22823046000295,g77266
22824039000271,g77267
22826039000223,g77267
12825019001044,g77268
12824019000781,g77268
22824039000277,g77269
22818019001105,g77269
22824039000291,g77270
22825039000198,g77270
22824039000296,g77271
22823039000373,g77271
22823042001144,g77272
22825042000520,g77272
22824039000318,g77273
22824039000416,g77273
22819033000196,g77274
12820019000226,g77274
12818019002637,g77275
22820039000042,g77275
22819033000208,g77276
12819019000805,g77276
22824039000339,g77277
22825039000050,g77277
12825019001114,g77278
12821019000233,g77278
12825019001118,g77279
12825019001886,g77279
22823044000035,g77280
22823044000278,g77280
12825019001130,g77281
12822019000404,g77281
22819033000239,g77282
22819033000487,g77282
12825019001144,g77283
22825033000152,g77283
22824039000378,g77284
22821039000112,g77284
22823044000074,g77285
22825044000161,g77285
22824039000396,g77286
12822019002391,g77286
12825019001187,g77287
12824019001092,g77287
22824039000419,g77288
12824019002302,g77288
12818019002723,g77289
12822019001645,g77289
22823044000109,g77290
22825044000253,g77290
22824039000436,g77291
22821039000296,g77291
12825019001206,g77292
12822019001743,g77292
22824039000453,g77293
22821039001255,g77293
22823044000141,g77294
22820044000029,g77294
12825019001241,g77295
12822019002492,g77295
12825019001245,g77296
12824019000761,g77296
22824039000481,g77297
22823039000379,g77297
12825019001275,g77298
12825019001384,g77298
12825019001278,g77299
12825019001449,g77299
12818019002817,g77300
12817019003258,g77300
22818038000067,g77301
12824019000698,g77301
22818038000075,g77302
22819038000172,g77302
12825019001295,g77303
12822019002553,g77303
12825019001301,g77304
12824019000019,g77304
22824039000543,g77305
22823039000008,g77305
12825019001315,g77306
22825037000221,g77306
22823044000237,g77307
22824044000416,g77307
22823044000247,g77308
22825044000152,g77308
22823044000268,g77309
22823044000269,g77309
12825019001359,g77310
12822019001020,g77310
22823044000271,g77311
12825019001422,g77311
12825019001362,g77312
22825037000058,g77312
12825019001403,g77313
12819019001860,g77313
22823044000315,g77314
22824044000423,g77314
12818019002951,g77315
12819019000983,g77315
12818019002960,g77316
12822019002446,g77316
12825019001424,g77317
12822019000693,g77317
12818019002966,g77318
12821019000237,g77318
12825019001432,g77319
22824042000267,g77319
12818019002988,g77320
12820019001563,g77320
22819033000569,g77321
22821033000288,g77321
12825019001466,g77322
12820019001087,g77322
12825019001467,g77323
22823048000318,g77323
22823044000400,g77324
22822044000140,g77324
22823044000409,g77325
12825019002427,g77325
22823044000415,g77326
22824044000243,g77326
12818019003042,g77327
12818019003098,g77327
22819033000613,g77328
22825033000272,g77328
12825019001511,g77329
22820042000117,g77329
12825019001524,g77330
12822019002531,g77330
22823044000441,g77331
22824044000438,g77331
12818019003066,g77332
12818019003144,g77332
12825019001533,g77333
22824048000497,g77333
22819033000641,g77334
22820033000006,g77334
22823044000454,g77335
22825044000499,g77335
12818019003081,g77336
12820019000631,g77336
12825019001583,g77337
12822019001427,g77337
22823044000497,g77338
12826019000458,g77338
22823044000504,g77339
22822044000248,g77339
12825019001599,g77340
12824019000067,g77340
22825036000002,g77341
22825036000003,g77341
22825036000009,g77342
22824036000185,g77342
12825019001610,g77343
22824044000391,g77343
22825036000014,g77344
22822036000611,g77344
22825036000024,g77345
22825036000060,g77345
22825036000025,g77346
22826036000066,g77346
22816019000093,g77347
22824046000051,g77347
22816019000095,g77348
22822038000382,g77348
12825019001639,g77349
22825037000175,g77349
22825036000042,g77350
22822036000686,g77350
12825019001642,g77351
12820019001760,g77351
22816019000113,g77352
22821041000658,g77352
22825036000051,g77353
22818019007898,g77353
12825019001653,g77354
12825019001859,g77354
22825036000061,g77355
22822036000327,g77355
22823044000572,g77356
22825044000489,g77356
22825036000068,g77357
22819036000146,g77357
12825019001674,g77358
12824019000054,g77358
22825036000100,g77359
22825036000104,g77359
12825019001701,g77360
12825019001709,g77360
12818019003249,g77361
12818019003339,g77361
12825019001721,g77362
12822019002635,g77362
12825019001747,g77363
22823039000259,g77363
22816019000213,g77364
22821037000200,g77364
12825019001754,g77365
22823037000074,g77365
22825036000155,g77366
22820036000306,g77366
12825019001758,g77367
12824019001686,g77367
12825019001760,g77368
22824040000369,g77368
12825019001769,g77369
12825019002044,g77369
22816019000243,g77370
22823046000147,g77370
12825019001784,g77371
12824019000748,g77371
12825019001788,g77372
12822019001215,g77372
12818019003325,g77373
12818019003509,g77373
12818019003369,g77374
12822019000751,g77374
12825019001845,g77375
22819039000118,g77375
12818019003388,g77376
12822019000802,g77376
12825019001854,g77377
12826019000363,g77377
12825019001872,g77378
12820019000498,g77378
12825019001879,g77379
12824019002121,g77379
12818019003423,g77380
12826019000419,g77380
12818019003435,g77381
12822019002579,g77381
22823044000821,g77382
22822044000436,g77382
12825019001926,g77383
22820034000076,g77383
22823044000850,g77384
22822044000818,g77384
22824041000019,g77385
12824019001085,g77385
22823044000858,g77386
22822044000649,g77386
12825019001961,g77387
12824019000695,g77387
22823044000876,g77388
22824044000156,g77388
12825019001967,g77389
12826019000118,g77389
12825019001969,g77390
12824019000806,g77390
22824041000051,g77391
22825041000015,g77391
22816019000436,g77392
22821041000327,g77392
12825019002003,g77393
12824019002454,g77393
22824041000089,g77394
22821041000332,g77394
12825019002021,g77395
12824019000091,g77395
22816019000512,g77396
22817019001939,g77396
22824041000138,g77397
22824045000211,g77397
12825019002066,g77398
22822036000410,g77398
22824041000152,g77399
22821041000234,g77399
22824041000155,g77400
22821041000893,g77400
22824041000161,g77401
22821041000288,g77401
12825019002091,g77402
22825042000182,g77402
22824041000183,g77403
22821041000356,g77403
12818019003641,g77404
12824019001295,g77404
22824041000202,g77405
22821041000377,g77405
22824041000209,g77406
22821041000635,g77406
22824041000215,g77407
22821041000703,g77407
22824041000243,g77408
22826041000015,g77408
22819035000124,g77409
22821035000326,g77409
12818019003715,g77410
12818019003716,g77410
12825019002184,g77411
12822019002814,g77411
22824041000270,g77412
22825041000089,g77412
22824041000274,g77413
22821041000369,g77413
22824041000276,g77414
22821041000761,g77414
22824041000285,g77415
22821041000599,g77415
22824041000289,g77416
22821041000766,g77416
22816019000683,g77417
12824019000745,g77417
22819035000173,g77418
22821035000306,g77418
12825019002232,g77419
12824019001103,g77419
22823046000013,g77420
22818019000697,g77420
12825019002259,g77421
22825040000291,g77421
22824041000341,g77422
22819041000355,g77422
22819035000218,g77423
22821035000519,g77423
22824041000352,g77424
22818019010033,g77424
12818019003811,g77425
12822019000271,g77425
22824041000355,g77426
22823041000016,g77426
22824041000359,g77427
22823041000459,g77427
12825019002286,g77428
22824042000702,g77428
22824041000368,g77429
22819041000356,g77429
22824041000379,g77430
22825041000334,g77430
22816019000765,g77431
22819037000088,g77431
22823046000073,g77432
22823046000294,g77432
22824041000400,g77433
22821041000487,g77433
22823046000087,g77434
12817019002970,g77434
12825019002328,g77435
12818019004747,g77435
22823046000088,g77436
12825019002583,g77436
22823046000100,g77437
22824046000204,g77437
22823046000103,g77438
22824046000218,g77438
22823046000108,g77439
22818046000268,g77439
22816019000816,g77440
22823035000408,g77440
12825019002356,g77441
12819019002499,g77441
22823046000121,g77442
22822046000458,g77442
12818019003905,g77443
12822019000447,g77443
12818019003906,g77444
12818019003909,g77444
22823046000134,g77445
22818019010565,g77445
12818019003910,g77446
12820019001845,g77446
12818019003912,g77447
12824019001923,g77447
22823046000139,g77448
22820046000048,g77448
22823046000154,g77449
22825046000222,g77449
22823046000159,g77450
22823046000316,g77450
12825019002421,g77451
12825019002422,g77451
22819035000378,g77452
22821035000187,g77452
22826033000005,g77453
22820033000051,g77453
22819035000392,g77454
22820035000134,g77454
12825019002445,g77455
12822019001868,g77455
22826033000021,g77456
22826033000024,g77456
22826033000033,g77457
22823033000257,g77457
22823046000233,g77458
22820046000071,g77458
22823046000253,g77459
22824046000043,g77459
22823046000254,g77460
22820046000024,g77460
22826033000063,g77461
22823033000219,g77461
22826033000065,g77462
22821033000416,g77462
22826033000070,g77463
22823033000141,g77463
22826033000077,g77464
22821033000088,g77464
22826033000081,g77465
22821033000639,g77465
22826033000096,g77466
22821033000738,g77466
22826033000098,g77467
22823033000360,g77467
22818040000168,g77468
22820040000198,g77468
22826033000118,g77469
22823033000274,g77469
12818019004087,g77470
12818019004119,g77470
12825019002558,g77471
12822019001873,g77471
12825019002565,g77472
12822019001876,g77472
12818019004102,g77473
12824019002322,g77473
12825019002569,g77474
12819019000081,g77474
12825019002582,g77475
22818019000788,g77475
12825019002635,g77476
12822019000738,g77476
12818019004176,g77477
12820019001334,g77477
12818019004182,g77478
22822036000196,g77478
12818019004213,g77479
12818019004214,g77479
22825038000012,g77480
22824038000201,g77480
22825038000033,g77481
22826038000076,g77481
22825038000038,g77482
22822038000508,g77482
12818019004391,g77483
12818019005357,g77483
12818019004395,g77484
22821037000578,g77484
22825038000155,g77485
22822038000091,g77485
22825038000167,g77486
22820038000215,g77486
22825038000200,g77487
22822038000107,g77487
12818019004518,g77488
12818019006564,g77488
22825038000235,g77489
22825038000248,g77489
12818019004524,g77490
22822040000228,g77490
22825038000238,g77491
22822038000099,g77491
12818019004641,g77492
22820040000110,g77492
22824043000067,g77493
12821019000481,g77493
12818019004722,g77494
22818019010377,g77494
22824043000131,g77495
22823043000102,g77495
22819037000019,g77496
22821037000135,g77496
22824043000167,g77497
22818019001572,g77497
12818019004785,g77498
22824042000025,g77498
12818019004790,g77499
12819019000994,g77499
12818019004798,g77500
12822019000209,g77500
22819037000112,g77501
12820019001682,g77501
22824043000271,g77502
22821043000501,g77502
12818019004880,g77503
12821019000303,g77503
22819037000169,g77504
22821037000195,g77504
12818019004931,g77505
22823041000070,g77505
22823048000024,g77506
22822048000292,g77506
22823048000025,g77507
22820048000114,g77507
12818019004954,g77508
12822019000319,g77508
22819037000228,g77509
22826037000067,g77509
12818019004974,g77510
12818019004977,g77510
22823048000048,g77511
22825048000453,g77511
22823048000050,g77512
22825048000221,g77512
22824043000370,g77513
22823043000265,g77513
22819037000246,g77514
22821037000622,g77514
22824043000379,g77515
22825043000029,g77515
22823048000059,g77516
22822048000048,g77516
22819037000260,g77517
22823037000023,g77517
22823048000073,g77518
22824048000065,g77518
22823048000102,g77519
22825048000445,g77519
12818019005071,g77520
22817019001569,g77520
22823048000143,g77521
22825048000306,g77521
22819037000340,g77522
22825037000215,g77522
22823048000199,g77523
22820048000112,g77523
22826035000015,g77524
22826035000107,g77524
12820019000016,g77525
22818019013669,g77525
12818019005143,g77526
12818019005301,g77526
22819037000409,g77527
22823037000145,g77527
22826035000027,g77528
22821035000523,g77528
22826035000031,g77529
22821035000623,g77529
12820019000033,g77530
12822019002871,g77530
22826035000050,g77531
22825035000056,g77531
22826035000059,g77532
22821035000225,g77532
22826035000065,g77533
22821035000424,g77533
22818042000130,g77534
22822042000897,g77534
22819037000458,g77535
22819037000459,g77535
12820019000076,g77536
12821019000313,g77536
12818019005202,g77537
12826019000655,g77537
22823048000293,g77538
22822048000376,g77538
12820019000112,g77539
12817019000578,g77539
22826035000116,g77540
22823035000417,g77540
12820019000134,g77541
22819041000536,g77541
12818019005256,g77542
12822019002966,g77542
12820019000139,g77543
12822019002103,g77543
12820019000168,g77544
12822019000489,g77544
12818019005289,g77545
22817019001409,g77545
12820019000232,g77546
12822019001907,g77546
12818019005356,g77547
12817019001337,g77547
12820019000261,g77548
12819019002903,g77548
22818042000337,g77549
22822042000791,g77549
12820019000287,g77550
12822019001482,g77550
22825040000004,g77551
22825040000007,g77551
22825040000008,g77552
22825040000009,g77552
12820019000329,g77553
12824019001732,g77553
12820019000335,g77554
12822019000048,g77554
12820019000340,g77555
12821019000450,g77555
22825040000041,g77556
22822040000289,g77556
12820019000376,g77557
12821019000786,g77557
22825040000072,g77558
22824040000071,g77558
12820019000401,g77559
12822019001012,g77559
12820019000431,g77560
12817019001533,g77560
12820019000437,g77561
22819039000478,g77561
12820019000461,g77562
12822019001799,g77562
12820019000472,g77563
12822019002378,g77563
12820019000474,g77564
12820019000941,g77564
12820019000487,g77565
12821019000746,g77565
12820019000489,g77566
12821019000810,g77566
12820019000490,g77567
12822019000554,g77567
12820019000514,g77568
12822019002443,g77568
12820019000547,g77569
22821043000366,g77569
22825040000229,g77570
22822040000382,g77570
12818019005692,g77571
22824038000310,g77571
22825040000265,g77572
22822040000726,g77572
22825040000271,g77573
22820040000028,g77573
12820019000594,g77574
12819019003631,g77574
22825040000286,g77575
22822044000784,g77575
22825040000290,g77576
22822040000116,g77576
12818019005743,g77577
22821033000802,g77577
22820034000177,g77578
22822034000512,g77578
12820019000629,g77579
12822019002070,g77579
12820019000628,g77580
12822019000828,g77580
12820019000634,g77581
22821039001090,g77581
12820019000639,g77582
12824019000848,g77582
22820034000195,g77583
22824034000057,g77583
22820034000213,g77584
12820019001125,g77584
22824045000022,g77585
22824045000039,g77585
22824045000025,g77586
22825045000105,g77586
22824045000028,g77587
22819045000050,g77587
12818019005803,g77588
22818019004166,g77588
12820019000685,g77589
22821045000418,g77589
22824045000047,g77590
22824045000186,g77590
12820019000691,g77591
22820039000049,g77591
22820034000244,g77592
22820036000308,g77592
12820019000696,g77593
12822019000419,g77593
12820019000700,g77594
12819019003465,g77594
12818019005823,g77595
12818019005830,g77595
12820019000712,g77596
12821019000587,g77596
12818019005837,g77597
12820019000834,g77597
12818019005874,g77598
12818019005889,g77598
22824045000114,g77599
22824045000177,g77599
12820019000761,g77600
12822019000847,g77600
22824045000126,g77601
22826045000137,g77601
12820019000768,g77602
12821019000567,g77602
22824045000130,g77603
12824019002335,g77603
12820019000785,g77604
12822019001071,g77604
22824045000162,g77605
22826045000114,g77605
22824045000193,g77606
22818019001724,g77606
12820019000839,g77607
12820019001886,g77607
12820019000850,g77608
22820038000155,g77608
22824045000208,g77609
22824045000303,g77609
12820019000861,g77610
12819019002776,g77610
12820019000864,g77611
12822019001176,g77611
12820019000870,g77612
22820037000117,g77612
22824045000235,g77613
22819045000519,g77613
22824045000276,g77614
22821045000558,g77614
12818019006042,g77615
12819019003020,g77615
12820019000924,g77616
12821019000062,g77616
12818019006050,g77617
12818019006059,g77617
12818019006053,g77618
12819019003481,g77618
22824045000295,g77619
22818019008186,g77619
22824045000307,g77620
22821045000509,g77620
22819039000185,g77621
22823039000201,g77621
12820019000959,g77622
12822019001523,g77622
12820019000968,g77623
12822019000389,g77623
22824045000329,g77624
22819045000369,g77624
12820019000970,g77625
12822019000064,g77625
22824045000340,g77626
22819045000077,g77626
22824045000342,g77627
22823045000126,g77627
12818019006104,g77628
12821019000590,g77628
12820019000985,g77629
12826019000477,g77629
22824045000346,g77630
22826045000016,g77630
22824045000356,g77631
22823045000017,g77631
12820019000997,g77632
12822019000988,g77632
12818019006126,g77633
12817019001355,g77633
12818019006135,g77634
12822019000955,g77634
12820019001036,g77635
22826034000035,g77635
22819039000271,g77636
22821039000882,g77636
12818019006172,g77637
22822040000485,g77637
12820019001055,g77638
22822040000082,g77638
12820019001068,g77639
12819019000952,g77639
22819039000303,g77640
22826039000069,g77640
12820019001089,g77641
12821019000783,g77641
12818019006233,g77642
12822019000094,g77642
22826037000018,g77643
22826037000032,g77643
22826037000022,g77644
22820037000019,g77644
22818044000099,g77645
22820044000421,g77645
22826037000056,g77646
22826039000186,g77646
22826037000066,g77647
22823037000162,g77647
22826037000069,g77648
22825037000138,g77648
12820019001226,g77649
12820019001289,g77649
22819039000471,g77650
22821039000020,g77650
12820019001326,g77651
12820019001359,g77651
12820019001360,g77652
12822019002831,g77652
12820019001367,g77653
12819019000522,g77653
22819039000609,g77654
22818019012768,g77654
22819039000619,g77655
22821039001235,g77655
12820019001399,g77656
12820019001956,g77656
22819039000719,g77657
22821039001342,g77657
12820019001497,g77658
12817019003266,g77658
12820019001500,g77659
22821039000474,g77659
12820019001507,g77660
12824019002301,g77660
12820019001519,g77661
12822019001049,g77661
12820019001520,g77662
12819019002386,g77662
22825042000050,g77663
22825042000052,g77663
22825042000063,g77664
22825042000721,g77664
12820019001539,g77665
12822019001433,g77665
22825042000085,g77666
22824042000304,g77666
22825042000119,g77667
22822042000084,g77667
12820019001593,g77668
12819019000487,g77668
22825042000130,g77669
22822042000750,g77669
12820019001603,g77670
12822019000261,g77670
12820019001604,g77671
12822019001171,g77671
12820019001611,g77672
12821019000130,g77672
22820036000025,g77673
22822036000424,g77673
12820019001630,g77674
12822019002511,g77674
12820019001637,g77675
12820019001638,g77675
12820019001640,g77676
12824019000576,g77676
22820036000043,g77677
22820040000029,g77677
12820019001657,g77678
22821037000199,g77678
22820036000073,g77679
22822036000391,g77679
22825042000208,g77680
22820044000114,g77680
22820036000083,g77681
22821037000423,g77681
22820036000085,g77682
22822036000028,g77682
22825042000223,g77683
12822019002600,g77683
22825042000226,g77684
22822042000689,g77684
12820019001710,g77685
12822019001232,g77685
22825042000245,g77686
22824042000388,g77686
12820019001733,g77687
12820019001737,g77687
22820036000145,g77688
22820036000264,g77688
12820019001747,g77689
12822019000430,g77689
12820019001759,g77690
12822019002224,g77690
12820019001763,g77691
12820019001857,g77691
22820036000173,g77692
22822036000506,g77692
12820019001794,g77693
12822019002210,g77693
22820036000206,g77694
22820036000207,g77694
12820019001812,g77695
12822019001314,g77695
22825042000358,g77696
22824042000540,g77696
22820036000250,g77697
22820036000270,g77697
22825042000400,g77698
22824042000893,g77698
22820036000279,g77699
12822019002278,g77699
12820019001880,g77700
12820019002077,g77700
12820019001890,g77701
12817019000257,g77701
22825042000422,g77702
22824042000829,g77702
22825042000434,g77703
22822042001104,g77703
12820019001906,g77704
12824019000238,g77704
22825042000449,g77705
22825042000688,g77705
22825042000479,g77706
22824042000183,g77706
22824047000163,g77707
22821047000010,g77707
12820019001962,g77708
12819019002549,g77708
22819041000041,g77709
22821041000335,g77709
22819041000045,g77710
22821041000421,g77710
22825042000496,g77711
22824042000011,g77711
22824047000183,g77712
22818019009548,g77712
12820019001980,g77713
12820019002125,g77713
22819041000063,g77714
22821041000413,g77714
22819041000070,g77715
22826041000097,g77715
12820019002006,g77716
12817019000460,g77716
12820019002007,g77717
22821039001339,g77717
22825042000542,g77718
12824019001922,g77718
22825042000550,g77719
22825042000594,g77719
12820019002031,g77720
12826019000315,g77720
22825042000563,g77721
22824042000836,g77721
22825042000583,g77722
22819042000704,g77722
22825042000593,g77723
22822042000150,g77723
12820019002079,g77724
22820044000454,g77724
22825042000618,g77725
22824042000123,g77725
12820019002120,g77726
22820038000138,g77726
12820019002136,g77727
12822019000344,g77727
12820019002157,g77728
12822019000779,g77728
22819041000255,g77729
22818041000208,g77729
22825042000723,g77730
22817019002252,g77730
22825042000743,g77731
22824042000046,g77731
22819041000300,g77732
22821041000770,g77732
22819041000309,g77733
22821041000864,g77733
22819041000337,g77734
22823041000499,g77734
22819041000350,g77735
22821041000578,g77735
22826039000001,g77736
22821039001148,g77736
22826039000023,g77737
22825039000397,g77737
22826039000037,g77738
22821039000203,g77738
22826039000052,g77739
22822040000211,g77739
22826039000063,g77740
22826039000122,g77740
22826039000082,g77741
12822019000963,g77741
22826039000100,g77742
22825039000190,g77742
22826039000108,g77743
22823039000107,g77743
22826039000110,g77744
22826039000111,g77744
22826039000123,g77745
22823039000188,g77745
22826039000147,g77746
22821039000857,g77746
22821033000028,g77747
22821041000135,g77747
22826039000159,g77748
22818039000295,g77748
22826039000156,g77749
22825039000167,g77749
22826039000177,g77750
22823039000228,g77750
22826039000183,g77751
22823039000026,g77751
22818046000248,g77752
22825046000278,g77752
22821033000058,g77753
22820033000026,g77753
22826039000190,g77754
22818039000275,g77754
22826039000202,g77755
12826019000779,g77755
22821033000149,g77756
22825033000015,g77756
22821033000155,g77757
22821033000633,g77757
22821033000161,g77758
22823033000080,g77758
22821033000173,g77759
22824042000176,g77759
22821033000215,g77760
22823033000062,g77760
22821033000222,g77761
12819019003560,g77761
22821033000231,g77762
22821033000471,g77762
22825044000067,g77763
22825044000530,g77763
22825044000071,g77764
22824044000637,g77764
22821033000268,g77765
22821033000498,g77765
22825044000084,g77766
22825044000086,g77766
22821033000282,g77767
12819019000601,g77767
22821033000301,g77768
22823033000266,g77768
22821033000306,g77769
22823033000243,g77769
22821033000309,g77770
22825033000143,g77770
22820038000002,g77771
22820038000095,g77771
22820038000010,g77772
22820038000016,g77772
22821033000342,g77773
22825033000047,g77773
22821033000343,g77774
22825033000200,g77774
22821033000344,g77775
22820033000133,g77775
22821033000353,g77776
22825033000264,g77776
22820038000040,g77777
22822038000267,g77777
22821033000362,g77778
22821033000714,g77778
22820038000044,g77779
22818019013148,g77779
22821033000372,g77780
22823033000221,g77780
22821033000375,g77781
22821033000799,g77781
22821033000420,g77782
22825033000163,g77782
22820038000102,g77783
22822038000281,g77783
22820038000133,g77784
22824038000255,g77784
22821033000453,g77785
12824019000938,g77785
22821033000469,g77786
22823041000111,g77786
22825044000287,g77787
22824044000465,g77787
22820038000168,g77788
22822038000614,g77788
22820038000177,g77789
22822038000305,g77789
22821033000501,g77790
22821039000208,g77790
22820038000212,g77791
22824038000260,g77791
22825044000354,g77792
22825044000700,g77792
22821033000548,g77793
22823033000268,g77793
22821033000550,g77794
22821033000711,g77794
22821033000552,g77795
22820048000064,g77795
22821033000560,g77796
22824044000170,g77796
22821033000592,g77797
22821033000605,g77797
22821033000610,g77798
22820033000046,g77798
22821033000642,g77799
22817019000490,g77799
22825044000454,g77800
22825044000697,g77800
22825044000466,g77801
22822044000190,g77801
22821033000673,g77802
22825033000096,g77802
22825044000512,g77803
22822044000077,g77803
22821033000708,g77804
22823033000056,g77804
22821033000730,g77805
22820033000031,g77805
22821033000742,g77806
22821033000763,g77806
22821033000746,g77807
22823033000150,g77807
22821033000749,g77808
22820033000047,g77808
22825044000574,g77809
22824044000636,g77809
22821033000781,g77810
22821039000632,g77810
22821033000793,g77811
22825033000010,g77811
22825044000610,g77812
22824044000456,g77812
22821033000839,g77813
12819019003357,g77813
22825044000696,g77814
12821019000710,g77814
22825044000741,g77815
22825044000750,g77815
22826041000002,g77816
22825041000292,g77816
22826041000034,g77817
22823041000478,g77817
22826041000057,g77818
12822019000959,g77818
22826041000065,g77819
12824019002203,g77819
22826041000071,g77820
22825041000310,g77820
22818048000150,g77821
22822048000322,g77821
22821035000004,g77822
22821035000048,g77822
22821035000034,g77823
22825035000273,g77823
22821035000052,g77824
22821035000289,g77824
22821035000053,g77825
12826019000261,g77825
22821035000068,g77826
22823035000143,g77826
22821035000117,g77827
22823035000112,g77827
22821035000124,g77828
22823035000223,g77828
22821035000150,g77829
22821035000259,g77829
22821035000210,g77830
22823035000434,g77830
22825046000045,g77831
22825046000194,g77831
22818019000754,g77832
22818019000781,g77832
22825046000052,g77833
22822046000428,g77833
22825046000055,g77834
22825046000357,g77834
22825046000060,g77835
22820046000229,g77835
22825046000070,g77836
22825046000190,g77836
22821035000282,g77837
12821019000446,g77837
22821035000287,g77838
22823035000247,g77838
22825046000111,g77839
22824046000141,g77839
22818019000822,g77840
22825035000280,g77840
22825046000125,g77841
22822046000376,g77841
22820040000025,g77842
22821041000246,g77842
22821035000356,g77843
22823035000213,g77843
22820040000042,g77844
22822040000580,g77844
22820040000045,g77845
22822040000014,g77845
22825046000174,g77846
12822019001023,g77846
22821035000371,g77847
22823035000151,g77847
22821035000373,g77848
22823035000123,g77848
22825046000183,g77849
22820046000010,g77849
22821035000397,g77850
22825035000071,g77850
22820040000082,g77851
12822019001708,g77851
22820040000109,g77852
22822040000484,g77852
22820040000127,g77853
22822040000687,g77853
22821035000450,g77854
22823035000252,g77854
22821035000474,g77855
12822019001019,g77855
22820040000160,g77856
22821039000576,g77856
22821035000487,g77857
22825035000227,g77857
22821035000489,g77858
22823035000146,g77858
22825046000301,g77859
22822046000282,g77859
22820040000179,g77860
22820040000211,g77860
22821035000499,g77861
22823035000290,g77861
22820040000186,g77862
22819040000581,g77862
22825046000318,g77863
22822046000369,g77863
22818019001048,g77864
22818019009438,g77864
22818019001078,g77865
22817019000498,g77865
22820040000248,g77866
12819019002194,g77866
22821035000580,g77867
22823035000295,g77867
22821035000582,g77868
12824019002524,g77868
22821035000598,g77869
22825035000238,g77869
22821035000615,g77870
22821035000708,g77870
22821035000619,g77871
22823035000442,g77871
22820040000300,g77872
22822040000106,g77872
22819045000014,g77873
22819045000280,g77873
22821035000658,g77874
22818019002395,g77874
22821035000665,g77875
12819019002506,g77875
22820040000346,g77876
22824040000113,g77876
22820040000374,g77877
22822040000024,g77877
22821035000703,g77878
22820035000048,g77878
22821035000710,g77879
22825035000197,g77879
22821035000731,g77880
22823035000274,g77880
22819045000142,g77881
22821045000584,g77881
22819045000187,g77882
22819045000354,g77882
22819045000271,g77883
22826045000059,g77883
22819045000300,g77884
22821045000324,g77884
22818019001512,g77885
12822019001287,g77885
22819045000366,g77886
22823045000164,g77886
22819045000390,g77887
22818019009091,g77887
22819045000476,g77888
22825045000104,g77888
22826043000099,g77889
22825043000208,g77889
22821037000018,g77890
22823037000171,g77890
22821037000054,g77891
22821037000243,g77891
22821037000093,g77892
22822038000523,g77892
22818019001765,g77893
22825039000030,g77893
22821037000127,g77894
22825037000207,g77894
22821037000129,g77895
22820037000263,g77895
22821037000140,g77896
22823037000115,g77896
22821037000143,g77897
22823037000204,g77897
22818019001848,g77898
22824038000362,g77898
22821037000190,g77899
22825037000131,g77899
22825048000002,g77900
22822048000331,g77900
22825048000021,g77901
22825048000378,g77901
22821037000235,g77902
22820037000078,g77902
22821037000258,g77903
22823037000263,g77903
22821037000265,g77904
22825037000218,g77904
22821037000281,g77905
22825037000040,g77905
22821037000320,g77906
22820037000121,g77906
22820042000007,g77907
22822042001034,g77907
22821037000336,g77908
12822019000441,g77908
22821037000345,g77909
22825043000269,g77909
22821037000348,g77910
22825037000014,g77910
22821037000377,g77911
22820037000082,g77911
22821037000390,g77912
22821037000597,g77912
12822019000008,g77913
12822019000083,g77913
12822019000022,g77914
12817019000884,g77914
12822019000035,g77915
22822040000037,g77915
22825048000233,g77916
22822048000008,g77916
22821037000430,g77917
22820037000172,g77917
22821037000437,g77918
22825037000140,g77918
22821037000443,g77919
22825037000172,g77919
22821037000444,g77920
22820037000072,g77920
12822019000061,g77921
12826019000650,g77921
22818019002116,g77922
22823045000458,g77922
22821037000455,g77923
22825037000148,g77923
12822019000084,g77924
12822019000471,g77924
12822019000091,g77925
12822019003017,g77925
12822019000093,g77926
12822019000502,g77926
22821037000486,g77927
22825037000187,g77927
22821037000491,g77928
22820037000133,g77928
22821037000496,g77929
22818019002888,g77929
22825048000304,g77930
22824048000376,g77930
12822019000112,g77931
22822048000284,g77931
22825048000317,g77932
22825048000345,g77932
22820042000196,g77933
22822042000841,g77933
22820042000198,g77934
22822042001074,g77934
12822019000147,g77935
12819019001559,g77935
12822019000149,g77936
12824019000505,g77936
22818019002198,g77937
12822019002998,g77937
22821037000537,g77938
22820037000004,g77938
22820042000218,g77939
22824042000071,g77939
12822019000163,g77940
12824019000694,g77940
12822019000167,g77941
12824019002293,g77941
12822019000171,g77942
12819019002902,g77942
22820042000240,g77943
22819042000871,g77943
12822019000181,g77944
12822019002442,g77944
22825048000374,g77945
22822048000250,g77945
12822019000186,g77946
22821039001285,g77946
22821037000574,g77947
22821039000374,g77947
12822019000193,g77948
12826019000636,g77948
12822019000202,g77949
22822034000063,g77949
12822019000206,g77950
12824019000388,g77950
12822019000213,g77951
12824019001512,g77951
22820042000286,g77952
22822042000581,g77952
22821037000624,g77953
22820037000122,g77953
22825048000442,g77954
22825048000463,g77954
12822019000264,g77955
12822019000329,g77955
22825048000464,g77956
22824048000410,g77956
22825048000496,g77957
22822048000026,g77957
12822019000325,g77958
12824019001777,g77958
22820042000416,g77959
22822042001075,g77959
22820042000426,g77960
12824019002512,g77960
12822019000418,g77961
12822019000806,g77961
12822019000423,g77962
12819019001148,g77962
22820042000490,g77963
22822042000295,g77963
22820042000507,g77964
22824042000237,g77964
12822019000456,g77965
12824019000697,g77965
12822019000460,g77966
12824019001536,g77966
22822034000018,g77967
22822034000034,g77967
22822034000024,g77968
22822034000083,g77968
12822019000472,g77969
12817019003614,g77969
22820042000538,g77970
22822042000958,g77970
22822034000030,g77971
22822034000490,g77971
22822034000040,g77972
22824034000067,g77972
22822034000042,g77973
22822034000195,g77973
22820042000568,g77974
12819019002665,g77974
22822034000060,g77975
22822034000471,g77975
12822019000519,g77976
12819019001007,g77976
12822019000523,g77977
22818019004500,g77977
22822034000086,g77978
12822019001254,g77978
22822034000089,g77979
22822034000421,g77979
22822034000101,g77980
22821034000172,g77980
12822019000571,g77981
12821019000445,g77981
12822019000575,g77982
22822038000133,g77982
12822019000577,g77983
12822019000776,g77983
22822034000141,g77984
22822034000223,g77984
22822034000166,g77985
22822034000330,g77985
22822034000170,g77986
22822034000346,g77986
12822019000618,g77987
22822046000066,g77987
22822034000189,g77988
22824034000106,g77988
12822019000637,g77989
22822046000350,g77989
12822019000642,g77990
12824019000967,g77990
22822034000210,g77991
12817019001723,g77991
12822019000659,g77992
12824019001931,g77992
22826045000028,g77993
22821045000060,g77993
22826045000042,g77994
22821045000555,g77994
22822034000241,g77995
22822034000242,g77995
12822019000698,g77996
12819019003280,g77996
22822034000257,g77997
22824034000055,g77997
12822019000730,g77998
12817019000292,g77998
22822034000287,g77999
22821034000131,g77999
22822034000291,g78000
22822034000327,g78000
12822019000752,g78001
12817019000785,g78001
22826045000115,g78002
22826045000144,g78002
22822034000314,g78003
22821034000183,g78003
22826045000118,g78004
22818019014179,g78004
12822019000762,g78005
12824019001079,g78005
22822034000324,g78006
22822034000379,g78006
22822034000339,g78007
22824034000124,g78007
22822034000341,g78008
12817019001813,g78008
12822019000807,g78009
22825039000036,g78009
22822034000377,g78010
22824034000169,g78010
22822034000386,g78011
22821034000053,g78011
22821039000066,g78012
12821019000719,g78012
12822019000841,g78013
12824019000299,g78013
22822034000394,g78014
22822034000485,g78014
22821039000078,g78015
22821039000205,g78015
22821039000079,g78016
22820039000024,g78016
22822034000402,g78017
22822034000489,g78017
12822019000851,g78018
22821041000048,g78018
12822019000853,g78019
22818019013572,g78019
12822019000871,g78020
12822019001398,g78020
22821039000103,g78021
22821039001167,g78021
22822034000429,g78022
22818019014477,g78022
22818019002926,g78023
22825041000209,g78023
12822019000905,g78024
12819019002578,g78024
12822019000909,g78025
22822036000308,g78025
22821039000141,g78026
22823045000374,g78026
12822019000920,g78027
12819019003517,g78027
22822034000481,g78028
22821034000170,g78028
22822034000486,g78029
22819034000275,g78029
12822019000952,g78030
12822019001726,g78030
22821039000184,g78031
22825039000001,g78031
22821039000195,g78032
22823039000316,g78032
22821039000194,g78033
22821039000290,g78033
12822019000991,g78034
12821019000217,g78034
12822019000995,g78035
12819019000673,g78035
22821039000231,g78036
22821039000851,g78036
22821039000238,g78037
22821039001178,g78037
12822019001008,g78038
12822019001779,g78038
22821039000249,g78039
22821039001054,g78039
22818019003096,g78040
22823039000085,g78040
22821039000282,g78041
22823039000443,g78041
22821039000291,g78042
22820039000055,g78042
12822019001065,g78043
12822019001112,g78043
22821039000301,g78044
22822038000093,g78044
12822019001077,g78045
12824019000979,g78045
22821039000314,g78046
22821039000710,g78046
12822019001084,g78047
12819019000953,g78047
12822019001088,g78048
12821019000589,g78048
22821039000330,g78049
22821039000954,g78049
12822019001105,g78050
12824019000898,g78050
22820044000031,g78051
22820044000032,g78051
22821039000355,g78052
22823039000109,g78052
22821039000356,g78053
22825039000407,g78053
22821039000371,g78054
22820039000006,g78054
12822019001157,g78055
12822019003009,g78055
12822019001160,g78056
12822019002336,g78056
12822019001179,g78057
22823045000406,g78057
22821039000417,g78058
22823039000165,g78058
12822019001189,g78059
12822019001237,g78059
22821039000447,g78060
22823039000244,g78060
22821039000449,g78061
22825039000008,g78061
22821039000450,g78062
22821039000837,g78062
12822019001219,g78063
12824019001654,g78063
22821039000463,g78064
22825039000355,g78064
22820044000145,g78065
22824044000063,g78065
12822019001235,g78066
22822044000241,g78066
22821039000470,g78067
22823039000236,g78067
22821039000479,g78068
22821039000480,g78068
22821039000518,g78069
22825039000333,g78069
12822019001291,g78070
12822019002809,g78070
12822019001292,g78071
12822019001294,g78071
12822019001306,g78072
22822040000658,g78072
22821039000568,g78073
22818039000120,g78073
12822019001337,g78074
12819019000628,g78074
22821039000572,g78075
22825039000065,g78075
12822019001376,g78076
12824019000136,g78076
12822019001382,g78077
12821019000709,g78077
22820044000310,g78078
22820044000313,g78078
12822019001401,g78079
12824019001277,g78079
22821039000640,g78080
22823039000320,g78080
22821039000644,g78081
22823039000083,g78081
12822019001438,g78082
12822019001554,g78082
12822019001441,g78083
12821019000044,g78083
12822019001452,g78084
12821019000374,g78084
22821039000692,g78085
22821039001139,g78085
12822019001469,g78086
12826019000333,g78086
22818019003534,g78087
22818019003904,g78087
12822019001492,g78088
12822019001581,g78088
12822019001514,g78089
12824019001873,g78089
22821039000792,g78090
22821039000896,g78090
12822019001573,g78091
12824019001511,g78091
12822019001582,g78092
22823035000156,g78092
22821039000824,g78093
22825039000161,g78093
12822019001603,g78094
22826040000092,g78094
22822036000005,g78095
22822036000541,g78095
12822019001613,g78096
12822019001621,g78096
22822036000021,g78097
22819034000386,g78097
12822019001636,g78098
12826019000450,g78098
22821039000873,g78099
22821039000893,g78099
22821039000878,g78100
22820039000028,g78100
22818019003703,g78101
22820037000196,g78101
22821039000891,g78102
22821039000967,g78102
22822036000062,g78103
12819019002889,g78103
22821039000898,g78104
22825039000372,g78104
22821039000895,g78105
22823039000155,g78105
22821039000902,g78106
22825039000120,g78106
22822036000081,g78107
22824036000014,g78107
12822019001685,g78108
12821019000215,g78108
12822019001689,g78109
12819019001552,g78109
12822019001691,g78110
12821019000827,g78110
22822036000098,g78111
22825037000227,g78111
22822036000134,g78112
22822036000616,g78112
22822036000138,g78113
22822036000194,g78113
12822019001753,g78114
12819019001187,g78114
22821039000992,g78115
22821039001012,g78115
12822019001768,g78116
22824036000153,g78116
22821039001016,g78117
22823039000146,g78117
12822019001794,g78118
12824019001692,g78118
22822036000209,g78119
22822036000268,g78119
12822019001816,g78120
22822036000470,g78120
12822019001857,g78121
12824019002315,g78121
22821039001097,g78122
22821039001258,g78122
22821039001098,g78123
22825039000362,g78123
22821039001101,g78124
22823039000034,g78124
12822019001870,g78125
12822019002207,g78125
22822036000277,g78126
22822036000324,g78126
22821039001116,g78127
12824019002352,g78127
22821039001163,g78128
22825039000323,g78128
22821041000020,g78129
22823041000209,g78129
22821039001198,g78130
12822019002721,g78130
22821039001202,g78131
22818019015447,g78131
22821041000052,g78132
22825041000078,g78132
22821039001218,g78133
22825039000194,g78133
22821041000090,g78134
22821041000352,g78134
12822019002034,g78135
22822038000380,g78135
22821039001273,g78136
22821039001302,g78136
22821039001275,g78137
22823039000378,g78137
22822036000445,g78138
22826036000110,g78138
22822036000446,g78139
22822036000451,g78139
22822036000447,g78140
22822036000701,g78140
22821041000146,g78141
22823041000065,g78141
22821039001308,g78142
22823039000430,g78142
22822036000478,g78143
22822036000479,g78143
12822019002081,g78144
12824019001728,g78144
22821041000174,g78145
22823041000167,g78145
22821039001335,g78146
22821039001336,g78146
12822019002114,g78147
22825045000144,g78147
22822036000519,g78148
22826036000016,g78148
22821041000208,g78149
22825041000003,g78149
22822036000539,g78150
22818019004535,g78150
12822019002141,g78151
12821019000569,g78151
12822019002171,g78152
12826019000505,g78152
22821041000253,g78153
22821041000316,g78153
22822036000582,g78154
22824036000016,g78154
22821041000265,g78155
22823041000480,g78155
12822019002192,g78156
12824019000833,g78156
22821041000273,g78157
12824019001876,g78157
12822019002200,g78158
12819019003571,g78158
22821041000287,g78159
22823041000013,g78159
22822036000619,g78160
22824036000068,g78160
12822019002226,g78161
22821045000572,g78161
22820046000001,g78162
22820046000065,g78162
22820046000003,g78163
22824046000104,g78163
12822019002259,g78164
12824019001848,g78164
12822019002269,g78165
22824042000312,g78165
22820046000029,g78166
22824046000224,g78166
22820046000039,g78167
22820046000046,g78167
22821041000359,g78168
22825041000217,g78168
22821041000383,g78169
22823041000088,g78169
22821041000388,g78170
22823041000118,g78170
22821041000402,g78171
22823041000187,g78171
12822019002332,g78172
12819019001454,g78172
12822019002334,g78173
12822019002884,g78173
22821041000417,g78174
22821041000665,g78174
22821041000416,g78175
22823041000335,g78175
22820046000098,g78176
22822046000079,g78176
22820046000117,g78177
22824046000072,g78177
22820046000124,g78178
22820046000212,g78178
12822019002367,g78179
22821043000475,g78179
22821041000449,g78180
22825041000004,g78180
22820046000141,g78181
22822046000172,g78181
12822019002396,g78182
12817019001804,g78182
22821041000476,g78183
22821041000884,g78183
12822019002405,g78184
22823041000097,g78184
22823033000015,g78185
22820033000041,g78185
22820046000209,g78186
22822046000352,g78186
22821041000530,g78187
22821041000540,g78187
22823033000019,g78188
22820033000059,g78188
22823033000023,g78189
22823033000029,g78189
22823033000018,g78190
22825033000255,g78190
22823033000030,g78191
22825033000239,g78191
22823033000058,g78192
22823033000357,g78192
22821041000575,g78193
22825041000023,g78193
22823033000064,g78194
22820033000032,g78194
22823033000069,g78195
22820033000168,g78195
22820046000263,g78196
22822046000156,g78196
22821041000587,g78197
22817019001598,g78197
12822019002513,g78198
12822019002735,g78198
12822019002526,g78199
12824019000294,g78199
12822019002530,g78200
12822019002555,g78200
22820046000296,g78201
22822046000225,g78201
12822019002547,g78202
12822019002561,g78202
12822019002559,g78203
12824019000672,g78203
12822019002563,g78204
22823041000072,g78204
12822019002565,g78205
22820037000292,g78205
22823033000143,g78206
22825033000194,g78206
22823033000147,g78207
22823033000202,g78207
22821041000664,g78208
22825041000318,g78208
12822019002594,g78209
12824019001208,g78209
22823033000227,g78210
22823033000262,g78210
22821041000755,g78211
22823041000407,g78211
22821041000781,g78212
22825041000086,g78212
12822019002698,g78213
12819019003469,g78213
12822019002699,g78214
12819019003550,g78214
12822019002703,g78215
12819019003330,g78215
12822019002718,g78216
22822044000666,g78216
22823033000285,g78217
22825033000023,g78217
22821041000816,g78218
22823041000444,g78218
22823033000321,g78219
22817019000114,g78219
12822019002755,g78220
22822046000404,g78220
22823033000328,g78221
22825033000296,g78221
12822019002785,g78222
12822019002893,g78222
22822038000036,g78223
22824038000169,g78223
22821041000873,g78224
22825041000132,g78224
12822019002792,g78225
12824019001714,g78225
22821041000882,g78226
22825041000226,g78226
22822038000064,g78227
22822038000385,g78227
22821041000897,g78228
22823041000163,g78228
22821041000916,g78229
22823041000377,g78229
22822038000087,g78230
22818019015019,g78230
22822038000097,g78231
22818019013648,g78231
12822019002905,g78232
12824019000792,g78232
12822019002906,g78233
12826019000707,g78233
12822019002915,g78234
12824019002173,g78234
22822038000167,g78235
22824038000130,g78235
12822019002925,g78236
12824019001163,g78236
22818019004977,g78237
22817019000554,g78237
22822038000191,g78238
22824038000153,g78238
22822038000196,g78239
22822038000232,g78239
12822019002955,g78240
12824019001855,g78240
22822038000205,g78241
22824038000010,g78241
22822038000209,g78242
22822038000420,g78242
12822019002988,g78243
22822042001174,g78243
22822038000238,g78244
22822038000381,g78244
12822019002997,g78245
12819019000241,g78245
12822019003019,g78246
22824038000033,g78246
22818019005070,g78247
22823041000217,g78247
22822038000331,g78248
22818019014631,g78248
22821043000014,g78249
22821043000017,g78249
22822038000365,g78250
22824038000263,g78250
22822038000390,g78251
22826038000063,g78251
22821043000072,g78252
22823043000401,g78252
22821043000087,g78253
22821043000090,g78253
22821043000089,g78254
22821043000104,g78254
22822038000462,g78255
22824038000236,g78255
22821043000155,g78256
22823043000561,g78256
22822038000481,g78257
22826038000033,g78257
22822038000555,g78258
22818019012903,g78258
22822038000591,g78259
22826038000098,g78259
22822038000638,g78260
22819038000285,g78260
22820048000004,g78261
22824048000214,g78261
22821043000342,g78262
22823043000402,g78262
22821043000385,g78263
22823043000373,g78263
22821043000404,g78264
22823043000267,g78264
22820048000085,g78265
22822048000297,g78265
22821043000461,g78266
22823043000247,g78266
22820048000156,g78267
12819019002860,g78267
12817019000068,g78268
12817019001108,g78268
22821043000591,g78269
22821045000333,g78269
22823035000082,g78270
22823035000114,g78270
22823035000103,g78271
22823035000258,g78271
22823035000121,g78272
12824019001002,g78272
22823035000122,g78273
22823035000401,g78273
22823035000131,g78274
22820035000150,g78274
22823035000140,g78275
22823035000189,g78275
22823035000161,g78276
22823035000291,g78276
22823035000162,g78277
22820035000105,g78277
22818019005821,g78278
12824019001056,g78278
22823035000193,g78279
22820035000164,g78279
12817019000204,g78280
12817019000205,g78280
12817019000215,g78281
12817019001736,g78281
12817019000218,g78282
12817019000342,g78282
12817019000277,g78283
12821019000594,g78283
22822040000005,g78284
22822040000707,g78284
22822040000007,g78285
22822040000651,g78285
22822040000019,g78286
22826040000106,g78286
22818019005994,g78287
22818019006018,g78287
12817019000376,g78288
12817019000590,g78288
22822040000057,g78289
22824040000145,g78289
22822040000073,g78290
22822040000404,g78290
22822040000101,g78291
22824040000263,g78291
12817019000443,g78292
12817019001904,g78292
22822040000128,g78293
22824040000361,g78293
12817019000478,g78294
12826019000481,g78294
22822040000172,g78295
12819019003061,g78295
12817019000547,g78296
12824019000233,g78296
12817019000561,g78297
12826019000725,g78297
12817019000570,g78298
12819019002528,g78298
22822040000300,g78299
22824040000359,g78299
22822040000311,g78300
22826040000086,g78300
22821045000013,g78301
22823045000099,g78301
22822040000340,g78302
22822040000446,g78302
22822040000350,g78303
22824040000170,g78303
22822040000361,g78304
22822040000457,g78304
22821045000050,g78305
22823045000071,g78305
22822040000390,g78306
22822040000490,g78306
22822040000407,g78307
22826040000094,g78307
22822040000414,g78308
22824040000267,g78308
22821045000097,g78309
22821045000105,g78309
22821045000100,g78310
22821045000397,g78310
22821045000104,g78311
22821045000413,g78311
22822040000432,g78312
22824040000296,g78312
12817019000778,g78313
12821019000199,g78313
22821045000146,g78314
22825045000038,g78314
22822040000488,g78315
22824040000209,g78315
22821045000189,g78316
22821045000718,g78316
22821045000197,g78317
22821045000305,g78317
22821045000198,g78318
22817019000191,g78318
22821045000208,g78319
22821045000378,g78319
22821045000209,g78320
22821045000521,g78320
22822040000531,g78321
22822040000759,g78321
22821045000267,g78322
22821045000545,g78322
22822040000588,g78323
22822040000653,g78323
22821045000272,g78324
12824019000992,g78324
22822040000627,g78325
22822040000628,g78325
22821045000330,g78326
22822048000184,g78326
22821045000368,g78327
22823045000048,g78327
22822040000694,g78328
22822040000740,g78328
22821045000384,g78329
22821045000705,g78329
22822040000725,g78330
22824040000252,g78330
22822040000744,g78331
22824040000094,g78331
12817019001074,g78332
12817019003267,g78332
22822040000760,g78333
12824019000962,g78333
12817019001117,g78334
12819019002142,g78334
22823037000030,g78335
22820037000028,g78335
22823037000032,g78336
22825037000194,g78336
22823037000065,g78337
22820037000115,g78337
12817019001223,g78338
12819019000290,g78338
22823037000108,g78339
22820037000221,g78339
22823037000110,g78340
22825037000049,g78340
22821045000619,g78341
22823045000299,g78341
22823037000141,g78342
22825037000119,g78342
22823037000142,g78343
22817019001332,g78343
12817019001295,g78344
12824019000090,g78344
22823037000172,g78345
22825037000106,g78345
22823037000176,g78346
22824038000372,g78346
22821045000688,g78347
22818045000091,g78347
22821045000692,g78348
22823045000167,g78348
22823037000206,g78349
22825037000220,g78349
22823037000210,g78350
22820037000018,g78350
22823037000227,g78351
22818037000211,g78351
22823037000232,g78352
22820037000219,g78352
12817019001419,g78353
12819019000268,g78353
22823037000271,g78354
22818037000059,g78354
22823037000304,g78355
22825037000246,g78355
22822042000019,g78356
22824042000596,g78356
22822042000049,g78357
22822042000252,g78357
22822042000056,g78358
22822042000612,g78358
12817019001621,g78359
12817019001653,g78359
22822042000151,g78360
22822042000381,g78360
12824019000126,g78361
22822042000628,g78361
12817019001668,g78362
12817019001670,g78362
22822042000217,g78363
22822042000226,g78363
12817019001700,g78364
12817019002556,g78364
22822042000233,g78365
22822042001033,g78365
22822042000234,g78366
22824042000433,g78366
12824019000175,g78367
12824019000449,g78367
12817019001734,g78368
12819019001049,g78368
12824019000236,g78369
22824042000104,g78369
12817019001842,g78370
22820037000310,g78370
12824019000352,g78371
12824019002098,g78371
12817019001947,g78372
12821019000608,g78372
12824019000427,g78373
12826019000594,g78373
12824019000440,g78374
12824019002412,g78374
22822042000522,g78375
22824042000821,g78375
12817019002005,g78376
12817019003157,g78376
12824019000472,g78377
12821019000156,g78377
22824034000027,g78378
22821034000026,g78378
12824019000484,g78379
12819019003360,g78379
12824019000486,g78380
12824019001819,g78380
22824034000047,g78381
22818019012853,g78381
22824034000063,g78382
22821034000061,g78382
22824034000074,g78383
22821034000160,g78383
22822042000593,g78384
22824042000002,g78384
22818019007734,g78385
22822048000025,g78385
12824019000577,g78386
12826019000696,g78386
22824034000133,g78387
22817019002514,g78387
22824034000138,g78388
22819034000202,g78388
22822042000659,g78389
22822042001117,g78389
22822042000670,g78390
22822042001083,g78390
12824019000607,g78391
12819019001805,g78391
22822042000678,g78392
22822042000987,g78392
22824034000176,g78393
12824019002027,g78393
22822042000692,g78394
12819019003457,g78394
12824019000651,g78395
12821019000521,g78395
12824019000664,g78396
12824019000693,g78396
22824034000223,g78397
22821034000201,g78397
22822042000773,g78398
22819042000368,g78398
22822042000780,g78399
22822042000785,g78399
22822042000781,g78400
22822042000832,g78400
22822042000840,g78401
22824042000765,g78401
22823039000028,g78402
22825039000042,g78402
22823039000038,g78403
22825039000131,g78403
22823039000045,g78404
22823039000240,g78404
22823039000046,g78405
12824019002195,g78405
22822042000927,g78406
22824042000494,g78406
22818019008057,g78407
22819034000302,g78407
22822042000953,g78408
22817019001778,g78408
12824019000948,g78409
12821019000418,g78409
22822042001032,g78410
22819042000100,g78410
22823039000213,g78411
22825039000118,g78411
22822042001060,g78412
22822042001063,g78412
12824019000997,g78413
12821019000681,g78413
12824019001015,g78414
12824019002488,g78414
12824019001022,g78415
12824019002434,g78415
22822042001092,g78416
22824042000253,g78416
22822042001132,g78417
22824042000953,g78417
22823039000307,g78418
22825039000381,g78418
12824019001077,g78419
22821034000219,g78419
22823039000317,g78420
22818019014876,g78420
22823039000328,g78421
22818019012988,g78421
22822042001182,g78422
22824042000101,g78422
12824019001131,g78423
22824044000097,g78423
12824019001134,g78424
22818035000018,g78424
22822042001198,g78425
12821019000032,g78425
22822042001203,g78426
22824042000344,g78426
22822044000051,g78427
22822044000313,g78427
12824019001194,g78428
22824044000002,g78428
22823039000432,g78429
22818039000265,g78429
12824019001204,g78430
12826019000478,g78430
12824019001251,g78431
12824019001661,g78431
12824019001275,g78432
12826019000017,g78432
22822044000215,g78433
22822044000603,g78433
12824019001355,g78434
12826019000389,g78434
12824019001401,g78435
12824019001402,g78435
12824019001412,g78436
22819038000021,g78436
12824019001414,g78437
12824019001562,g78437
22822044000339,g78438
22824044000565,g78438
22822044000364,g78439
22822044000374,g78439
12824019001452,g78440
12821019000459,g78440
12817019003032,g78441
12819019003326,g78441
22822044000450,g78442
12826019000489,g78442
12817019003106,g78443
12817019003396,g78443
12817019003116,g78444
12826019000518,g78444
22822044000501,g78445
22822044000563,g78445
22824036000015,g78446
22819036000423,g78446
22822044000534,g78447
22824044000001,g78447
12824019001636,g78448
12824019002374,g78448
22818019008851,g78449
22818039000309,g78449
22818019008852,g78450
12824019002472,g78450
22822044000604,g78451
22822044000776,g78451
22822044000613,g78452
22822044000655,g78452
12824019001707,g78453
12824019001708,g78453
22824036000111,g78454
12824019002209,g78454
22822044000621,g78455
22824044000414,g78455
22822044000669,g78456
22825043000300,g78456
12824019001836,g78457
12826019000750,g78457
12824019001858,g78458
12819019000852,g78458
22818019009027,g78459
22818019016216,g78459
12824019001869,g78460
12819019001161,g78460
12824019001883,g78461
22822048000279,g78461
12824019001908,g78462
12824019002321,g78462
12824019001920,g78463
12824019001921,g78463
22823041000008,g78464
22823041000257,g78464
12824019001940,g78465
12826019000074,g78465
22823041000039,g78466
22823041000040,g78466
12824019001960,g78467
12826019000514,g78467
22823041000045,g78468
22825041000323,g78468
12817019003536,g78469
12819019001125,g78469
22823041000109,g78470
22818019014982,g78470
12824019002030,g78471
12826019000805,g78471
12824019002067,g78472
22824042000652,g78472
12824019002080,g78473
22820033000211,g78473
12824019002086,g78474
12824019002200,g78474
12824019002093,g78475
12819019001507,g78475
12824019002096,g78476
22824048000181,g78476
22823041000303,g78477
22818041000120,g78477
22823041000308,g78478
22818041000030,g78478
12824019002232,g78479
22824048000109,g78479
12824019002238,g78480
12826019000449,g78480
22822046000017,g78481
22822046000097,g78481
22822046000048,g78482
22824046000346,g78482
22822046000073,g78483
22818019015416,g78483
22823041000479,g78484
22825041000116,g78484
12817019003938,g78485
12817019003998,g78485
12817019003955,g78486
12826019000614,g78486
22822046000189,g78487
22818019010178,g78487
22822046000195,g78488
22818019011777,g78488
12824019002443,g78489
22824042000481,g78489
22825033000016,g78490
22825033000017,g78490
12817019004061,g78491
12821019000492,g78491
22825033000098,g78492
22820033000103,g78492
12824019002552,g78493
22824042000077,g78493
22822046000349,g78494
22824046000125,g78494
22825033000289,g78495
22820033000095,g78495
22824038000166,g78496
22824038000195,g78496
22824038000214,g78497
22824038000233,g78497
22823043000010,g78498
22825043000033,g78498
22823043000047,g78499
22823043000361,g78499
22823043000081,g78500
22824042000764,g78500
22823043000107,g78501
22817019000427,g78501
22823043000132,g78502
22823043000133,g78502
22823043000141,g78503
22823043000146,g78503
22823043000174,g78504
22823043000241,g78504
22823043000196,g78505
22825043000097,g78505
22823043000213,g78506
12826019000543,g78506
22823043000217,g78507
22823043000221,g78507
22823043000304,g78508
22825043000092,g78508
22823043000346,g78509
22823043000371,g78509
22822048000045,g78510
22822048000058,g78510
22822048000055,g78511
22824048000462,g78511
22822048000062,g78512
22824048000317,g78512
22822048000108,g78513
22818019010963,g78513
22822048000174,g78514
22824048000203,g78514
22823043000520,g78515
22823043000567,g78515
22823043000540,g78516
22825043000115,g78516
22822048000230,g78517
22824048000088,g78517
22822048000259,g78518
22824048000250,g78518
22822048000262,g78519
12826019000848,g78519
22825035000081,g78520
22825035000223,g78520
22822048000296,g78521
22824048000527,g78521
12819019000112,g78522
22821034000342,g78522
22822048000315,g78523
22824048000390,g78523
22822048000373,g78524
12826019000010,g78524
22822048000381,g78525
22824048000139,g78525
22822048000389,g78526
22824048000001,g78526
22824040000056,g78527
22824040000187,g78527
22818019011138,g78528
22824042000569,g78528
22819034000008,g78529
22819034000060,g78529
22819034000092,g78530
22821034000328,g78530
12819019000589,g78531
12819019000814,g78531
12819019000602,g78532
12821019000400,g78532
22819034000160,g78533
22826034000024,g78533
22819034000163,g78534
22821034000151,g78534
22824040000348,g78535
22824040000362,g78535
22824040000352,g78536
22824040000357,g78536
22823045000043,g78537
22823045000060,g78537
22823045000066,g78538
22823045000446,g78538
22823045000153,g78539
22823045000377,g78539
22819034000373,g78540
22821034000182,g78540
22823045000300,g78541
22825045000134,g78541
22823045000364,g78542
22823045000428,g78542
22825037000009,g78543
22826036000055,g78543
22825037000026,g78544
22825037000031,g78544
22825037000090,g78545
22817019001817,g78545
22818019012021,g78546
22818019016412,g78546
22825037000121,g78547
22820037000112,g78547
12819019001274,g78548
12819019001282,g78548
22818019012290,g78549
22818019012291,g78549
12826019000005,g78550
12826019000032,g78550
12826019000031,g78551
12826019000128,g78551
22824042000112,g78552
22824042000646,g78552
12826019000048,g78553
12826019000525,g78553
12826019000063,g78554
22820037000314,g78554
22824042000164,g78555
22824042000455,g78555
22818019012494,g78556
22818019012870,g78556
12819019001768,g78557
12821019000765,g78557
12826019000245,g78558
22817019000824,g78558
12826019000275,g78559
12826019000276,g78559
22824042000368,g78560
22824042000369,g78560
12826019000312,g78561
12826019000313,g78561
22824042000420,g78562
22824042000914,g78562
22824042000466,g78563
22824042000815,g78563
22824042000492,g78564
22824044000145,g78564
22818041000081,g78565
22818041000300,g78565
22826034000050,g78566
22826034000059,g78566
22826034000055,g78567
22821034000012,g78567
22818019012851,g78568
22818019015583,g78568
12826019000567,g78569
22824048000182,g78569
22824042000645,g78570
22824042000650,g78570
22818019012952,g78571
22821034000351,g78571
22824042000766,g78572
22825039000354,g78572
12826019000719,g78573
12821019000506,g78573
12826019000733,g78574
12826019000738,g78574
22825039000012,g78575
22825039000240,g78575
22825039000021,g78576
22825039000124,g78576
22825039000043,g78577
22825039000217,g78577
22824042000877,g78578
22824042000927,g78578
22825039000061,g78579
22825039000352,g78579
22825039000087,g78580
22825039000088,g78580
12819019002397,g78581
12819019002396,g78581
22825039000092,g78582
22825039000296,g78582
22825039000110,g78583
22825039000151,g78583
22820033000079,g78584
22820033000082,g78584
22820033000144,g78585
22820033000179,g78585
22825039000343,g78586
22825039000368,g78586
12819019002676,g78587
12819019002679,g78587
12819019002731,g78588
12821019000596,g78588
22824044000111,g78589
22824044000112,g78589
22824044000187,g78590
22824044000191,g78590
22819038000086,g78591
22819038000087,g78591
22824044000278,g78592
22824044000471,g78592
22824044000309,g78593
22824044000642,g78593
12819019002939,g78594
12821019000068,g78594
12819019002958,g78595
12819019002959,g78595
12819019003080,g78596
22821034000345,g78596
22819038000415,g78597
22826038000024,g78597
22826036000049,g78598
22826036000065,g78598
22824044000605,g78599
22824044000656,g78599
22819038000480,g78600
22826038000105,g78600
22817019000277,g78601
22817019000279,g78601
22817019000373,g78602
22817019000407,g78602
22825041000025,g78603
22825041000243,g78603
22825041000112,g78604
22825041000113,g78604
22825041000145,g78605
22825041000162,g78605
22820035000046,g78606
22820035000152,g78606
22825041000182,g78607
22825041000304,g78607
22825041000186,g78608
22825041000299,g78608
22825041000223,g78609
22825041000237,g78609
22824046000119,g78610
22824046000182,g78610
22824046000185,g78611
22824046000221,g78611
22824046000230,g78612
22824046000385,g78612
22819040000158,g78613
22819040000369,g78613
22824046000355,g78614
22824046000414,g78614
22826038000005,g78615
22826038000102,g78615
22826038000087,g78616
22826038000124,g78616
22825043000120,g78617
22825043000190,g78617
22825043000124,g78618
22825043000125,g78618
22820037000039,g78619
22820037000081,g78619
22820037000308,g78620
12821019000006,g78620
22818019015946,g78621
22818019015949,g78621
22824048000370,g78622
22824048000424,g78622
12821019000255,g78623
12821019000528,g78623
12821019000271,g78624
12821019000270,g78624
22824048000499,g78625
22824048000500,g78625
12821019000350,g78626
22821034000280,g78626
22821034000103,g78627
22821034000331,g78627
12821019000577,g78628
12821019000576,g78628
22825045000110,g78629
22825045000111,g78629
