fbo_id_1,fbo_id_2,raw_address_1,raw_address_2,similarity_score,block_key,house_number_1,house_number_2,high_confidence,locality_match
22820033000214,22821033000358,"T-110/2B, COSSIPORE ROAD, WARD- 006, KOLKATA- 700002, BOROUGH- I, KOLKATA  MUNICIPAL CORPORATION, Kolkata, West Bengal - 700002","T-1/1C, DUM DUM ROAD, WARD- 002, KOLKATA- 700002, BOROUGH- I, KOLKATA  MUNICIPAL CORPORATION, Kolkata, West Bengal - 700002",90.32,pin_700002,,,False,False
22820033000214,22819033000546,"T-110/2B, COSSIPORE ROAD, WARD- 006, KOLKATA- 700002, BOROUGH- I, KOLKATA  MUNICIPAL CORPORATION, Kolkata, West Bengal - 700002","T-51C, LOCK GATE ROAD, WARD- 006, KOLKATA- 700002, BOROUGH- I, KOLKATA  MUNICIPAL CORPORATION, Kolkata, West Bengal - 700002",90.76,pin_700002,,,False,False
22820033000208,22820033000196,"B/57/7/H/39, BARRACPORE TRUNK ROAD, WARD- 002, KOLKATA- 700002, BOROUGH- I, KOLKATA  MUNICIPAL CORPORATION, Kolkata, West Bengal - 700002","B/57/7/H/33, BARRACKPORE TRANK ROAD, KOLKATA - 700002, WARD NO - 2, BOROUGH- I, KOLKATA  MUNICIPAL CORPORATION, Kolkata, West Bengal - 700002",94.2,pin_700002,,,False,False
22820033000097,22821033000877,"B/26A/H/11, DUM DUM ROAD, WARD- 004, KOLKATA- 700002, BOROUGH- I, KOLKATA  MUNICIPAL CORPORATION, Kolkata, West Bengal - 700002","B/37A/H/1, COSSIPORE ROAD, WARD- 001, KOLKATA- 700002, BOROUGH- I, KOLKATA  MUNICIPAL CORPORATION, Kolkata, West Bengal - 700002",90.91,pin_700002,,,False,False
22820033000097,22821033000048,"B/26A/H/11, DUM DUM ROAD, WARD- 004, KOLKATA- 700002, BOROUGH- I, KOLKATA  MUNICIPAL CORPORATION, Kolkata, West Bengal - 700002","B/29/H/20, COSSIPORE ROAD, WARD- 006, KOLKATA- 700002, BOROUGH- I, KOLKATA  MUNICIPAL CORPORATION, Kolkata, West Bengal - 700002",90.12,pin_700002,,,False,False
22820033000097,22819033000240,"B/26A/H/11, DUM DUM ROAD, WARD- 004, KOLKATA- 700002, BOROUGH- I, KOLKATA  MUNICIPAL CORPORATION, Kolkata, West Bengal - 700002","60, B.T ROAD, WARD- 004, KOLKATA- 700002, BOROUGH- I, KOLKATA  MUNICIPAL CORPORATION, Kolkata, West Bengal - 700002",90.0,pin_700002,,60,False,False
22820033000097,22821033000073,"B/26A/H/11, DUM DUM ROAD, WARD- 004, KOLKATA- 700002, BOROUGH- I, KOLKATA  MUNICIPAL CORPORATION, Kolkata, West Bengal - 700002","B/29/H/23, COSSIPORE ROAD, WARD- 006, KOLKATA- 700002, BOROUGH- I, KOLKATA  MUNICIPAL CORPORATION, Kolkata, West Bengal - 700002",90.12,pin_700002,,,False,False
22820033000196,22821033000092,"B/57/7/H/33, BARRACKPORE TRANK ROAD, KOLKATA - 700002, WARD NO - 2, BOROUGH- I, KOLKATA  MUNICIPAL CORPORATION, Kolkata, West Bengal - 700002","B/57/7/H/40, BARRACPORE TRUNK ROAD, WARD- 002, KOLKATA- 700002, BOROUGH- I, KOLKATA  MUNICIPAL CORPORATION, Kolkata, West Bengal - 700002",93.48,pin_700002,,,False,False
22821033000877,22821033000221,"B/37A/H/1, COSSIPORE ROAD, WARD- 001, KOLKATA- 700002, BOROUGH- I, KOLKATA  MUNICIPAL CORPORATION, Kolkata, West Bengal - 700002","B/26A/H/41, DUM DUM ROAD, WARD- 004, KOLKATA- 700002, BOROUGH- I, KOLKATA  MUNICIPAL CORPORATION, Kolkata, West Bengal - 700002",90.91,pin_700002,,,False,False
22821033000877,22820033000050,"B/37A/H/1, COSSIPORE ROAD, WARD- 001, KOLKATA- 700002, BOROUGH- I, KOLKATA  MUNICIPAL CORPORATION, Kolkata, West Bengal - 700002","B/26A/H/49, DUM DUM ROAD, WARD- 004, KOLKATA- 700002, BOROUGH- I, KOLKATA  MUNICIPAL CORPORATION, Kolkata, West Bengal - 700002",90.12,pin_700002,,,False,False
22821033000221,22821033000048,"B/26A/H/41, DUM DUM ROAD, WARD- 004, KOLKATA- 700002, BOROUGH- I, KOLKATA  MUNICIPAL CORPORATION, Kolkata, West Bengal - 700002","B/29/H/20, COSSIPORE ROAD, WARD- 006, KOLKATA- 700002, BOROUGH- I, KOLKATA  MUNICIPAL CORPORATION, Kolkata, West Bengal - 700002",90.12,pin_700002,,,False,False
22821033000221,22819033000240,"B/26A/H/41, DUM DUM ROAD, WARD- 004, KOLKATA- 700002, BOROUGH- I, KOLKATA  MUNICIPAL CORPORATION, Kolkata, West Bengal - 700002","60, B.T ROAD, WARD- 004, KOLKATA- 700002, BOROUGH- I, KOLKATA  MUNICIPAL CORPORATION, Kolkata, West Bengal - 700002",90.0,pin_700002,,60,False,False
22821033000221,22821033000073,"B/26A/H/41, DUM DUM ROAD, WARD- 004, KOLKATA- 700002, BOROUGH- I, KOLKATA  MUNICIPAL CORPORATION, Kolkata, West Bengal - 700002","B/29/H/23, COSSIPORE ROAD, WARD- 006, KOLKATA- 700002, BOROUGH- I, KOLKATA  MUNICIPAL CORPORATION, Kolkata, West Bengal - 700002",90.12,pin_700002,,,False,False
22822033000345,22822033000216,"Flat 3A, 36c B T Road, BOROUGH- I, KOLKATA  MUNICIPAL CORPORATION, Kolkata, West Bengal - 700002","36c B T Road, BOROUGH- I, KOLKATA  MUNICIPAL CORPORATION, Kolkata, West Bengal - 700002",95.03,pin_700002,,36c,False,False
22822033000520,22822033000525,"47A, B. T. ROAD, BOROUGH- I, KOLKATA  MUNICIPAL CORPORATION, Kolkata, West Bengal - 700002","B57/7 H/83 B T ROAD, BOROUGH- I, KOLKATA  MUNICIPAL CORPORATION, Kolkata, West Bengal - 700002",90.11,pin_700002,47A,,False,False
22823033000023,22823033000028,"109, COSSOPORE ROAD, KOL - 2, WARD - 006, BOROUGH - I, BOROUGH- I, KOLKATA  MUNICIPAL CORPORATION, Kolkata, West Bengal - 700002",", COSSIPORE ROAD, KOL - , WARD - , BOROUGH - I, BOROUGH- I, KOLKATA  MUNICIPAL CORPORATION, Kolkata, West Bengal - 700002",91.5,pin_700002,109,,False,False
22823033000023,22823033000054,"109, COSSOPORE ROAD, KOL - 2, WARD - 006, BOROUGH - I, BOROUGH- I, KOLKATA  MUNICIPAL CORPORATION, Kolkata, West Bengal - 700002","B/100/4B/H/1, COSSIPORE ROAD, KOL - 2, WARD - 001, BOROUGH - I, BOROUGH- I, KOLKATA  MUNICIPAL CORPORATION, Kolkata, West Bengal - 700002",92.02,pin_700002,109,,False,False
22823033000023,22822033000486,"109, COSSOPORE ROAD, KOL - 2, WARD - 006, BOROUGH - I, BOROUGH- I, KOLKATA  MUNICIPAL CORPORATION, Kolkata, West Bengal - 700002","B/29/H/3, COSSIPORE ROAD , KOL - 2 , WARD - 006, BOROUGH - I, BOROUGH- I, KOLKATA  MUNICIPAL CORPORATION, Kolkata, West Bengal - 700002",91.19,pin_700002,109,,False,False
22823033000023,22823033000119,"109, COSSOPORE ROAD, KOL - 2, WARD - 006, BOROUGH - I, BOROUGH- I, KOLKATA  MUNICIPAL CORPORATION, Kolkata, West Bengal - 700002","B/35/1/H/1, COSSIPORE ROAD, KOL - 2, WARD - 001, BOROUGH - I, BOROUGH- I, KOLKATA  MUNICIPAL CORPORATION, Kolkata, West Bengal - 700002",92.72,pin_700002,109,,False,False
22823033000023,22822033000267,"109, COSSOPORE ROAD, KOL - 2, WARD - 006, BOROUGH - I, BOROUGH- I, KOLKATA  MUNICIPAL CORPORATION, Kolkata, West Bengal - 700002","T1/6B, COSSIPORE ROAD, WARD NO - 006, KOL - 2, BOROUGH - 1, BOROUGH- I, KOLKATA  MUNICIPAL CORPORATION, Kolkata, West Bengal - 700002",93.44,pin_700002,109,,False,False
22823033000054,22824033000075,"B/100/4B/H/1, COSSIPORE ROAD, KOL - 2, WARD - 001, BOROUGH - I, BOROUGH- I, KOLKATA  MUNICIPAL CORPORATION, Kolkata, West Bengal - 700002","B/1/1/H/28, DUM DUM ROAD, KOL - 2, WARD - 002, BOROUGH - I, BOROUGH- I, KOLKATA  MUNICIPAL CORPORATION, Kolkata, West Bengal - 700002",90.3,pin_700002,,,False,False
22823033000054,22824033000077,"B/100/4B/H/1, COSSIPORE ROAD, KOL - 2, WARD - 001, BOROUGH - I, BOROUGH- I, KOLKATA  MUNICIPAL CORPORATION, Kolkata, West Bengal - 700002","B/1/1/H/29, DUM DUM ROAD, KOL - 2, WARD - 002, BOROUGH - I, BOROUGH- I, KOLKATA  MUNICIPAL CORPORATION, Kolkata, West Bengal - 700002",90.3,pin_700002,,,False,False
22822033000050,22821033000377,"2/38, BOROUGH- I, KOLKATA  MUNICIPAL CORPORATION, Kolkata, West Bengal - 700002","T 57/6/3B, BOROUGH- I, KOLKATA  MUNICIPAL CORPORATION, Kolkata, West Bengal - 700002",94.41,pin_700002,2/38,,False,False
22822033000378,22823033000121,"B/1B/H/4 DUM DUM ROAD,KOLKATA 700002,WARD-002, BOROUGH- I, KOLKATA  MUNICIPAL CORPORATION, Kolkata, West Bengal - 700002","B/35/1/H/8 COSSIPORE ROAD,KOLKATA 700002,WARD-001, BOROUGH- I, KOLKATA  MUNICIPAL CORPORATION, Kolkata, West Bengal - 700002",90.08,pin_700002,,,False,False
22820033000050,22821033000048,"B/26A/H/49, DUM DUM ROAD, WARD- 004, KOLKATA- 700002, BOROUGH- I, KOLKATA  MUNICIPAL CORPORATION, Kolkata, West Bengal - 700002","B/29/H/20, COSSIPORE ROAD, WARD- 006, KOLKATA- 700002, BOROUGH- I, KOLKATA  MUNICIPAL CORPORATION, Kolkata, West Bengal - 700002",90.12,pin_700002,,,False,False
22820033000050,22819033000240,"B/26A/H/49, DUM DUM ROAD, WARD- 004, KOLKATA- 700002, BOROUGH- I, KOLKATA  MUNICIPAL CORPORATION, Kolkata, West Bengal - 700002","60, B.T ROAD, WARD- 004, KOLKATA- 700002, BOROUGH- I, KOLKATA  MUNICIPAL CORPORATION, Kolkata, West Bengal - 700002",90.0,pin_700002,,60,False,False
22820033000050,22821033000073,"B/26A/H/49, DUM DUM ROAD, WARD- 004, KOLKATA- 700002, BOROUGH- I, KOLKATA  MUNICIPAL CORPORATION, Kolkata, West Bengal - 700002","B/29/H/23, COSSIPORE ROAD, WARD- 006, KOLKATA- 700002, BOROUGH- I, KOLKATA  MUNICIPAL CORPORATION, Kolkata, West Bengal - 700002",90.12,pin_700002,,,False,False
22822033000340,22822033000247,"B/87C/H/1 COSSIPORE ROAD, BOROUGH- I, KOLKATA  MUNICIPAL CORPORATION, Kolkata, West Bengal - 700002","110 COSSIPURE ROAD, BOROUGH- I, KOLKATA  MUNICIPAL CORPORATION, Kolkata, West Bengal - 700002",91.58,pin_700002,,110,False,False
22822033000525,22825033000200,"B57/7 H/83 B T ROAD, BOROUGH- I, KOLKATA  MUNICIPAL CORPORATION, Kolkata, West Bengal - 700002","34C/1A B T ROAD, BOROUGH- I, KOLKATA  MUNICIPAL CORPORATION, Kolkata, West Bengal - 700002",90.11,pin_700002,,34C/1A,False,False
22823033000361,22822033000247,"B/37A/H/1 COSSIPORE ROAD , BOROUGH- I, KOLKATA  MUNICIPAL CORPORATION, Kolkata, West Bengal - 700002","110 COSSIPURE ROAD, BOROUGH- I, KOLKATA  MUNICIPAL CORPORATION, Kolkata, West Bengal - 700002",90.05,pin_700002,,110,False,False
22822033000607,22822033000247,"B/35/1/H/3 COSSIPORE ROAD, BOROUGH- I, KOLKATA  MUNICIPAL CORPORATION, Kolkata, West Bengal - 700002","110 COSSIPURE ROAD, BOROUGH- I, KOLKATA  MUNICIPAL CORPORATION, Kolkata, West Bengal - 700002",91.1,pin_700002,,110,False,False
22824033000075,22823033000119,"B/1/1/H/28, DUM DUM ROAD, KOL - 2, WARD - 002, BOROUGH - I, BOROUGH- I, KOLKATA  MUNICIPAL CORPORATION, Kolkata, West Bengal - 700002","B/35/1/H/1, COSSIPORE ROAD, KOL - 2, WARD - 001, BOROUGH - I, BOROUGH- I, KOLKATA  MUNICIPAL CORPORATION, Kolkata, West Bengal - 700002",90.98,pin_700002,,,False,False
22824033000077,22823033000119,"B/1/1/H/29, DUM DUM ROAD, KOL - 2, WARD - 002, BOROUGH - I, BOROUGH- I, KOLKATA  MUNICIPAL CORPORATION, Kolkata, West Bengal - 700002","B/35/1/H/1, COSSIPORE ROAD, KOL - 2, WARD - 001, BOROUGH - I, BOROUGH- I, KOLKATA  MUNICIPAL CORPORATION, Kolkata, West Bengal - 700002",90.98,pin_700002,,,False,False
22821033000377,22822033000037,"T 57/6/3B, BOROUGH- I, KOLKATA  MUNICIPAL CORPORATION, Kolkata, West Bengal - 700002","1/1/65, BOROUGH- I, KOLKATA  MUNICIPAL CORPORATION, Kolkata, West Bengal - 700002",93.25,pin_700002,,1/1/65,False,False
22822035000405,22822033000247,"B/29/H/21 COSSIPORE ROAD, BOROUGH- III, KOLKATA  MUNICIPAL CORPORATION, Kolkata, West Bengal - 700002","110 COSSIPURE ROAD, BOROUGH- I, KOLKATA  MUNICIPAL CORPORATION, Kolkata, West Bengal - 700002",90.62,pin_700002,,110,False,False
22822033000247,22822033000413,"110 COSSIPURE ROAD, BOROUGH- I, KOLKATA  MUNICIPAL CORPORATION, Kolkata, West Bengal - 700002","B/99/H/12/1A COSSIPORE ROAD, BOROUGH- I, KOLKATA  MUNICIPAL CORPORATION, Kolkata, West Bengal - 700002",90.16,pin_700002,110,,False,False
22822033000247,22822033000604,"110 COSSIPURE ROAD, BOROUGH- I, KOLKATA  MUNICIPAL CORPORATION, Kolkata, West Bengal - 700002","T-110/1D COSSIPORE ROAD, BOROUGH- I, KOLKATA  MUNICIPAL CORPORATION, Kolkata, West Bengal - 700002",92.06,pin_700002,110,,False,False
22822033000247,22822033000282,"110 COSSIPURE ROAD, BOROUGH- I, KOLKATA  MUNICIPAL CORPORATION, Kolkata, West Bengal - 700002","B/29/H/11 COSSIPORE ROAD, BOROUGH- I, KOLKATA  MUNICIPAL CORPORATION, Kolkata, West Bengal - 700002",91.58,pin_700002,110,,False,False
22822033000247,22826033000107,"110 COSSIPURE ROAD, BOROUGH- I, KOLKATA  MUNICIPAL CORPORATION, Kolkata, West Bengal - 700002","B/87A/H/7 COSSIPORE ROAD , BOROUGH- I, KOLKATA  MUNICIPAL CORPORATION, Kolkata, West Bengal - 700002",90.05,pin_700002,110,,False,False
22825033000242,22818033000597,"B/1/2/H/5 RUSTOMJEE PARSEE ROAD.WARD NO-006, BOROUGH- I, KOLKATA  MUNICIPAL CORPORATION, Kolkata, West Bengal - 700002","B/1/1/H/1/1 RUSTOMGG PRASEE ROAD.WARD NO-006, BOROUGH- I, KOLKATA  MUNICIPAL CORPORATION, Kolkata, West Bengal - 700002",94.47,pin_700002,,,False,False
22821033000358,22819033000546,"T-1/1C, DUM DUM ROAD, WARD- 002, KOLKATA- 700002, BOROUGH- I, KOLKATA  MUNICIPAL CORPORATION, Kolkata, West Bengal - 700002","T-51C, LOCK GATE ROAD, WARD- 006, KOLKATA- 700002, BOROUGH- I, KOLKATA  MUNICIPAL CORPORATION, Kolkata, West Bengal - 700002",91.43,pin_700002,,,False,False
22821033000358,22820033000163,"T-1/1C, DUM DUM ROAD, WARD- 002, KOLKATA- 700002, BOROUGH- I, KOLKATA  MUNICIPAL CORPORATION, Kolkata, West Bengal - 700002","T1/6B, COSSIPORE ROAD, WARD- 006, KOLKATA- 700002, BOROUGH- I, KOLKATA  MUNICIPAL CORPORATION, Kolkata, West Bengal - 700002",90.61,pin_700002,,,False,False
22819033000546,22820033000163,"T-51C, LOCK GATE ROAD, WARD- 006, KOLKATA- 700002, BOROUGH- I, KOLKATA  MUNICIPAL CORPORATION, Kolkata, West Bengal - 700002","T1/6B, COSSIPORE ROAD, WARD- 006, KOLKATA- 700002, BOROUGH- I, KOLKATA  MUNICIPAL CORPORATION, Kolkata, West Bengal - 700002",91.06,pin_700002,,,False,False
22821033000616,22821033000615,"T-13C/1B, BAGBAZAR STREET,WARD NO.-07, BOROUGH- I, KOLKATA  MUNICIPAL CORPORATION, Kolkata, West Bengal - 700003","86B,SHAMBAZAR STREET,WARD NO-08, BOROUGH- I, KOLKATA  MUNICIPAL CORPORATION, Kolkata, West Bengal - 700003",90.74,pin_700003,,86B,False,False
22823034000125,22825034000135,"25A, BAGBAZAR STREET, WARD No.010, BOROUGH-II, KOLKATA  MUNICIPAL CORPORATION, Kolkata, West Bengal - 700003","B/23A/H/15 BAGHBAZAR STREET, WARD NO-10, BOROUGH-II, KOLKATA  MUNICIPAL CORPORATION, Kolkata, West Bengal - 700003",90.0,pin_700003,25A,,False,False
22825034000135,22825034000168,"B/23A/H/15 BAGHBAZAR STREET, WARD NO-10, BOROUGH-II, KOLKATA  MUNICIPAL CORPORATION, Kolkata, West Bengal - 700003","43/2C, BAGBAZAR STREET WARD NO.10, BOROUGH-II, KOLKATA  MUNICIPAL CORPORATION, Kolkata, West Bengal - 700003",90.0,pin_700003,,43/2C,False,False
22820034000032,22821034000124,"B/21B/H/1,R G KAR ROAD,KOLKATA 700004,WARD-012,BR-II, BOROUGH-II, KOLKATA  MUNICIPAL CORPORATION, Kolkata, West Bengal - 700004","B/22/H/1,ULTADANGA ROAD,KOLKATA 700004,WARD-012,BR-II, BOROUGH-II, KOLKATA  MUNICIPAL CORPORATION, Kolkata, West Bengal - 700004",92.49,pin_700004,,,False,False
12819019002475,12822019001649,"B/21B/H/1,R G KAR ROAD,KOLKATA 700004,WARD-012,BR-II, KOLKATA  MUNICIPAL CORPORATION, Kolkata, West Bengal - 700004","B/20/H/11,ULTADANGA ROAD,KOLKATA 700004,WARD-012,BR-II, KOLKATA  MUNICIPAL CORPORATION, Kolkata, West Bengal - 700004",91.3,pin_700004,,,False,False
22821034000545,22820034000167,"81A,BEADON STREET,KOLKATA 700006,WARD-018,BR-II, BOROUGH-II, KOLKATA  MUNICIPAL CORPORATION, Kolkata, West Bengal - 700006","B/19E/H/6,GOABAGAN STREET,KOLKATA 700006,WARD-016,BR-II, BOROUGH-II, KOLKATA  MUNICIPAL CORPORATION, Kolkata, West Bengal - 700006",92.0,pin_700006,81A,,False,False
22821034000545,22818034000048,"81A,BEADON STREET,KOLKATA 700006,WARD-018,BR-II, BOROUGH-II, KOLKATA  MUNICIPAL CORPORATION, Kolkata, West Bengal - 700006","B/19D/H/20,GOABAGAN STREET,KOLKATA 700006,WARD-016,BR-II, BOROUGH-II, KOLKATA  MUNICIPAL CORPORATION, Kolkata, West Bengal - 700006",91.63,pin_700006,81A,,False,False
22821034000545,22820034000096,"81A,BEADON STREET,KOLKATA 700006,WARD-018,BR-II, BOROUGH-II, KOLKATA  MUNICIPAL CORPORATION, Kolkata, West Bengal - 700006","B/19D/H/8,GOABAGAN STREET,KOLKATA 700006,WARD-016,BR-II, BOROUGH-II, KOLKATA  MUNICIPAL CORPORATION, Kolkata, West Bengal - 700006",92.0,pin_700006,81A,,False,False
22821034000545,22821034000288,"81A,BEADON STREET,KOLKATA 700006,WARD-018,BR-II, BOROUGH-II, KOLKATA  MUNICIPAL CORPORATION, Kolkata, West Bengal - 700006","B/19D/H/10,GOABAGAN STREET,KOLKATA 700006,WARD-016,BR-II, BOROUGH-II, KOLKATA  MUNICIPAL CORPORATION, Kolkata, West Bengal - 700006",91.63,pin_700006,81A,,False,False
22821034000545,22820034000222,"81A,BEADON STREET,KOLKATA 700006,WARD-018,BR-II, BOROUGH-II, KOLKATA  MUNICIPAL CORPORATION, Kolkata, West Bengal - 700006","B/19K/H/36,GOABAGAN STREET,KOLKATA 700006,WARD-016,BR-II, BOROUGH-II, KOLKATA  MUNICIPAL CORPORATION, Kolkata, West Bengal - 700006",91.63,pin_700006,81A,,False,False
22822034000410,22821036000025,"B/19B/H/2 GOABAGAN STREET, BOROUGH-II, KOLKATA  MUNICIPAL CORPORATION, Kolkata, West Bengal - 700006","19, JORABAGAN STREET, BOROUGH-IV, KOLKATA  MUNICIPAL CORPORATION, Kolkata, West Bengal - 700006",90.16,pin_700006,,19,False,False
22821034000034,22820034000157,"6/1, DUTTA PARA LANE, BOROUGH-II, KOLKATA  MUNICIPAL CORPORATION, Kolkata, West Bengal - 700006","P-9 DALIMTOLA LANE, BOROUGH-II, KOLKATA  MUNICIPAL CORPORATION, Kolkata, West Bengal - 700006",90.32,pin_700006,6/1,,False,False
22821034000238,22820034000167,"85/1,BEADON STREET,KOLKATA 700006,WARD-018,BR-II, BOROUGH-II, KOLKATA  MUNICIPAL CORPORATION, Kolkata, West Bengal - 700006","B/19E/H/6,GOABAGAN STREET,KOLKATA 700006,WARD-016,BR-II, BOROUGH-II, KOLKATA  MUNICIPAL CORPORATION, Kolkata, West Bengal - 700006",92.43,pin_700006,85/1,,False,False
22821034000238,22818034000048,"85/1,BEADON STREET,KOLKATA 700006,WARD-018,BR-II, BOROUGH-II, KOLKATA  MUNICIPAL CORPORATION, Kolkata, West Bengal - 700006","B/19D/H/20,GOABAGAN STREET,KOLKATA 700006,WARD-016,BR-II, BOROUGH-II, KOLKATA  MUNICIPAL CORPORATION, Kolkata, West Bengal - 700006",92.06,pin_700006,85/1,,False,False
22821034000238,22820034000096,"85/1,BEADON STREET,KOLKATA 700006,WARD-018,BR-II, BOROUGH-II, KOLKATA  MUNICIPAL CORPORATION, Kolkata, West Bengal - 700006","B/19D/H/8,GOABAGAN STREET,KOLKATA 700006,WARD-016,BR-II, BOROUGH-II, KOLKATA  MUNICIPAL CORPORATION, Kolkata, West Bengal - 700006",92.43,pin_700006,85/1,,False,False
22821034000238,22821034000288,"85/1,BEADON STREET,KOLKATA 700006,WARD-018,BR-II, BOROUGH-II, KOLKATA  MUNICIPAL CORPORATION, Kolkata, West Bengal - 700006","B/19D/H/10,GOABAGAN STREET,KOLKATA 700006,WARD-016,BR-II, BOROUGH-II, KOLKATA  MUNICIPAL CORPORATION, Kolkata, West Bengal - 700006",92.06,pin_700006,85/1,,False,False
22821034000238,22820034000222,"85/1,BEADON STREET,KOLKATA 700006,WARD-018,BR-II, BOROUGH-II, KOLKATA  MUNICIPAL CORPORATION, Kolkata, West Bengal - 700006","B/19K/H/36,GOABAGAN STREET,KOLKATA 700006,WARD-016,BR-II, BOROUGH-II, KOLKATA  MUNICIPAL CORPORATION, Kolkata, West Bengal - 700006",92.06,pin_700006,85/1,,False,False
22823034000271,22820034000157,"16, DALIMTALA LANE , BOROUGH-II, KOLKATA  MUNICIPAL CORPORATION, Kolkata, West Bengal - 700006","P-9 DALIMTOLA LANE, BOROUGH-II, KOLKATA  MUNICIPAL CORPORATION, Kolkata, West Bengal - 700006",92.97,pin_700006,16,,False,False
22820034000157,22822034000012,"P-9 DALIMTOLA LANE, BOROUGH-II, KOLKATA  MUNICIPAL CORPORATION, Kolkata, West Bengal - 700006","3 IMAMBAKSH LANE, BOROUGH-II, KOLKATA  MUNICIPAL CORPORATION, Kolkata, West Bengal - 700006",90.11,pin_700006,,3,False,False
22820034000157,22819034000452,"P-9 DALIMTOLA LANE, BOROUGH-II, KOLKATA  MUNICIPAL CORPORATION, Kolkata, West Bengal - 700006","18/3A DALIMTALA LANE , BOROUGH-II, KOLKATA  MUNICIPAL CORPORATION, Kolkata, West Bengal - 700006",91.98,pin_700006,,18/3A,False,False
12825019000105,12822019000763,"B/1/H/32,RAMESH DUTT STREET,KOLKATA 700006,WARD-026,BR-IV, KOLKATA  MUNICIPAL CORPORATION, Kolkata, West Bengal - 700006","9B,BROJA DULAL STREET,KOLKATA 700006,WARD-024,BR-IV, KOLKATA  MUNICIPAL CORPORATION, Kolkata, West Bengal - 700006",90.52,pin_700006,,9B,False,False
22818019009387,22822037000503,"P210 STRAND BANK ROAD WORD NO -45, BOROUGH- V, KOLKATA  MUNICIPAL CORPORATION, Kolkata, West Bengal - 700007","44 STAND ROAD WARD NO-42, BOROUGH- V, KOLKATA  MUNICIPAL CORPORATION, Kolkata, West Bengal - 700007",90.73,pin_700007,,44,False,False
22821036000563,22821036000798,"2, GANPAT BAGLA ROAD, BOROUGH-IV, KOLKATA  MUNICIPAL CORPORATION, Kolkata, West Bengal - 700007","B/3 JAGGANATH GHAT ROAD, BOROUGH-IV, KOLKATA  MUNICIPAL CORPORATION, Kolkata, West Bengal - 700007",90.05,pin_700007,2,,False,False
22823036000398,22822036000255,"4, VIVEKANANDA ROAD, BOROUGH-IV, KOLKATA  MUNICIPAL CORPORATION, Kolkata, West Bengal - 700007","Ground Floor, 37, VIVEKANAND ROAD, BOROUGH-IV, KOLKATA  MUNICIPAL CORPORATION, Kolkata, West Bengal - 700007",91.0,pin_700007,4,,False,False
22822036000041,12822019001887,"18 SIR HARIRAM GOENKA STREET, KOLKATA-700007, WARD-23, BOROUGH-IV, KOLKATA  MUNICIPAL CORPORATION, Kolkata, West Bengal - 700007","P-7, KALAKAR STREET, WARD-23, KOLKATA-700007, BOROUGH-IV, KOLKATA  MUNICIPAL CORPORATION, Kolkata, West Bengal - 700007",90.61,pin_700007,18,,False,False
22822036000255,22825036000111,"Ground Floor, 37, VIVEKANAND ROAD, BOROUGH-IV, KOLKATA  MUNICIPAL CORPORATION, Kolkata, West Bengal - 700007","39, VIVEKANANDA ROAD, BOROUGH-IV, KOLKATA  MUNICIPAL CORPORATION, Kolkata, West Bengal - 700007",91.54,pin_700007,,39,False,False
22821035000587,22819035000037,"B/29A/H/8 CHAULPATTI ROAD, WARD NO-34, BOROUGH- III, KOLKATA  MUNICIPAL CORPORATION, Kolkata, West Bengal - 700010","B/29A/H/1 CHAULPATI ROAD, BOROUGH- I, KOLKATA  MUNICIPAL CORPORATION, Kolkata, West Bengal - 700010",91.94,pin_700010,,,False,False
22823035000058,22819035000037,"B/29A/H/8, CHAULPATTY ROAD, BOROUGH- III, KOLKATA  MUNICIPAL CORPORATION, Kolkata, West Bengal - 700010","B/29A/H/1 CHAULPATI ROAD, BOROUGH- I, KOLKATA  MUNICIPAL CORPORATION, Kolkata, West Bengal - 700010",96.0,pin_700010,,,False,False
22823035000126,22819035000037,"B/29A/H/7, CHAULPATTI ROAD, WARD NO-34, BOROUGH- III, KOLKATA  MUNICIPAL CORPORATION, Kolkata, West Bengal - 700010","B/29A/H/1 CHAULPATI ROAD, BOROUGH- I, KOLKATA  MUNICIPAL CORPORATION, Kolkata, West Bengal - 700010",91.51,pin_700010,,,False,False
22823035000210,22819035000037,"27B CHAULPATTY ROAD, BOROUGH- III, KOLKATA  MUNICIPAL CORPORATION, Kolkata, West Bengal - 700010","B/29A/H/1 CHAULPATI ROAD, BOROUGH- I, KOLKATA  MUNICIPAL CORPORATION, Kolkata, West Bengal - 700010",90.16,pin_700010,27B,,False,False
22819035000037,22823035000115,"B/29A/H/1 CHAULPATI ROAD, BOROUGH- I, KOLKATA  MUNICIPAL CORPORATION, Kolkata, West Bengal - 700010","B/12A/H/26, CHAULPATTI ROAD, WARD NO-34, BOROUGH- III, KOLKATA  MUNICIPAL CORPORATION, Kolkata, West Bengal - 700010",90.14,pin_700010,,,False,False
12822019001303,12824019000064,"B/52/H/7, CHAULPATTI ROAD , WARD No.033, KOLKATA  MUNICIPAL CORPORATION, Kolkata, West Bengal - 700010","B/13A/H/4, CHAULPATI ROAD, WARD No - 34, KOLKATA  MUNICIPAL CORPORATION, Kolkata, West Bengal - 700010",90.1,pin_700010,033,,False,False
12825019002067,12825019000210,"35D CHAULPATI ROAD, KOLKATA  MUNICIPAL CORPORATION, Kolkata, West Bengal - 700010","B/52/H/7, CHAULPATTI ROAD,, KOLKATA  MUNICIPAL CORPORATION, Kolkata, West Bengal - 700010",90.48,pin_700010,35D,,False,False
22818038000061,22822038000278,"P-5, C I T ROAD, ENTALLY, BOROUGH-VI, KOLKATA  MUNICIPAL CORPORATION, Kolkata, West Bengal - 700014","P-54 CIT ROAD, BOROUGH-VI, KOLKATA  MUNICIPAL CORPORATION, Kolkata, West Bengal - 700014",90.81,pin_700014,,,False,False
22821038000065,22820038000178,"8, DR SURESH SARKAR ROAD, GROUND FLOOR, KOLKATA 700014, WARD 054 BR VI, BOROUGH-VI, KOLKATA  MUNICIPAL CORPORATION, Kolkata, West Bengal - 700014","B/40/H/1, SIR SYED AHMED ROAD, GROUND FLOOR, KOLKATA 700014, WARD 054 BR VI, BOROUGH-VI, KOLKATA  MUNICIPAL CORPORATION, Kolkata, West Bengal - 700014",90.1,pin_700014,8,,False,False
22821038000528,22825038000232,"22/1 Gorachand Road, Intally, BOROUGH-VI, KOLKATA  MUNICIPAL CORPORATION, Kolkata, West Bengal - 700014","Gora Chand Road, Entally, BOROUGH-VI, KOLKATA  MUNICIPAL CORPORATION, Kolkata, West Bengal - 700014",91.0,pin_700014,22/1,,False,False
22823038000039,22823038000089,"9/2/3B/2, BOROUGH-VI, KOLKATA  MUNICIPAL CORPORATION, Kolkata, West Bengal - 700014","B/H/21, BOROUGH-VI, KOLKATA  MUNICIPAL CORPORATION, Kolkata, West Bengal - 700014",95.06,pin_700014,9/2/3B/2,,False,False
22822038000253,22822038000278,"P-16, C.I.T ROAD, SCHEME LV, BOROUGH-VI, KOLKATA  MUNICIPAL CORPORATION, Kolkata, West Bengal - 700014","P-54 CIT ROAD, BOROUGH-VI, KOLKATA  MUNICIPAL CORPORATION, Kolkata, West Bengal - 700014",90.43,pin_700014,,,False,False
22823038000220,22822038000175,"4/1 CHATUBABU LANE, BOROUGH-VI, KOLKATA  MUNICIPAL CORPORATION, Kolkata, West Bengal - 700014","BAZAR AT 4/1 CHATU BABU LANE, BOROUGH-VI, KOLKATA  MUNICIPAL CORPORATION, Kolkata, West Bengal - 700014",90.72,pin_700014,4/1,,False,False
22820038000207,22821038000515,"P4B CIT ROAD, BOROUGH-VI, KOLKATA  MUNICIPAL CORPORATION, Kolkata, West Bengal - 700014","1/A, CONVENT ROAD, BOROUGH-VI, KOLKATA  MUNICIPAL CORPORATION, Kolkata, West Bengal - 700014",91.53,pin_700014,,1,False,False
22820038000207,22824038000047,"P4B CIT ROAD, BOROUGH-VI, KOLKATA  MUNICIPAL CORPORATION, Kolkata, West Bengal - 700014","9 CHRISTOPHER ROAD , BOROUGH-VI, KOLKATA  MUNICIPAL CORPORATION, Kolkata, West Bengal - 700014",90.5,pin_700014,,9,False,False
22822038000278,22821038000515,"P-54 CIT ROAD, BOROUGH-VI, KOLKATA  MUNICIPAL CORPORATION, Kolkata, West Bengal - 700014","1/A, CONVENT ROAD, BOROUGH-VI, KOLKATA  MUNICIPAL CORPORATION, Kolkata, West Bengal - 700014",91.01,pin_700014,,1,False,False
22822038000278,22824038000047,"P-54 CIT ROAD, BOROUGH-VI, KOLKATA  MUNICIPAL CORPORATION, Kolkata, West Bengal - 700014","9 CHRISTOPHER ROAD , BOROUGH-VI, KOLKATA  MUNICIPAL CORPORATION, Kolkata, West Bengal - 700014",90.0,pin_700014,,9,False,False
22822038000471,22822038000619,"8A, URIAPARA LANE,WARD-54, BOROUGH-VI, KOLKATA  MUNICIPAL CORPORATION, Kolkata, West Bengal - 700014","B/6/H/9, TALTALA LANE,WARD-53, BOROUGH-VI, KOLKATA  MUNICIPAL CORPORATION, Kolkata, West Bengal - 700014",90.1,pin_700014,8A,,False,False
12818019002271,12824019002151,"P121 CIT ROAD WARD-55, KOLKATA  MUNICIPAL CORPORATION, Kolkata, West Bengal - 700014","P-12 C.I.T. ROAD , KOLKATA  MUNICIPAL CORPORATION, Kolkata, West Bengal - 700014",90.12,pin_700014,,,False,False
22820038000006,22821038000034,"94A, RIPON STREET, GROUND FLOOR, KOLKATA 700016, WARD 062 BR VI, BOROUGH-VI, KOLKATA  MUNICIPAL CORPORATION, Kolkata, West Bengal - 700016","B/9/H/3, ALIMUDDIN STREET, GROUND FLOOR, KOLKATA 700016, WARD 062 BR VI, BOROUGH-VI, KOLKATA  MUNICIPAL CORPORATION, Kolkata, West Bengal - 700016",91.49,pin_700016,94A,,False,False
22820038000006,22821038000368,"94A, RIPON STREET, GROUND FLOOR, KOLKATA 700016, WARD 062 BR VI, BOROUGH-VI, KOLKATA  MUNICIPAL CORPORATION, Kolkata, West Bengal - 700016","B/21/H/11, ALIMUDDIN STREET, GROUND FLOOR, KOLKATA 700016, WARD 062 BR VI, BOROUGH-VI, KOLKATA  MUNICIPAL CORPORATION, Kolkata, West Bengal - 700016",90.85,pin_700016,94A,,False,False
22820038000006,22821038000202,"94A, RIPON STREET, GROUND FLOOR, KOLKATA 700016, WARD 062 BR VI, BOROUGH-VI, KOLKATA  MUNICIPAL CORPORATION, Kolkata, West Bengal - 700016","B/2/H/5, NAWAB ABDUL LATIF STREET, GROUND FLOOR, KOLKATA 700016, WARD 062 BR VI, BOROUGH-VI, KOLKATA  MUNICIPAL CORPORATION, Kolkata, West Bengal - 700016",90.34,pin_700016,94A,,False,False
22820038000006,22819038000584,"94A, RIPON STREET, GROUND FLOOR, KOLKATA 700016, WARD 062 BR VI, BOROUGH-VI, KOLKATA  MUNICIPAL CORPORATION, Kolkata, West Bengal - 700016","B/6A/H/4, MUZAFFAR AHMED STREET, GROUND FLOOR, KOLKATA 700016, WARD 061 BR VI, BOROUGH-VI, KOLKATA  MUNICIPAL CORPORATION, Kolkata, West Bengal - 700016",90.28,pin_700016,94A,,False,False
22820038000044,22821038000034,"96/5,COLLIN STREET, GROUND FLOOR, KOLKATA 700016 WARD 062 BR VI, BOROUGH-VI, KOLKATA  MUNICIPAL CORPORATION, Kolkata, West Bengal - 700016","B/9/H/3, ALIMUDDIN STREET, GROUND FLOOR, KOLKATA 700016, WARD 062 BR VI, BOROUGH-VI, KOLKATA  MUNICIPAL CORPORATION, Kolkata, West Bengal - 700016",91.49,pin_700016,96/5,,False,False
22820038000044,22821038000368,"96/5,COLLIN STREET, GROUND FLOOR, KOLKATA 700016 WARD 062 BR VI, BOROUGH-VI, KOLKATA  MUNICIPAL CORPORATION, Kolkata, West Bengal - 700016","B/21/H/11, ALIMUDDIN STREET, GROUND FLOOR, KOLKATA 700016, WARD 062 BR VI, BOROUGH-VI, KOLKATA  MUNICIPAL CORPORATION, Kolkata, West Bengal - 700016",90.85,pin_700016,96/5,,False,False
22820038000176,22819038000592,"9, ELLIOT LANE, GROUND FLOOR, KOLKATA 700016, WARD 061 BR VI, BOROUGH-VI, KOLKATA  MUNICIPAL CORPORATION, Kolkata, West Bengal - 700016","B/2/H/4, TALTALA LANE, GROUND FLOOR, KOLKATA 700016, WARD 053 BR VI, BOROUGH-VI, KOLKATA  MUNICIPAL CORPORATION, Kolkata, West Bengal - 700016",90.18,pin_700016,9,,False,False
22821038000034,22824038000212,"B/9/H/3, ALIMUDDIN STREET, GROUND FLOOR, KOLKATA 700016, WARD 062 BR VI, BOROUGH-VI, KOLKATA  MUNICIPAL CORPORATION, Kolkata, West Bengal - 700016","3, AGA MEHDI STREET, GROUND FLOOR, KOLKATA 700016, WARD 062 BR VI, BOROUGH-VI, KOLKATA  MUNICIPAL CORPORATION, Kolkata, West Bengal - 700016",90.14,pin_700016,,3,False,False
22821038000034,22821038000202,"B/9/H/3, ALIMUDDIN STREET, GROUND FLOOR, KOLKATA 700016, WARD 062 BR VI, BOROUGH-VI, KOLKATA  MUNICIPAL CORPORATION, Kolkata, West Bengal - 700016","B/2/H/5, NAWAB ABDUL LATIF STREET, GROUND FLOOR, KOLKATA 700016, WARD 062 BR VI, BOROUGH-VI, KOLKATA  MUNICIPAL CORPORATION, Kolkata, West Bengal - 700016",91.28,pin_700016,,,False,False
22821038000034,22819038000584,"B/9/H/3, ALIMUDDIN STREET, GROUND FLOOR, KOLKATA 700016, WARD 062 BR VI, BOROUGH-VI, KOLKATA  MUNICIPAL CORPORATION, Kolkata, West Bengal - 700016","B/6A/H/4, MUZAFFAR AHMED STREET, GROUND FLOOR, KOLKATA 700016, WARD 061 BR VI, BOROUGH-VI, KOLKATA  MUNICIPAL CORPORATION, Kolkata, West Bengal - 700016",91.89,pin_700016,,,False,False
22821038000368,22821038000202,"B/21/H/11, ALIMUDDIN STREET, GROUND FLOOR, KOLKATA 700016, WARD 062 BR VI, BOROUGH-VI, KOLKATA  MUNICIPAL CORPORATION, Kolkata, West Bengal - 700016","B/2/H/5, NAWAB ABDUL LATIF STREET, GROUND FLOOR, KOLKATA 700016, WARD 062 BR VI, BOROUGH-VI, KOLKATA  MUNICIPAL CORPORATION, Kolkata, West Bengal - 700016",91.33,pin_700016,,,False,False
22821038000368,22819038000584,"B/21/H/11, ALIMUDDIN STREET, GROUND FLOOR, KOLKATA 700016, WARD 062 BR VI, BOROUGH-VI, KOLKATA  MUNICIPAL CORPORATION, Kolkata, West Bengal - 700016","B/6A/H/4, MUZAFFAR AHMED STREET, GROUND FLOOR, KOLKATA 700016, WARD 061 BR VI, BOROUGH-VI, KOLKATA  MUNICIPAL CORPORATION, Kolkata, West Bengal - 700016",91.28,pin_700016,,,False,False
22822038000328,22822038000486,"B/9/H/1 ALIMUDDIN STREET, BOROUGH-VI, KOLKATA  MUNICIPAL CORPORATION, Kolkata, West Bengal - 700016","B/14/H/1 AGA MEHDI STREET, BOROUGH-VI, KOLKATA  MUNICIPAL CORPORATION, Kolkata, West Bengal - 700016",90.36,pin_700016,,,False,False
22825038000223,22822038000501,"B/12/H/14, BEDFPRD LANE,WARD-61, BOROUGH-VI, KOLKATA  MUNICIPAL CORPORATION, Kolkata, West Bengal - 700016","12, BEDFORD LANE,WARD-61, BOROUGH-VI, KOLKATA  MUNICIPAL CORPORATION, Kolkata, West Bengal - 700016",91.63,pin_700016,,12,False,False
22825038000223,22825038000007,"B/12/H/14, BEDFPRD LANE,WARD-61, BOROUGH-VI, KOLKATA  MUNICIPAL CORPORATION, Kolkata, West Bengal - 700016","B/19/H/2, BEDFORD LANE,WARD-61, BOROUGH-VI, KOLKATA  MUNICIPAL CORPORATION, Kolkata, West Bengal - 700016",96.65,pin_700016,,,False,False
22825038000223,22823038000014,"B/12/H/14, BEDFPRD LANE,WARD-61, BOROUGH-VI, KOLKATA  MUNICIPAL CORPORATION, Kolkata, West Bengal - 700016","B/12/H/41, BEDFORD LANE,WARD-61, BOROUGH-VI, KOLKATA  MUNICIPAL CORPORATION, Kolkata, West Bengal - 700016",98.1,pin_700016,,,False,False
22821038000202,22819038000584,"B/2/H/5, NAWAB ABDUL LATIF STREET, GROUND FLOOR, KOLKATA 700016, WARD 062 BR VI, BOROUGH-VI, KOLKATA  MUNICIPAL CORPORATION, Kolkata, West Bengal - 700016","B/6A/H/4, MUZAFFAR AHMED STREET, GROUND FLOOR, KOLKATA 700016, WARD 061 BR VI, BOROUGH-VI, KOLKATA  MUNICIPAL CORPORATION, Kolkata, West Bengal - 700016",90.79,pin_700016,,,False,False
22822038000170,22822039000612,"83A, PARK STREET,WARD-61, BOROUGH-VI, KOLKATA  MUNICIPAL CORPORATION, Kolkata, West Bengal - 700016","A/67/1A, PARK STREET,WARD-63, BOROUGH- VII, KOLKATA  MUNICIPAL CORPORATION, Kolkata, West Bengal - 700016",91.09,pin_700016,83A,,False,False
12819019003105,12824019000328,"MAGMA HOUSE, 24, PARK STREET, 7TH FLOOR, WARD NO-63, KOLKATA  MUNICIPAL CORPORATION, Kolkata, West Bengal - 700016","25B, PARK STREET, GROUND FLOOR, WARD NO-63, KOLKATA  MUNICIPAL CORPORATION, Kolkata, West Bengal - 700016",90.32,pin_700016,,25B,False,False
12819019003105,12818019003834,"MAGMA HOUSE, 24, PARK STREET, 7TH FLOOR, WARD NO-63, KOLKATA  MUNICIPAL CORPORATION, Kolkata, West Bengal - 700016","20G, PARK STREET, 
GROUND FLOOR, 
WARD NO-63, KOLKATA  MUNICIPAL CORPORATION, Kolkata, West Bengal - 700016",90.32,pin_700016,,20G,False,False
12823019000944,12819019000776,"17,PARK STREET, KOLKATA - 700016, KOLKATA  MUNICIPAL CORPORATION, Kolkata, West Bengal - 700016","KFC, 20K PARK STREET,
KOLKATA - 700016, KOLKATA  MUNICIPAL CORPORATION, Kolkata, West Bengal - 700016",90.72,pin_700016,17,,False,False
12819019000776,12819019001642,"KFC, 20K PARK STREET,
KOLKATA - 700016, KOLKATA  MUNICIPAL CORPORATION, Kolkata, West Bengal - 700016","20 K, PARK STREET, KOLKATA - 700016, KOLKATA  MUNICIPAL CORPORATION, Kolkata, West Bengal - 700016",98.48,pin_700016,,20,False,False
12819019000776,12817019003670,"KFC, 20K PARK STREET,
KOLKATA - 700016, KOLKATA  MUNICIPAL CORPORATION, Kolkata, West Bengal - 700016","17 PARK STREET KOLKATA 700016, KOLKATA  MUNICIPAL CORPORATION, Kolkata, West Bengal - 700016",93.19,pin_700016,,17,False,False
22820038000035,22823038000262,"11/2B, MCLEOD STREET, GROUND FLOOR, WD-61, BR-VI, BOROUGH-VI, KOLKATA  MUNICIPAL CORPORATION, Kolkata, West Bengal - 700017","T/48/1C, MACLEOD STREET, GROUND FLOOR, WD-61, BR-VI, BOROUGH-VI, KOLKATA  MUNICIPAL CORPORATION, Kolkata, West Bengal - 700017",93.12,pin_700017,11/2B,,False,False
22820038000102,22822038000066,"11/2A, MECLEOD STREET, BOROUGH-VI, KOLKATA  MUNICIPAL CORPORATION, Kolkata, West Bengal - 700017","B/31/H/1, MCLEOD STREET, KMC 61, BOROUGH-VI, KOLKATA  MUNICIPAL CORPORATION, Kolkata, West Bengal - 700017",90.0,pin_700017,11/2A,,False,False
22820038000217,22823038000262,"48/1/C, MCLEOD STREET, GROUND FLOOR, WD-61, BR-VI, BOROUGH-VI, KOLKATA  MUNICIPAL CORPORATION, Kolkata, West Bengal - 700017","T/48/1C, MACLEOD STREET, GROUND FLOOR, WD-61, BR-VI, BOROUGH-VI, KOLKATA  MUNICIPAL CORPORATION, Kolkata, West Bengal - 700017",92.74,pin_700017,48/1,,False,False
22821039001229,22822038000103,"P 233  PARK STREET, BOROUGH- VII, KOLKATA  MUNICIPAL CORPORATION, Kolkata, West Bengal - 700017","70A PARK STREET, BOROUGH-VI, KOLKATA  MUNICIPAL CORPORATION, Kolkata, West Bengal - 700017",90.11,pin_700017,,70A,False,False
22821039001229,22824038000310,"P 233  PARK STREET, BOROUGH- VII, KOLKATA  MUNICIPAL CORPORATION, Kolkata, West Bengal - 700017","135 PARK STREET, BOROUGH-VI, KOLKATA  MUNICIPAL CORPORATION, Kolkata, West Bengal - 700017",92.31,pin_700017,,135,False,False
22821039001229,22820038000269,"P 233  PARK STREET, BOROUGH- VII, KOLKATA  MUNICIPAL CORPORATION, Kolkata, West Bengal - 700017","191 PARK STREET, BOROUGH-VI, KOLKATA  MUNICIPAL CORPORATION, Kolkata, West Bengal - 700017",91.21,pin_700017,,191,False,False
22821039001229,22826038000102,"P 233  PARK STREET, BOROUGH- VII, KOLKATA  MUNICIPAL CORPORATION, Kolkata, West Bengal - 700017","183/1A, PARK STREET, BOROUGH-VI, KOLKATA  MUNICIPAL CORPORATION, Kolkata, West Bengal - 700017",90.32,pin_700017,,183/1A,False,False
22822038000121,22823038000262,"T48, MCLEOD STREET, GROUND FLOOR, WD-61, BR-VI, BOROUGH-VI, KOLKATA  MUNICIPAL CORPORATION, Kolkata, West Bengal - 700017","T/48/1C, MACLEOD STREET, GROUND FLOOR, WD-61, BR-VI, BOROUGH-VI, KOLKATA  MUNICIPAL CORPORATION, Kolkata, West Bengal - 700017",97.96,pin_700017,,,False,False
22823038000262,22824038000244,"T/48/1C, MACLEOD STREET, GROUND FLOOR, WD-61, BR-VI, BOROUGH-VI, KOLKATA  MUNICIPAL CORPORATION, Kolkata, West Bengal - 700017","45, MCLEOD STREET, GROUND FLOOR, WD-61, BR-VI, BOROUGH-VI, KOLKATA  MUNICIPAL CORPORATION, Kolkata, West Bengal - 700017",94.26,pin_700017,,45,False,False
22823038000262,22824038000014,"T/48/1C, MACLEOD STREET, GROUND FLOOR, WD-61, BR-VI, BOROUGH-VI, KOLKATA  MUNICIPAL CORPORATION, Kolkata, West Bengal - 700017","62A, MCLEOD STREET, GROUND  FLOOR, WD-61, BR-VI, BOROUGH-VI, KOLKATA  MUNICIPAL CORPORATION, Kolkata, West Bengal - 700017",93.88,pin_700017,,62A,False,False
22823038000262,22822038000034,"T/48/1C, MACLEOD STREET, GROUND FLOOR, WD-61, BR-VI, BOROUGH-VI, KOLKATA  MUNICIPAL CORPORATION, Kolkata, West Bengal - 700017","2, MCLEOD STREET, GROUND FLOOR, WD-61, BR-VI, BOROUGH-VI, KOLKATA  MUNICIPAL CORPORATION, Kolkata, West Bengal - 700017",94.65,pin_700017,,2,False,False
22823038000262,22825038000195,"T/48/1C, MACLEOD STREET, GROUND FLOOR, WD-61, BR-VI, BOROUGH-VI, KOLKATA  MUNICIPAL CORPORATION, Kolkata, West Bengal - 700017","T 48/1C, MCLEOD STREET, GROUND FLOOR, WD-61, BR-VI, BOROUGH-VI, KOLKATA  MUNICIPAL CORPORATION, Kolkata, West Bengal - 700017",93.98,pin_700017,,,False,False
22823038000262,22823038000320,"T/48/1C, MACLEOD STREET, GROUND FLOOR, WD-61, BR-VI, BOROUGH-VI, KOLKATA  MUNICIPAL CORPORATION, Kolkata, West Bengal - 700017","1/1B, MCLEOD STREET, GROUND FLOOR, WD-61, BR-VI, BOROUGH-VI, KOLKATA  MUNICIPAL CORPORATION, Kolkata, West Bengal - 700017",93.5,pin_700017,,1/1B,False,False
22824040000118,22821039000880,"101/1A KARAYA ROAD, WARD NO-69, BOROUGH- VIII, KOLKATA  MUNICIPAL CORPORATION, Kolkata, West Bengal - 700017","P-297, DARGA ROAD, WARD NO-64, BOROUGH- VII, KOLKATA  MUNICIPAL CORPORATION, Kolkata, West Bengal - 700017",90.57,pin_700017,101/1A,,False,False
12826019000059,12821019001850,"GROUND FLOOR, 181/A, PARK STREET, KOLKATA - 700017, KOLKATA  MUNICIPAL CORPORATION, Kolkata, West Bengal - 700017","191, PARK STREET, GROUND FLOOR, KOLKATA 700017, WARD 060 BR VI, KOLKATA  MUNICIPAL CORPORATION, Kolkata, West Bengal - 700017",91.53,pin_700017,,191,False,False
22819047000054,22821047000156,"S-55/A/2, HALDER PARA LANE, BOROUGH- XV, KOLKATA  MUNICIPAL CORPORATION, Kolkata, West Bengal - 700018","S-142/1/B, HALDERPARA LANE, BOROUGH- XV, KOLKATA  MUNICIPAL CORPORATION, Kolkata, West Bengal - 700018",91.09,pin_700018,,,False,False
22820047000064,22820047000131,"V-215/2,KARBALA ROAD,KOL-18,WARD NO-139, BOROUGH- XV, KOLKATA  MUNICIPAL CORPORATION, Kolkata, West Bengal - 700018","W-178/1,AKRA ROAD,KOL-18,WARD NO-139, BOROUGH- XV, KOLKATA  MUNICIPAL CORPORATION, Kolkata, West Bengal - 700018",94.22,pin_700018,,,False,False
22820047000064,22820047000141,"V-215/2,KARBALA ROAD,KOL-18,WARD NO-139, BOROUGH- XV, KOLKATA  MUNICIPAL CORPORATION, Kolkata, West Bengal - 700018","W-154/B,AKRA ROAD,KOL-18,WARD NO-139, BOROUGH- XV, KOLKATA  MUNICIPAL CORPORATION, Kolkata, West Bengal - 700018",95.11,pin_700018,,,False,False
22820047000064,22821047000120,"V-215/2,KARBALA ROAD,KOL-18,WARD NO-139, BOROUGH- XV, KOLKATA  MUNICIPAL CORPORATION, Kolkata, West Bengal - 700018","S-54,MURRY ROAD,KOL-18,WARD NO-137, BOROUGH- XV, KOLKATA  MUNICIPAL CORPORATION, Kolkata, West Bengal - 700018",91.48,pin_700018,,,False,False
22820047000064,22820047000133,"V-215/2,KARBALA ROAD,KOL-18,WARD NO-139, BOROUGH- XV, KOLKATA  MUNICIPAL CORPORATION, Kolkata, West Bengal - 700018","V-29,KANKHULLY ROAD,KOL-18,WARD NO-139, BOROUGH- XV, KOLKATA  MUNICIPAL CORPORATION, Kolkata, West Bengal - 700018",93.39,pin_700018,,,False,False
22820047000064,22821047000239,"V-215/2,KARBALA ROAD,KOL-18,WARD NO-139, BOROUGH- XV, KOLKATA  MUNICIPAL CORPORATION, Kolkata, West Bengal - 700018","T-324,PANCHPARA ROAD,KOL-18,WARD NO-138, BOROUGH- XV, KOLKATA  MUNICIPAL CORPORATION, Kolkata, West Bengal - 700018",91.23,pin_700018,,,False,False
22820047000064,22821047000227,"V-215/2,KARBALA ROAD,KOL-18,WARD NO-139, BOROUGH- XV, KOLKATA  MUNICIPAL CORPORATION, Kolkata, West Bengal - 700018","W-22/A,KANKHULLY ROAD,KOL-18,WARD NO-139, BOROUGH- XV, KOLKATA  MUNICIPAL CORPORATION, Kolkata, West Bengal - 700018",92.58,pin_700018,,,False,False
22818019012133,22821047000093,"X-37, S.A FAROOQUIE ROAD, KOLKATA-700018, WARD NO-140, BOROUGH- XV, KOLKATA  MUNICIPAL CORPORATION, Kolkata, West Bengal - 700018","S-93, S.A FAROOQUI ROAD KOLKATA-700018, WARD-138, BOROUGH- XV, KOLKATA  MUNICIPAL CORPORATION, Kolkata, West Bengal - 700018",90.04,pin_700018,,,False,False
22820047000091,22821047000093,"W-152/A, S.A FAROOQUIE ROAD KOLKATA-700018, WARD-139, BOROUGH- XV, KOLKATA  MUNICIPAL CORPORATION, Kolkata, West Bengal - 700018","S-93, S.A FAROOQUI ROAD KOLKATA-700018, WARD-138, BOROUGH- XV, KOLKATA  MUNICIPAL CORPORATION, Kolkata, West Bengal - 700018",92.8,pin_700018,,,False,False
22820047000091,12823019001506,"W-152/A, S.A FAROOQUIE ROAD KOLKATA-700018, WARD-139, BOROUGH- XV, KOLKATA  MUNICIPAL CORPORATION, Kolkata, West Bengal - 700018","U-119, S.A FAROOQUE ROAD KOLKATA-700018, WARD-139, KOLKATA  MUNICIPAL CORPORATION, Kolkata, West Bengal - 700018",90.76,pin_700018,,,False,False
22820047000093,22823047000013,"S-142/1/B, HALDER PARA LANE KOLKATA 700018, WARD NO-137, BOROUGH- XV, KOLKATA  MUNICIPAL CORPORATION, Kolkata, West Bengal - 700018","S-142/1/B, HALDERPARA LANE, KOLKATA- 700018, BOROUGH- XV, KOLKATA  MUNICIPAL CORPORATION, Kolkata, West Bengal - 700018",90.32,pin_700018,,,False,False
22820047000096,22820047000131,"V-52/1,KARBALA ROAD,KOL-18, WARD NO-139, BOROUGH- XV, KOLKATA  MUNICIPAL CORPORATION, Kolkata, West Bengal - 700018","W-178/1,AKRA ROAD,KOL-18,WARD NO-139, BOROUGH- XV, KOLKATA  MUNICIPAL CORPORATION, Kolkata, West Bengal - 700018",90.67,pin_700018,,,False,False
22820047000096,22820047000141,"V-52/1,KARBALA ROAD,KOL-18, WARD NO-139, BOROUGH- XV, KOLKATA  MUNICIPAL CORPORATION, Kolkata, West Bengal - 700018","W-154/B,AKRA ROAD,KOL-18,WARD NO-139, BOROUGH- XV, KOLKATA  MUNICIPAL CORPORATION, Kolkata, West Bengal - 700018",90.67,pin_700018,,,False,False
22820047000131,22821047000120,"W-178/1,AKRA ROAD,KOL-18,WARD NO-139, BOROUGH- XV, KOLKATA  MUNICIPAL CORPORATION, Kolkata, West Bengal - 700018","S-54,MURRY ROAD,KOL-18,WARD NO-137, BOROUGH- XV, KOLKATA  MUNICIPAL CORPORATION, Kolkata, West Bengal - 700018",91.82,pin_700018,,,False,False
22820047000131,22821047000134,"W-178/1,AKRA ROAD,KOL-18,WARD NO-139, BOROUGH- XV, KOLKATA  MUNICIPAL CORPORATION, Kolkata, West Bengal - 700018","V-202/2,KARBALA ROAD,KOL-18,WARD NO-139, BOROUGH- XV, KOLKATA  MUNICIPAL CORPORATION, Kolkata, West Bengal - 700018",93.33,pin_700018,,,False,False
22820047000131,22824047000213,"W-178/1,AKRA ROAD,KOL-18,WARD NO-139, BOROUGH- XV, KOLKATA  MUNICIPAL CORPORATION, Kolkata, West Bengal - 700018","U-4/A,KARBALA ROAD,WARD NO-139, BOROUGH- XV, KOLKATA  MUNICIPAL CORPORATION, Kolkata, West Bengal - 700018",90.74,pin_700018,,,False,False
22820047000131,22820047000133,"W-178/1,AKRA ROAD,KOL-18,WARD NO-139, BOROUGH- XV, KOLKATA  MUNICIPAL CORPORATION, Kolkata, West Bengal - 700018","V-29,KANKHULLY ROAD,KOL-18,WARD NO-139, BOROUGH- XV, KOLKATA  MUNICIPAL CORPORATION, Kolkata, West Bengal - 700018",91.96,pin_700018,,,False,False
22820047000131,22821047000239,"W-178/1,AKRA ROAD,KOL-18,WARD NO-139, BOROUGH- XV, KOLKATA  MUNICIPAL CORPORATION, Kolkata, West Bengal - 700018","T-324,PANCHPARA ROAD,KOL-18,WARD NO-138, BOROUGH- XV, KOLKATA  MUNICIPAL CORPORATION, Kolkata, West Bengal - 700018",91.56,pin_700018,,,False,False
22820047000131,22821047000227,"W-178/1,AKRA ROAD,KOL-18,WARD NO-139, BOROUGH- XV, KOLKATA  MUNICIPAL CORPORATION, Kolkata, West Bengal - 700018","W-22/A,KANKHULLY ROAD,KOL-18,WARD NO-139, BOROUGH- XV, KOLKATA  MUNICIPAL CORPORATION, Kolkata, West Bengal - 700018",92.92,pin_700018,,,False,False
22820047000131,22821047000088,"W-178/1,AKRA ROAD,KOL-18,WARD NO-139, BOROUGH- XV, KOLKATA  MUNICIPAL CORPORATION, Kolkata, West Bengal - 700018","W-30, KANKHULLY ROAD,KOL-18,WARD NO-139, BOROUGH- XV, KOLKATA  MUNICIPAL CORPORATION, Kolkata, West Bengal - 700018",90.67,pin_700018,,,False,False
22820047000131,22820047000130,"W-178/1,AKRA ROAD,KOL-18,WARD NO-139, BOROUGH- XV, KOLKATA  MUNICIPAL CORPORATION, Kolkata, West Bengal - 700018","U-8/1,KARBALA ROAD,KOL-18,WARD NO-139, BOROUGH- XV, KOLKATA  MUNICIPAL CORPORATION, Kolkata, West Bengal - 700018",95.96,pin_700018,,,False,False
22820047000141,22821047000120,"W-154/B,AKRA ROAD,KOL-18,WARD NO-139, BOROUGH- XV, KOLKATA  MUNICIPAL CORPORATION, Kolkata, West Bengal - 700018","S-54,MURRY ROAD,KOL-18,WARD NO-137, BOROUGH- XV, KOLKATA  MUNICIPAL CORPORATION, Kolkata, West Bengal - 700018",93.64,pin_700018,,,False,False
22820047000141,22821047000134,"W-154/B,AKRA ROAD,KOL-18,WARD NO-139, BOROUGH- XV, KOLKATA  MUNICIPAL CORPORATION, Kolkata, West Bengal - 700018","V-202/2,KARBALA ROAD,KOL-18,WARD NO-139, BOROUGH- XV, KOLKATA  MUNICIPAL CORPORATION, Kolkata, West Bengal - 700018",93.33,pin_700018,,,False,False
22820047000141,22824047000213,"W-154/B,AKRA ROAD,KOL-18,WARD NO-139, BOROUGH- XV, KOLKATA  MUNICIPAL CORPORATION, Kolkata, West Bengal - 700018","U-4/A,KARBALA ROAD,WARD NO-139, BOROUGH- XV, KOLKATA  MUNICIPAL CORPORATION, Kolkata, West Bengal - 700018",91.67,pin_700018,,,False,False
22820047000141,22820047000133,"W-154/B,AKRA ROAD,KOL-18,WARD NO-139, BOROUGH- XV, KOLKATA  MUNICIPAL CORPORATION, Kolkata, West Bengal - 700018","V-29,KANKHULLY ROAD,KOL-18,WARD NO-139, BOROUGH- XV, KOLKATA  MUNICIPAL CORPORATION, Kolkata, West Bengal - 700018",91.96,pin_700018,,,False,False
22820047000141,22821047000239,"W-154/B,AKRA ROAD,KOL-18,WARD NO-139, BOROUGH- XV, KOLKATA  MUNICIPAL CORPORATION, Kolkata, West Bengal - 700018","T-324,PANCHPARA ROAD,KOL-18,WARD NO-138, BOROUGH- XV, KOLKATA  MUNICIPAL CORPORATION, Kolkata, West Bengal - 700018",92.44,pin_700018,,,False,False
22820047000141,22821047000227,"W-154/B,AKRA ROAD,KOL-18,WARD NO-139, BOROUGH- XV, KOLKATA  MUNICIPAL CORPORATION, Kolkata, West Bengal - 700018","W-22/A,KANKHULLY ROAD,KOL-18,WARD NO-139, BOROUGH- XV, KOLKATA  MUNICIPAL CORPORATION, Kolkata, West Bengal - 700018",92.92,pin_700018,,,False,False
22820047000141,22817019003568,"W-154/B,AKRA ROAD,KOL-18,WARD NO-139, BOROUGH- XV, KOLKATA  MUNICIPAL CORPORATION, Kolkata, West Bengal - 700018","S-54,MURRAY ROAD,KOL-18,WARD NO -137, BOROUGH- XV, KOLKATA  MUNICIPAL CORPORATION, Kolkata, West Bengal - 700018",90.09,pin_700018,,,False,False
22820047000141,22821047000088,"W-154/B,AKRA ROAD,KOL-18,WARD NO-139, BOROUGH- XV, KOLKATA  MUNICIPAL CORPORATION, Kolkata, West Bengal - 700018","W-30, KANKHULLY ROAD,KOL-18,WARD NO-139, BOROUGH- XV, KOLKATA  MUNICIPAL CORPORATION, Kolkata, West Bengal - 700018",90.67,pin_700018,,,False,False
22820047000141,22820047000130,"W-154/B,AKRA ROAD,KOL-18,WARD NO-139, BOROUGH- XV, KOLKATA  MUNICIPAL CORPORATION, Kolkata, West Bengal - 700018","U-8/1,KARBALA ROAD,KOL-18,WARD NO-139, BOROUGH- XV, KOLKATA  MUNICIPAL CORPORATION, Kolkata, West Bengal - 700018",94.17,pin_700018,,,False,False
22821047000070,22821047000093,"S-154 S.A FAROOQUIE ROAD KOLKATA-700018, BOROUGH- XV, KOLKATA  MUNICIPAL CORPORATION, Kolkata, West Bengal - 700018","S-93, S.A FAROOQUI ROAD KOLKATA-700018, WARD-138, BOROUGH- XV, KOLKATA  MUNICIPAL CORPORATION, Kolkata, West Bengal - 700018",92.83,pin_700018,,,False,False
22821047000078,22821047000093,"S-154 S.A FAROOQUIE ROAD KOLKATA-700018, WARD-137, BOROUGH- XV, KOLKATA  MUNICIPAL CORPORATION, Kolkata, West Bengal - 700018","S-93, S.A FAROOQUI ROAD KOLKATA-700018, WARD-138, BOROUGH- XV, KOLKATA  MUNICIPAL CORPORATION, Kolkata, West Bengal - 700018",96.36,pin_700018,,,False,False
22821047000093,22819047000309,"S-93, S.A FAROOQUI ROAD KOLKATA-700018, WARD-138, BOROUGH- XV, KOLKATA  MUNICIPAL CORPORATION, Kolkata, West Bengal - 700018","V-107/A, S.A FAROOQUIE ROAD KOLKATA-700018, WARD-139, BOROUGH- XV, KOLKATA  MUNICIPAL CORPORATION, Kolkata, West Bengal - 700018",92.8,pin_700018,,,False,False
22821047000093,22822047000002,"S-93, S.A FAROOQUI ROAD KOLKATA-700018, WARD-138, BOROUGH- XV, KOLKATA  MUNICIPAL CORPORATION, Kolkata, West Bengal - 700018","W-11, S.A FAROOQUIE ROAD KOLKATA-700018, WARD-139, BOROUGH- XV, KOLKATA  MUNICIPAL CORPORATION, Kolkata, West Bengal - 700018",93.93,pin_700018,,,False,False
22821047000093,22820047000076,"S-93, S.A FAROOQUI ROAD KOLKATA-700018, WARD-138, BOROUGH- XV, KOLKATA  MUNICIPAL CORPORATION, Kolkata, West Bengal - 700018","Y-304, S.A FAROOQUIE ROAD KOLKATA-700018, WARD-140, BOROUGH- XV, KOLKATA  MUNICIPAL CORPORATION, Kolkata, West Bengal - 700018",92.74,pin_700018,,,False,False
22821047000093,22823047000014,"S-93, S.A FAROOQUI ROAD KOLKATA-700018, WARD-138, BOROUGH- XV, KOLKATA  MUNICIPAL CORPORATION, Kolkata, West Bengal - 700018","S-153, S.A FAROOQUIE ROAD KOLKATA-700018, WARD-137, BOROUGH- XV, KOLKATA  MUNICIPAL CORPORATION, Kolkata, West Bengal - 700018",97.58,pin_700018,,,False,False
22821047000093,22821047000125,"S-93, S.A FAROOQUI ROAD KOLKATA-700018, WARD-138, BOROUGH- XV, KOLKATA  MUNICIPAL CORPORATION, Kolkata, West Bengal - 700018","V-93/B, S.A FAROOQUIE ROAD KOLKATA-700018, WARD-139, BOROUGH- XV, KOLKATA  MUNICIPAL CORPORATION, Kolkata, West Bengal - 700018",94.78,pin_700018,,,False,False
22821047000093,12820019001804,"S-93, S.A FAROOQUI ROAD KOLKATA-700018, WARD-138, BOROUGH- XV, KOLKATA  MUNICIPAL CORPORATION, Kolkata, West Bengal - 700018","T-84/B, S.A FAROOQUIE ROAD KOLKATA-700018, WARD-138, BOROUGH-XV, KOLKATA  MUNICIPAL CORPORATION, Kolkata, West Bengal - 700018",91.13,pin_700018,,,False,False
22821047000093,12821019002922,"S-93, S.A FAROOQUI ROAD KOLKATA-700018, WARD-138, BOROUGH- XV, KOLKATA  MUNICIPAL CORPORATION, Kolkata, West Bengal - 700018","T-100, S.A FAROOQUIE ROAD KOLKATA-700018, WARD-138, BOROUGH-XV, KOLKATA  MUNICIPAL CORPORATION, Kolkata, West Bengal - 700018",91.5,pin_700018,,,False,False
22821047000093,12821019000091,"S-93, S.A FAROOQUI ROAD KOLKATA-700018, WARD-138, BOROUGH- XV, KOLKATA  MUNICIPAL CORPORATION, Kolkata, West Bengal - 700018","V-93/3, S.A FAROOQUIE ROAD KOLKATA-700018, WARD-139, BOROUGH-XV, KOLKATA  MUNICIPAL CORPORATION, Kolkata, West Bengal - 700018",91.94,pin_700018,,,False,False
22821047000093,12822019002008,"S-93, S.A FAROOQUI ROAD KOLKATA-700018, WARD-138, BOROUGH- XV, KOLKATA  MUNICIPAL CORPORATION, Kolkata, West Bengal - 700018","U-131, S.A FAROOQUIE ROAD KOLKATA-700018, WARD-139, BOROUGH-XV, KOLKATA  MUNICIPAL CORPORATION, Kolkata, West Bengal - 700018",91.5,pin_700018,,,False,False
22821047000120,22821047000134,"S-54,MURRY ROAD,KOL-18,WARD NO-137, BOROUGH- XV, KOLKATA  MUNICIPAL CORPORATION, Kolkata, West Bengal - 700018","V-202/2,KARBALA ROAD,KOL-18,WARD NO-139, BOROUGH- XV, KOLKATA  MUNICIPAL CORPORATION, Kolkata, West Bengal - 700018",90.58,pin_700018,,,False,False
22821047000120,22819047000177,"S-54,MURRY ROAD,KOL-18,WARD NO-137, BOROUGH- XV, KOLKATA  MUNICIPAL CORPORATION, Kolkata, West Bengal - 700018","S-153,S.A. FAROOQUIE ROAD,KOL-18,WARD NO-137, BOROUGH- XV, KOLKATA  MUNICIPAL CORPORATION, Kolkata, West Bengal - 700018",90.35,pin_700018,,,False,False
22821047000120,22820047000133,"S-54,MURRY ROAD,KOL-18,WARD NO-137, BOROUGH- XV, KOLKATA  MUNICIPAL CORPORATION, Kolkata, West Bengal - 700018","V-29,KANKHULLY ROAD,KOL-18,WARD NO-139, BOROUGH- XV, KOLKATA  MUNICIPAL CORPORATION, Kolkata, West Bengal - 700018",91.89,pin_700018,,,False,False
22821047000120,22821047000239,"S-54,MURRY ROAD,KOL-18,WARD NO-137, BOROUGH- XV, KOLKATA  MUNICIPAL CORPORATION, Kolkata, West Bengal - 700018","T-324,PANCHPARA ROAD,KOL-18,WARD NO-138, BOROUGH- XV, KOLKATA  MUNICIPAL CORPORATION, Kolkata, West Bengal - 700018",91.48,pin_700018,,,False,False
22821047000120,22821047000227,"S-54,MURRY ROAD,KOL-18,WARD NO-137, BOROUGH- XV, KOLKATA  MUNICIPAL CORPORATION, Kolkata, West Bengal - 700018","W-22/A,KANKHULLY ROAD,KOL-18,WARD NO-139, BOROUGH- XV, KOLKATA  MUNICIPAL CORPORATION, Kolkata, West Bengal - 700018",91.07,pin_700018,,,False,False
22821047000120,22817019003568,"S-54,MURRY ROAD,KOL-18,WARD NO-137, BOROUGH- XV, KOLKATA  MUNICIPAL CORPORATION, Kolkata, West Bengal - 700018","S-54,MURRAY ROAD,KOL-18,WARD NO -137, BOROUGH- XV, KOLKATA  MUNICIPAL CORPORATION, Kolkata, West Bengal - 700018",94.55,pin_700018,,,False,False
22821047000120,22820047000130,"S-54,MURRY ROAD,KOL-18,WARD NO-137, BOROUGH- XV, KOLKATA  MUNICIPAL CORPORATION, Kolkata, West Bengal - 700018","U-8/1,KARBALA ROAD,KOL-18,WARD NO-139, BOROUGH- XV, KOLKATA  MUNICIPAL CORPORATION, Kolkata, West Bengal - 700018",91.4,pin_700018,,,False,False
22818019007446,22822047000115,"T-39, JUGI PARA LANE, KOLKATA-700018, WARD NO-138, BOROUGH- XV, KOLKATA  MUNICIPAL CORPORATION, Kolkata, West Bengal - 700018","T-39, JUGIPARA LANE KOLKATA-700018, WARD-138, BOROUGH- XV, KOLKATA  MUNICIPAL CORPORATION, Kolkata, West Bengal - 700018",90.53,pin_700018,,,False,False
22818019007446,22818019015851,"T-39, JUGI PARA LANE, KOLKATA-700018, WARD NO-138, BOROUGH- XV, KOLKATA  MUNICIPAL CORPORATION, Kolkata, West Bengal - 700018","W-61, HAZI RATAN LANE, KOLKATA-700018, WARD NO-139, BOROUGH- XV, KOLKATA  MUNICIPAL CORPORATION, Kolkata, West Bengal - 700018",92.37,pin_700018,,,False,False
22821047000134,22820047000133,"V-202/2,KARBALA ROAD,KOL-18,WARD NO-139, BOROUGH- XV, KOLKATA  MUNICIPAL CORPORATION, Kolkata, West Bengal - 700018","V-29,KANKHULLY ROAD,KOL-18,WARD NO-139, BOROUGH- XV, KOLKATA  MUNICIPAL CORPORATION, Kolkata, West Bengal - 700018",93.39,pin_700018,,,False,False
22821047000134,22821047000239,"V-202/2,KARBALA ROAD,KOL-18,WARD NO-139, BOROUGH- XV, KOLKATA  MUNICIPAL CORPORATION, Kolkata, West Bengal - 700018","T-324,PANCHPARA ROAD,KOL-18,WARD NO-138, BOROUGH- XV, KOLKATA  MUNICIPAL CORPORATION, Kolkata, West Bengal - 700018",91.23,pin_700018,,,False,False
22821047000134,22821047000227,"V-202/2,KARBALA ROAD,KOL-18,WARD NO-139, BOROUGH- XV, KOLKATA  MUNICIPAL CORPORATION, Kolkata, West Bengal - 700018","W-22/A,KANKHULLY ROAD,KOL-18,WARD NO-139, BOROUGH- XV, KOLKATA  MUNICIPAL CORPORATION, Kolkata, West Bengal - 700018",93.45,pin_700018,,,False,False
22818019016119,22825047000120,"S-155, AKRA ROAD, KOLKATA-700018, WARD NO-137, BOROUGH- XV, KOLKATA  MUNICIPAL CORPORATION, Kolkata, West Bengal - 700018","T-146/1,MURRAY ROAD KOLKATA-700018, WARD NO-138, BOROUGH- XV, KOLKATA  MUNICIPAL CORPORATION, Kolkata, West Bengal - 700018",90.91,pin_700018,,,False,False
22818019016119,12818019004787,"S-155, AKRA ROAD, KOLKATA-700018, WARD NO-137, BOROUGH- XV, KOLKATA  MUNICIPAL CORPORATION, Kolkata, West Bengal - 700018","S-65, MURRAY ROAD, KOLKATA-700018, WARD NO-138, BOROUGH-XV, KOLKATA  MUNICIPAL CORPORATION, Kolkata, West Bengal - 700018",90.0,pin_700018,,,False,False
22821047000156,22825047000178,"S-142/1/B, HALDERPARA LANE, BOROUGH- XV, KOLKATA  MUNICIPAL CORPORATION, Kolkata, West Bengal - 700018","T-54/A, JUGIPARA   LANE, BOROUGH- XV, KOLKATA  MUNICIPAL CORPORATION, Kolkata, West Bengal - 700018",90.36,pin_700018,,,False,False
22821047000156,22822047000159,"S-142/1/B, HALDERPARA LANE, BOROUGH- XV, KOLKATA  MUNICIPAL CORPORATION, Kolkata, West Bengal - 700018","S-144/4, HALDER PARA LANE, BOROUGH- XV, KOLKATA  MUNICIPAL CORPORATION, Kolkata, West Bengal - 700018",92.54,pin_700018,,,False,False
22820047000075,22820047000076,"Y-304, AKRA ROAD KOLKATA-700018, WARD-140, BOROUGH- XV, KOLKATA  MUNICIPAL CORPORATION, Kolkata, West Bengal - 700018","Y-304, S.A FAROOQUIE ROAD KOLKATA-700018, WARD-140, BOROUGH- XV, KOLKATA  MUNICIPAL CORPORATION, Kolkata, West Bengal - 700018",92.12,pin_700018,,,False,False
22820047000075,22818047000177,"Y-304, AKRA ROAD KOLKATA-700018, WARD-140, BOROUGH- XV, KOLKATA  MUNICIPAL CORPORATION, Kolkata, West Bengal - 700018","Y2-164/B, BAGDI PARA ROAD, KOLKATA-700018, WARD-141, , BOROUGH- XV, KOLKATA  MUNICIPAL CORPORATION, Kolkata, West Bengal - 700018",90.16,pin_700018,,,False,False
22821047000297,22824047000032,"T-58,JUGI PARA LANE,KOLKATA-700018,WARD NO-138, BOROUGH- XV, KOLKATA  MUNICIPAL CORPORATION, Kolkata, West Bengal - 700018","T-193,MITHA TALAB LANE,KOLKATA-700018,WARD NO-138, BOROUGH- XV, KOLKATA  MUNICIPAL CORPORATION, Kolkata, West Bengal - 700018",90.61,pin_700018,,,False,False
22819047000309,12823019001506,"V-107/A, S.A FAROOQUIE ROAD KOLKATA-700018, WARD-139, BOROUGH- XV, KOLKATA  MUNICIPAL CORPORATION, Kolkata, West Bengal - 700018","U-119, S.A FAROOQUE ROAD KOLKATA-700018, WARD-139, KOLKATA  MUNICIPAL CORPORATION, Kolkata, West Bengal - 700018",90.76,pin_700018,,,False,False
22822047000002,12823019001506,"W-11, S.A FAROOQUIE ROAD KOLKATA-700018, WARD-139, BOROUGH- XV, KOLKATA  MUNICIPAL CORPORATION, Kolkata, West Bengal - 700018","U-119, S.A FAROOQUE ROAD KOLKATA-700018, WARD-139, KOLKATA  MUNICIPAL CORPORATION, Kolkata, West Bengal - 700018",92.77,pin_700018,,,False,False
22821047000053,22821047000298,"Y-2/180/7,KHALDHARI ROAD,KOL-18,WARD NO-140, BOROUGH- XV, KOLKATA  MUNICIPAL CORPORATION, Kolkata, West Bengal - 700018","Y-237/D,KANTHAL BERIA ROAD,KOL-18,WARD NO-140, BOROUGH- XV, KOLKATA  MUNICIPAL CORPORATION, Kolkata, West Bengal - 700018",90.76,pin_700018,,,False,False
22822047000018,22823047000062,"W-14/1,S.A. FAROOQUIE ROAD,KOLKATA-700018,WARD NO-139, BOROUGH- XV, KOLKATA  MUNICIPAL CORPORATION, Kolkata, West Bengal - 700018","V-200/B, KARBALA ROAD,KOLKATA-700018,WARD NO-139, BOROUGH- XV, KOLKATA  MUNICIPAL CORPORATION, Kolkata, West Bengal - 700018",90.04,pin_700018,,,False,False
22823047000081,22822047000100,"X-36, S. A. FAROOQUIE ROAD,WARD-140, BOROUGH- XV, KOLKATA  MUNICIPAL CORPORATION, Kolkata, West Bengal - 700018","W-14/A, S A FAROOQUE ROAD, BOROUGH- XV, KOLKATA  MUNICIPAL CORPORATION, Kolkata, West Bengal - 700018",90.48,pin_700018,,,False,False
22821047000148,22822047000100,"T-88/1/A, S.A FAROOQUIE ROAD, BOROUGH- XV, KOLKATA  MUNICIPAL CORPORATION, Kolkata, West Bengal - 700018","W-14/A, S A FAROOQUE ROAD, BOROUGH- XV, KOLKATA  MUNICIPAL CORPORATION, Kolkata, West Bengal - 700018",94.58,pin_700018,,,False,False
22823047000101,22823047000162,"V-200/D, Karbala Road, BOROUGH- XV, KOLKATA  MUNICIPAL CORPORATION, Kolkata, West Bengal - 700018","V-200/1, BOROUGH- XV, KOLKATA  MUNICIPAL CORPORATION, Kolkata, West Bengal - 700018",91.01,pin_700018,,,False,False
22824047000171,22823047000162,"S-55 A/2, BOROUGH- XV, KOLKATA  MUNICIPAL CORPORATION, Kolkata, West Bengal - 700018","V-200/1, BOROUGH- XV, KOLKATA  MUNICIPAL CORPORATION, Kolkata, West Bengal - 700018",90.91,pin_700018,,,False,False
22824047000213,22821047000227,"U-4/A,KARBALA ROAD,WARD NO-139, BOROUGH- XV, KOLKATA  MUNICIPAL CORPORATION, Kolkata, West Bengal - 700018","W-22/A,KANKHULLY ROAD,KOL-18,WARD NO-139, BOROUGH- XV, KOLKATA  MUNICIPAL CORPORATION, Kolkata, West Bengal - 700018",90.0,pin_700018,,,False,False
22820047000133,22821047000239,"V-29,KANKHULLY ROAD,KOL-18,WARD NO-139, BOROUGH- XV, KOLKATA  MUNICIPAL CORPORATION, Kolkata, West Bengal - 700018","T-324,PANCHPARA ROAD,KOL-18,WARD NO-138, BOROUGH- XV, KOLKATA  MUNICIPAL CORPORATION, Kolkata, West Bengal - 700018",91.63,pin_700018,,,False,False
22820047000133,22820047000130,"V-29,KANKHULLY ROAD,KOL-18,WARD NO-139, BOROUGH- XV, KOLKATA  MUNICIPAL CORPORATION, Kolkata, West Bengal - 700018","U-8/1,KARBALA ROAD,KOL-18,WARD NO-139, BOROUGH- XV, KOLKATA  MUNICIPAL CORPORATION, Kolkata, West Bengal - 700018",92.44,pin_700018,,,False,False
22821047000239,22821047000227,"T-324,PANCHPARA ROAD,KOL-18,WARD NO-138, BOROUGH- XV, KOLKATA  MUNICIPAL CORPORATION, Kolkata, West Bengal - 700018","W-22/A,KANKHULLY ROAD,KOL-18,WARD NO-139, BOROUGH- XV, KOLKATA  MUNICIPAL CORPORATION, Kolkata, West Bengal - 700018",90.83,pin_700018,,,False,False
22821047000239,22820047000130,"T-324,PANCHPARA ROAD,KOL-18,WARD NO-138, BOROUGH- XV, KOLKATA  MUNICIPAL CORPORATION, Kolkata, West Bengal - 700018","U-8/1,KARBALA ROAD,KOL-18,WARD NO-139, BOROUGH- XV, KOLKATA  MUNICIPAL CORPORATION, Kolkata, West Bengal - 700018",91.15,pin_700018,,,False,False
22821047000227,22820047000130,"W-22/A,KANKHULLY ROAD,KOL-18,WARD NO-139, BOROUGH- XV, KOLKATA  MUNICIPAL CORPORATION, Kolkata, West Bengal - 700018","U-8/1,KARBALA ROAD,KOL-18,WARD NO-139, BOROUGH- XV, KOLKATA  MUNICIPAL CORPORATION, Kolkata, West Bengal - 700018",92.51,pin_700018,,,False,False
22821047000125,12823019001506,"V-93/B, S.A FAROOQUIE ROAD KOLKATA-700018, WARD-139, BOROUGH- XV, KOLKATA  MUNICIPAL CORPORATION, Kolkata, West Bengal - 700018","U-119, S.A FAROOQUE ROAD KOLKATA-700018, WARD-139, KOLKATA  MUNICIPAL CORPORATION, Kolkata, West Bengal - 700018",91.14,pin_700018,,,False,False
22822047000100,22822047000139,"W-14/A, S A FAROOQUE ROAD, BOROUGH- XV, KOLKATA  MUNICIPAL CORPORATION, Kolkata, West Bengal - 700018","W-11, S.A. FAROOQUIE ROAD, BOROUGH- XV, KOLKATA  MUNICIPAL CORPORATION, Kolkata, West Bengal - 700018",95.0,pin_700018,,,False,False
22822047000100,22821047000276,"W-14/A, S A FAROOQUE ROAD, BOROUGH- XV, KOLKATA  MUNICIPAL CORPORATION, Kolkata, West Bengal - 700018","S 93/A   S.A. FAROOQUIE ROAD, BOROUGH- XV, KOLKATA  MUNICIPAL CORPORATION, Kolkata, West Bengal - 700018",93.53,pin_700018,,,False,False
22822047000100,22824047000202,"W-14/A, S A FAROOQUE ROAD, BOROUGH- XV, KOLKATA  MUNICIPAL CORPORATION, Kolkata, West Bengal - 700018","V-105/A, S. A. FAROOQUIE ROAD, BOROUGH- XV, KOLKATA  MUNICIPAL CORPORATION, Kolkata, West Bengal - 700018",96.08,pin_700018,,,False,False
22818019003127,22818019015851,"S-144/4, HALDER PARA LANE, KOLKATA-18, WARD NO-137, BOROUGH- XV, KOLKATA  MUNICIPAL CORPORATION, Kolkata, West Bengal - 700018","W-61, HAZI RATAN LANE, KOLKATA-700018, WARD NO-139, BOROUGH- XV, KOLKATA  MUNICIPAL CORPORATION, Kolkata, West Bengal - 700018",90.4,pin_700018,,,False,False
22824047000121,22824047000131,"T-173/6MITHATALAW LANE, BOROUGH- XV, KOLKATA  MUNICIPAL CORPORATION, Kolkata, West Bengal - 700018","T-173/6, MITHA TALAW LANE, BOROUGH- XV, KOLKATA  MUNICIPAL CORPORATION, Kolkata, West Bengal - 700018",93.4,pin_700018,,,False,False
12821019002922,12823019001506,"T-100, S.A FAROOQUIE ROAD KOLKATA-700018, WARD-138, BOROUGH-XV, KOLKATA  MUNICIPAL CORPORATION, Kolkata, West Bengal - 700018","U-119, S.A FAROOQUE ROAD KOLKATA-700018, WARD-139, KOLKATA  MUNICIPAL CORPORATION, Kolkata, West Bengal - 700018",91.06,pin_700018,,,False,False
12821019000091,12822019001678,"V-93/3, S.A FAROOQUIE ROAD KOLKATA-700018, WARD-139, BOROUGH-XV, KOLKATA  MUNICIPAL CORPORATION, Kolkata, West Bengal - 700018","V-134/2, KARBALA ROAD KOLKATA-700018, WARD-139, BOROUGH-XV, KOLKATA  MUNICIPAL CORPORATION, Kolkata, West Bengal - 700018",91.43,pin_700018,,,False,False
12821019000091,12823019001506,"V-93/3, S.A FAROOQUIE ROAD KOLKATA-700018, WARD-139, BOROUGH-XV, KOLKATA  MUNICIPAL CORPORATION, Kolkata, West Bengal - 700018","U-119, S.A FAROOQUE ROAD KOLKATA-700018, WARD-139, KOLKATA  MUNICIPAL CORPORATION, Kolkata, West Bengal - 700018",91.53,pin_700018,,,False,False
12822019001678,12822019002008,"V-134/2, KARBALA ROAD KOLKATA-700018, WARD-139, BOROUGH-XV, KOLKATA  MUNICIPAL CORPORATION, Kolkata, West Bengal - 700018","U-131, S.A FAROOQUIE ROAD KOLKATA-700018, WARD-139, BOROUGH-XV, KOLKATA  MUNICIPAL CORPORATION, Kolkata, West Bengal - 700018",90.98,pin_700018,,,False,False
12822019002008,12823019001506,"U-131, S.A FAROOQUIE ROAD KOLKATA-700018, WARD-139, BOROUGH-XV, KOLKATA  MUNICIPAL CORPORATION, Kolkata, West Bengal - 700018","U-119, S.A FAROOQUE ROAD KOLKATA-700018, WARD-139, KOLKATA  MUNICIPAL CORPORATION, Kolkata, West Bengal - 700018",93.62,pin_700018,,,False,False
12825019000154,12825019000764,"V-101/4 KARBALA ROAD, KOLKATA  MUNICIPAL CORPORATION, Kolkata, West Bengal - 700018","W-14 KANKHULLY ROAD, KOLKATA  MUNICIPAL CORPORATION, Kolkata, West Bengal - 700018",90.8,pin_700018,,,False,False
12825019002599,12824019000749,"T-21/2 JUGIPARA LANE, KOLKATA  MUNICIPAL CORPORATION, Kolkata, West Bengal - 700018","T-21/A/6, JUGI PARA LANE, KOLKATA  MUNICIPAL CORPORATION, Kolkata, West Bengal - 700018",91.67,pin_700018,,,False,False
22820041000022,22821041000828,"5/H/29, BHUKAILAS ROAD, KHIDDIRPORE, BOROUGH- IX, KOLKATA  MUNICIPAL CORPORATION, Kolkata, West Bengal - 700023","B/5/2/H/44 BHUKAILASH ROAD, KHIDDERPORE, BOROUGH- IX, KOLKATA  MUNICIPAL CORPORATION, Kolkata, West Bengal - 700023",90.18,pin_700023,5,,False,False
22821041000186,22821041000193,"B/10/H/2, MOULANA MD ALI ROAD, WARD NO.78, BOROUGH- IX, KOLKATA  MUNICIPAL CORPORATION, Kolkata, West Bengal - 700023","B/13/H/18, MAURBHANJ ROAD, WARD NO-78, BOROUGH- IX, KOLKATA  MUNICIPAL CORPORATION, Kolkata, West Bengal - 700023",90.35,pin_700023,78,,False,False
22822041000117,22825041000346,"37 MOMINPORE ROAD, GROUND FLOOR, BOROUGH- IX, KOLKATA  MUNICIPAL CORPORATION, Kolkata, West Bengal - 700023","GROUND FLOOR, 23, DENT MISSION ROAD,, BOROUGH- IX, KOLKATA  MUNICIPAL CORPORATION, Kolkata, West Bengal - 700023",91.24,pin_700023,37,,False,False
22824041000235,22821041000193,"B/8/3/H/6, MOMINPORE ROAD, WARD NO.78, BOROUGH- IX, KOLKATA  MUNICIPAL CORPORATION, Kolkata, West Bengal - 700023","B/13/H/18, MAURBHANJ ROAD, WARD NO-78, BOROUGH- IX, KOLKATA  MUNICIPAL CORPORATION, Kolkata, West Bengal - 700023",90.18,pin_700023,78,,False,False
22822041000287,22821041000193,"B/4/2/H/1, MOMINPORE ROAD, WARD NO.78, BOROUGH- IX, KOLKATA  MUNICIPAL CORPORATION, Kolkata, West Bengal - 700023","B/13/H/18, MAURBHANJ ROAD, WARD NO-78, BOROUGH- IX, KOLKATA  MUNICIPAL CORPORATION, Kolkata, West Bengal - 700023",90.18,pin_700023,78,,False,False
22823041000458,22821041000193,"B/8/3/H/5, MOMINPORE ROAD, WARD NO.78, BOROUGH- IX, KOLKATA  MUNICIPAL CORPORATION, Kolkata, West Bengal - 700023","B/13/H/18, MAURBHANJ ROAD, WARD NO-78, BOROUGH- IX, KOLKATA  MUNICIPAL CORPORATION, Kolkata, West Bengal - 700023",90.18,pin_700023,78,,False,False
22820047000021,22819047000212,"H-63/1/64,PAHARPUR ROAD,KOL-24,WARD NO-135, BOROUGH- XV, KOLKATA  MUNICIPAL CORPORATION, Kolkata, West Bengal - 700024","H-31,GARDEN REACH ROAD,KOL-24, WARD NO-135, BOROUGH- XV, KOLKATA  MUNICIPAL CORPORATION, Kolkata, West Bengal - 700024",90.6,pin_700024,,,False,False
22820047000021,22821047000123,"H-63/1/64,PAHARPUR ROAD,KOL-24,WARD NO-135, BOROUGH- XV, KOLKATA  MUNICIPAL CORPORATION, Kolkata, West Bengal - 700024","J-296,PAHARPIR ROAD,KOL-24,WARD NO-133, BOROUGH- XV, KOLKATA  MUNICIPAL CORPORATION, Kolkata, West Bengal - 700024",93.91,pin_700024,,,False,False
22820047000021,22821047000118,"H-63/1/64,PAHARPUR ROAD,KOL-24,WARD NO-135, BOROUGH- XV, KOLKATA  MUNICIPAL CORPORATION, Kolkata, West Bengal - 700024","I-72,RAMESWARPUR ROAD,KOL-24,WARD NO-135, BOROUGH- XV, KOLKATA  MUNICIPAL CORPORATION, Kolkata, West Bengal - 700024",92.24,pin_700024,,,False,False
22820047000035,22823047000097,"I-61/A, RAMESHWAR PUR ROAD,KOL-24, WARD NO-135, BOROUGH- XV, KOLKATA  MUNICIPAL CORPORATION, Kolkata, West Bengal - 700024","I-63, RAMESWARPUR ROAD,KOLKATA-700024,WARD NO-135, BOROUGH- XV, KOLKATA  MUNICIPAL CORPORATION, Kolkata, West Bengal - 700024",91.43,pin_700024,,,False,False
22820047000035,22823047000022,"I-61/A, RAMESHWAR PUR ROAD,KOL-24, WARD NO-135, BOROUGH- XV, KOLKATA  MUNICIPAL CORPORATION, Kolkata, West Bengal - 700024","I-216/A, PAHARPUR ROAD, WARD NO.135, BOROUGH- XV, KOLKATA  MUNICIPAL CORPORATION, Kolkata, West Bengal - 700024",90.04,pin_700024,,135,False,False
22820047000035,22825047000056,"I-61/A, RAMESHWAR PUR ROAD,KOL-24, WARD NO-135, BOROUGH- XV, KOLKATA  MUNICIPAL CORPORATION, Kolkata, West Bengal - 700024","I-125/A, PAHARPUR ROAD,WARD NO-135, BOROUGH- XV, KOLKATA  MUNICIPAL CORPORATION, Kolkata, West Bengal - 700024",90.43,pin_700024,,,False,False
22820047000047,22819047000118,"Q-1,MUDIALY ROAD,KOL-700024,WARD NO-136, BOROUGH- XV, KOLKATA  MUNICIPAL CORPORATION, Kolkata, West Bengal - 700024","O-162,MUDIALI ROAD,KOLKATA-700024.WARD NO-136,BOROUGH-XV, BOROUGH- XV, KOLKATA  MUNICIPAL CORPORATION, Kolkata, West Bengal - 700024",90.61,pin_700024,,,False,False
22820047000047,22821047000101,"Q-1,MUDIALY ROAD,KOL-700024,WARD NO-136, BOROUGH- XV, KOLKATA  MUNICIPAL CORPORATION, Kolkata, West Bengal - 700024","P-311/A,MUDIALI ROAD,KOL-700024,WARD NO-135, BOROUGH- XV, KOLKATA  MUNICIPAL CORPORATION, Kolkata, West Bengal - 700024",95.69,pin_700024,,,False,False
22820047000047,22821047000116,"Q-1,MUDIALY ROAD,KOL-700024,WARD NO-136, BOROUGH- XV, KOLKATA  MUNICIPAL CORPORATION, Kolkata, West Bengal - 700024","P-283/A/1,MUDIALI ROAD,KOL-24,WARD NO-135, BOROUGH- XV, KOLKATA  MUNICIPAL CORPORATION, Kolkata, West Bengal - 700024",93.04,pin_700024,,,False,False
22820047000047,22821047000242,"Q-1,MUDIALY ROAD,KOL-700024,WARD NO-136, BOROUGH- XV, KOLKATA  MUNICIPAL CORPORATION, Kolkata, West Bengal - 700024","Q-365/A,MUDIALI ROAD,KOLKATA-700024,WARD NO-136, BOROUGH- XV, KOLKATA  MUNICIPAL CORPORATION, Kolkata, West Bengal - 700002",94.07,pin_700024,,,False,False
22818019002033,22818047000041,"J-305/B, PAHARPUR ROAD, KOLKATA-700024, WARD NO-133, BOROUGH- XV, KOLKATA  MUNICIPAL CORPORATION, Kolkata, West Bengal - 700024","I-72, RAMESHWARPUR ROAD, KOLKATA-700024, WARD NO-135, BOROUGH- XV, KOLKATA  MUNICIPAL CORPORATION, Kolkata, West Bengal - 700024",93.28,pin_700024,,,False,False
22818019001950,22818047000041,"J-296, PAHARPUR ROAD, KOLKATA-700024, WARD NO- 133, BOROUGH- XV, KOLKATA  MUNICIPAL CORPORATION, Kolkata, West Bengal - 700024","I-72, RAMESHWARPUR ROAD, KOLKATA-700024, WARD NO-135, BOROUGH- XV, KOLKATA  MUNICIPAL CORPORATION, Kolkata, West Bengal - 700024",92.06,pin_700024,,,False,False
22820047000060,22820047000111,"G-14/B,DHANKHETI LANE,KOL-24,WARD NO-134, BOROUGH- XV, KOLKATA  MUNICIPAL CORPORATION, Kolkata, West Bengal - 700024","H-117,SHYAMLAL LANE,KOL-24,WARD NO-134, BOROUGH- XV, KOLKATA  MUNICIPAL CORPORATION, Kolkata, West Bengal - 700024",91.23,pin_700024,,,False,False
22820047000060,22820047000132,"G-14/B,DHANKHETI LANE,KOL-24,WARD NO-134, BOROUGH- XV, KOLKATA  MUNICIPAL CORPORATION, Kolkata, West Bengal - 700024","J-112/A,RAMNAGAR LANE,KOL-24,WARD NO-133, BOROUGH- XV, KOLKATA  MUNICIPAL CORPORATION, Kolkata, West Bengal - 700024",90.43,pin_700024,,,False,False
22820047000060,22817019003556,"G-14/B,DHANKHETI LANE,KOL-24,WARD NO-134, BOROUGH- XV, KOLKATA  MUNICIPAL CORPORATION, Kolkata, West Bengal - 700024","G-162,DHANKHETY LANE,KOL-24,WARD NO -134, BOROUGH- XV, KOLKATA  MUNICIPAL CORPORATION, Kolkata, West Bengal - 700024",92.17,pin_700024,,,False,False
22820047000060,22821047000247,"G-14/B,DHANKHETI LANE,KOL-24,WARD NO-134, BOROUGH- XV, KOLKATA  MUNICIPAL CORPORATION, Kolkata, West Bengal - 700024","G-151/A,DHANKSHETI LANE,KOLKATA-700024,WARD NO-134, BOROUGH- XV, KOLKATA  MUNICIPAL CORPORATION, Kolkata, West Bengal - 700024",94.17,pin_700024,,,False,False
22820047000060,22822047000180,"G-14/B,DHANKHETI LANE,KOL-24,WARD NO-134, BOROUGH- XV, KOLKATA  MUNICIPAL CORPORATION, Kolkata, West Bengal - 700024","G-317,MEHER MANZIL LANE,KOL-24,WARD NO-134, BOROUGH- XV, KOLKATA  MUNICIPAL CORPORATION, Kolkata, West Bengal - 700024",90.52,pin_700024,,,False,False
22820047000060,22822047000177,"G-14/B,DHANKHETI LANE,KOL-24,WARD NO-134, BOROUGH- XV, KOLKATA  MUNICIPAL CORPORATION, Kolkata, West Bengal - 700024","G-334,MEHER MANZIL LANE,KOL-24,WARD NO-134, BOROUGH- XV, KOLKATA  MUNICIPAL CORPORATION, Kolkata, West Bengal - 700024",90.52,pin_700024,,,False,False
22820047000060,22822047000047,"G-14/B,DHANKHETI LANE,KOL-24,WARD NO-134, BOROUGH- XV, KOLKATA  MUNICIPAL CORPORATION, Kolkata, West Bengal - 700024","G-228/4,BATTIKAL LANE,KOL-24,WARD NO-134, BOROUGH- XV, KOLKATA  MUNICIPAL CORPORATION, Kolkata, West Bengal - 700024",92.17,pin_700024,,,False,False
22820047000060,22822047000175,"G-14/B,DHANKHETI LANE,KOL-24,WARD NO-134, BOROUGH- XV, KOLKATA  MUNICIPAL CORPORATION, Kolkata, West Bengal - 700024","G-340,MEHER MANZIL LANE,KOL-24,WARD NO-134, BOROUGH- XV, KOLKATA  MUNICIPAL CORPORATION, Kolkata, West Bengal - 700024",90.52,pin_700024,,,False,False
22820047000060,22817019001860,"G-14/B,DHANKHETI LANE,KOL-24,WARD NO-134, BOROUGH- XV, KOLKATA  MUNICIPAL CORPORATION, Kolkata, West Bengal - 700024","H-1/1/A,SHYAM LAL LANE,KOL-24,WARD NO-135, BOROUGH- XV, KOLKATA  MUNICIPAL CORPORATION, Kolkata, West Bengal - 700024",90.04,pin_700024,,,False,False
22820047000060,22821047000310,"G-14/B,DHANKHETI LANE,KOL-24,WARD NO-134, BOROUGH- XV, KOLKATA  MUNICIPAL CORPORATION, Kolkata, West Bengal - 700024","G-161,DHANKSHETI LANE,KOLKATA-700024,WARD NO-134, BOROUGH- XV, KOLKATA  MUNICIPAL CORPORATION, Kolkata, West Bengal - 700024",94.12,pin_700024,,,False,False
22820047000066,22818047000041,"J-296, PAHARPUR ROAD, GARDEN REACH KOLKATA-700024, WARD NO-133, BOROUGH- XV, KOLKATA  MUNICIPAL CORPORATION, Kolkata, West Bengal - 700024","I-72, RAMESHWARPUR ROAD, KOLKATA-700024, WARD NO-135, BOROUGH- XV, KOLKATA  MUNICIPAL CORPORATION, Kolkata, West Bengal - 700024",90.15,pin_700024,,,False,False
22818019012395,22818047000041,"J-305/B, PAHARPUR ROAD, KOLKATA-700024, WARD NO- 133, BOROUGH- XV, KOLKATA  MUNICIPAL CORPORATION, Kolkata, West Bengal - 700024","I-72, RAMESHWARPUR ROAD, KOLKATA-700024, WARD NO-135, BOROUGH- XV, KOLKATA  MUNICIPAL CORPORATION, Kolkata, West Bengal - 700024",90.55,pin_700024,,,False,False
22818047000017,22818047000041,"J-463, PAHARPUR ROAD, KOLKATA-700024, WARD NO-133, BOROUGH- XV, KOLKATA  MUNICIPAL CORPORATION, Kolkata, West Bengal - 700024","I-72, RAMESHWARPUR ROAD, KOLKATA-700024, WARD NO-135, BOROUGH- XV, KOLKATA  MUNICIPAL CORPORATION, Kolkata, West Bengal - 700024",94.02,pin_700024,,,False,False
22818047000017,22818019003728,"J-463, PAHARPUR ROAD, KOLKATA-700024, WARD NO-133, BOROUGH- XV, KOLKATA  MUNICIPAL CORPORATION, Kolkata, West Bengal - 700024","I-1, GARDEN REACH ROAD, KOLKATA-700024, WARD NO-135, BOROUGH- XV, KOLKATA  MUNICIPAL CORPORATION, Kolkata, West Bengal - 700024",90.4,pin_700024,,,False,False
22818047000017,22818019006344,"J-463, PAHARPUR ROAD, KOLKATA-700024, WARD NO-133, BOROUGH- XV, KOLKATA  MUNICIPAL CORPORATION, Kolkata, West Bengal - 700024","P-263/B, RAMESHWARPUR ROAD, KOLKATA-700024, WARD NO-135, BOROUGH- I, KOLKATA  MUNICIPAL CORPORATION, Kolkata, West Bengal - 700024",90.12,pin_700024,,,False,False
22820047000111,22820047000132,"H-117,SHYAMLAL LANE,KOL-24,WARD NO-134, BOROUGH- XV, KOLKATA  MUNICIPAL CORPORATION, Kolkata, West Bengal - 700024","J-112/A,RAMNAGAR LANE,KOL-24,WARD NO-133, BOROUGH- XV, KOLKATA  MUNICIPAL CORPORATION, Kolkata, West Bengal - 700024",92.11,pin_700024,,,False,False
22820047000111,22822047000180,"H-117,SHYAMLAL LANE,KOL-24,WARD NO-134, BOROUGH- XV, KOLKATA  MUNICIPAL CORPORATION, Kolkata, West Bengal - 700024","G-317,MEHER MANZIL LANE,KOL-24,WARD NO-134, BOROUGH- XV, KOLKATA  MUNICIPAL CORPORATION, Kolkata, West Bengal - 700024",90.43,pin_700024,,,False,False
22820047000111,22822047000047,"H-117,SHYAMLAL LANE,KOL-24,WARD NO-134, BOROUGH- XV, KOLKATA  MUNICIPAL CORPORATION, Kolkata, West Bengal - 700024","G-228/4,BATTIKAL LANE,KOL-24,WARD NO-134, BOROUGH- XV, KOLKATA  MUNICIPAL CORPORATION, Kolkata, West Bengal - 700024",91.23,pin_700024,,,False,False
22820047000111,22817019001860,"H-117,SHYAMLAL LANE,KOL-24,WARD NO-134, BOROUGH- XV, KOLKATA  MUNICIPAL CORPORATION, Kolkata, West Bengal - 700024","H-1/1/A,SHYAM LAL LANE,KOL-24,WARD NO-135, BOROUGH- XV, KOLKATA  MUNICIPAL CORPORATION, Kolkata, West Bengal - 700024",94.32,pin_700024,,,False,False
22820047000108,22825047000107,"Q-4 S.A FAROOQUE ROAD WARD NO-136, BOROUGH- XV, KOLKATA  MUNICIPAL CORPORATION, Kolkata, West Bengal - 700024","Q-564, S.A. FAROOQUIE ROAD,WARD NO-137, BOROUGH- XV, KOLKATA  MUNICIPAL CORPORATION, Kolkata, West Bengal - 700024",92.31,pin_700024,,,False,False
22820047000108,22825047000142,"Q-4 S.A FAROOQUE ROAD WARD NO-136, BOROUGH- XV, KOLKATA  MUNICIPAL CORPORATION, Kolkata, West Bengal - 700024","R-133 S.A. FAROOQUIE ROAD, BOROUGH- XV, KOLKATA  MUNICIPAL CORPORATION, Kolkata, West Bengal - 700024",91.35,pin_700024,,,False,False
22820047000108,22825047000154,"Q-4 S.A FAROOQUE ROAD WARD NO-136, BOROUGH- XV, KOLKATA  MUNICIPAL CORPORATION, Kolkata, West Bengal - 700024","Q-561, S.A. FAROOQUIE ROAD,WARD NO-139, BOROUGH- XV, KOLKATA  MUNICIPAL CORPORATION, Kolkata, West Bengal - 700024",91.4,pin_700024,,,False,False
22820047000108,22822047000008,"Q-4 S.A FAROOQUE ROAD WARD NO-136, BOROUGH- XV, KOLKATA  MUNICIPAL CORPORATION, Kolkata, West Bengal - 700024","Q-562/A, S.A FAROOQUIE ROAD, WARD : 139, BOROUGH- XV, KOLKATA  MUNICIPAL CORPORATION, Kolkata, West Bengal - 700024",90.09,pin_700024,,,False,False
22820047000108,22825047000094,"Q-4 S.A FAROOQUE ROAD WARD NO-136, BOROUGH- XV, KOLKATA  MUNICIPAL CORPORATION, Kolkata, West Bengal - 700024","Q-569/A, S.A. FAROOQUIE ROAD,WARD NO-139, BOROUGH- XV, KOLKATA  MUNICIPAL CORPORATION, Kolkata, West Bengal - 700024",90.58,pin_700024,,,False,False
22820047000108,22822047000045,"Q-4 S.A FAROOQUE ROAD WARD NO-136, BOROUGH- XV, KOLKATA  MUNICIPAL CORPORATION, Kolkata, West Bengal - 700024","Q-48 S A FAROOQUIE ROAD, BOROUGH- XV, KOLKATA  MUNICIPAL CORPORATION, Kolkata, West Bengal - 700024",90.29,pin_700024,,,False,False
22820047000108,22825047000073,"Q-4 S.A FAROOQUE ROAD WARD NO-136, BOROUGH- XV, KOLKATA  MUNICIPAL CORPORATION, Kolkata, West Bengal - 700024","Q-636/A, S.A. FAROOQUIE ROAD,WARD NO-139, BOROUGH- XV, KOLKATA  MUNICIPAL CORPORATION, Kolkata, West Bengal - 700024",90.58,pin_700024,,,False,False
22820047000108,22826047000108,"Q-4 S.A FAROOQUE ROAD WARD NO-136, BOROUGH- XV, KOLKATA  MUNICIPAL CORPORATION, Kolkata, West Bengal - 700024","R-142, S.A. FAROOQUIE ROAD WARD -137, BOROUGH- XV, KOLKATA  MUNICIPAL CORPORATION, Kolkata, West Bengal - 700024",91.32,pin_700024,,,False,False
22820047000132,22822047000047,"J-112/A,RAMNAGAR LANE,KOL-24,WARD NO-133, BOROUGH- XV, KOLKATA  MUNICIPAL CORPORATION, Kolkata, West Bengal - 700024","G-228/4,BATTIKAL LANE,KOL-24,WARD NO-134, BOROUGH- XV, KOLKATA  MUNICIPAL CORPORATION, Kolkata, West Bengal - 700024",90.43,pin_700024,,,False,False
22820047000132,22817019001860,"J-112/A,RAMNAGAR LANE,KOL-24,WARD NO-133, BOROUGH- XV, KOLKATA  MUNICIPAL CORPORATION, Kolkata, West Bengal - 700024","H-1/1/A,SHYAM LAL LANE,KOL-24,WARD NO-135, BOROUGH- XV, KOLKATA  MUNICIPAL CORPORATION, Kolkata, West Bengal - 700024",91.77,pin_700024,,,False,False
22819047000118,22822047000164,"O-162,MUDIALI ROAD,KOLKATA-700024.WARD NO-136,BOROUGH-XV, BOROUGH- XV, KOLKATA  MUNICIPAL CORPORATION, Kolkata, West Bengal - 700024","Q-232,MUDIALY ROAD,KOLKATA-700024,WARD NO-136, BOROUGH- XV, KOLKATA  MUNICIPAL CORPORATION, Kolkata, West Bengal - 700024",91.63,pin_700024,,,False,False
22819047000118,22823047000107,"O-162,MUDIALI ROAD,KOLKATA-700024.WARD NO-136,BOROUGH-XV, BOROUGH- XV, KOLKATA  MUNICIPAL CORPORATION, Kolkata, West Bengal - 700024","Q-330,MUDIALY ROAD,KOLKATA-700024,WARD NO-136, BOROUGH- XV, KOLKATA  MUNICIPAL CORPORATION, Kolkata, West Bengal - 700024",90.84,pin_700024,,,False,False
22819047000118,22822047000012,"O-162,MUDIALI ROAD,KOLKATA-700024.WARD NO-136,BOROUGH-XV, BOROUGH- XV, KOLKATA  MUNICIPAL CORPORATION, Kolkata, West Bengal - 700024","Q-374/A,MUDIALY ROAD,KOLKATA-700024,WARD NO-136, BOROUGH- XV, KOLKATA  MUNICIPAL CORPORATION, Kolkata, West Bengal - 700024",90.12,pin_700024,,,False,False
22820047000148,22820047000120,"Q-439/A, SANTOSHPUR ROAD, WARD NO. 136, KOLKATA 700024, BOROUGH- XV, KOLKATA  MUNICIPAL CORPORATION, Kolkata, West Bengal - 700024","Q-411/2A/1, SANTOSH PUR ROAD, KOLKATA 700024, WARD NO-136, BOROUGH- XV, KOLKATA  MUNICIPAL CORPORATION, Kolkata, West Bengal - 700024",90.42,pin_700024,136,,False,False
22820047000155,22823047000087,"Q-319/1,UMESH NEOGY ROAD KOLKATA-700024, WARD-136, BOROUGH- XV, KOLKATA  MUNICIPAL CORPORATION, Kolkata, West Bengal - 700024","N-110, PAHARPUR ROAD KOLKATA-700024, WARD-133, BOROUGH- XV, KOLKATA  MUNICIPAL CORPORATION, Kolkata, West Bengal - 700024",90.16,pin_700024,,,False,False
22820047000155,22820047000137,"Q-319/1,UMESH NEOGY ROAD KOLKATA-700024, WARD-136, BOROUGH- XV, KOLKATA  MUNICIPAL CORPORATION, Kolkata, West Bengal - 700024","Q-1, MUDIALY ROAD KOLKATA-700024, WARD-136, BOROUGH- XV, KOLKATA  MUNICIPAL CORPORATION, Kolkata, West Bengal - 700024",90.46,pin_700024,,,False,False
22820047000169,22821047000169,"P-228, RAMESHWARPUR ROAD, GARDEN REACH, KOLKATA-700024, KMC WARD-135, BOROUGH- XV, KOLKATA  MUNICIPAL CORPORATION, Kolkata, West Bengal - 700024","P-213/2, RAMSWARPUR ROAD WARD-135 KOLKATA-700024, BOROUGH- XV, KOLKATA  MUNICIPAL CORPORATION, Kolkata, West Bengal - 700024",90.23,pin_700024,,,False,False
22820047000173,22821047000123,"J-147/B,PAHARPUR ROAD,KOL-24,WARD NO-133, BOROUGH- XV, KOLKATA  MUNICIPAL CORPORATION, Kolkata, West Bengal - 700024","J-296,PAHARPIR ROAD,KOL-24,WARD NO-133, BOROUGH- XV, KOLKATA  MUNICIPAL CORPORATION, Kolkata, West Bengal - 700024",95.61,pin_700024,,,False,False
22820047000173,22821047000118,"J-147/B,PAHARPUR ROAD,KOL-24,WARD NO-133, BOROUGH- XV, KOLKATA  MUNICIPAL CORPORATION, Kolkata, West Bengal - 700024","I-72,RAMESWARPUR ROAD,KOL-24,WARD NO-135, BOROUGH- XV, KOLKATA  MUNICIPAL CORPORATION, Kolkata, West Bengal - 700024",93.04,pin_700024,,,False,False
22818047000127,22816019000746,"N-3, FATHEPUR 1ST LANE, KOL-24,WARD NO-133, BOROUGH- XV, KOLKATA  MUNICIPAL CORPORATION, Kolkata, West Bengal - 700024","N 5/1, FATEHPUR 1ST LANE, KOL-24,WARD NO-133, BOROUGH- XV, KOLKATA  MUNICIPAL CORPORATION, Kolkata, West Bengal - 700024",95.76,pin_700024,,,False,False
22819047000212,22820047000109,"H-31,GARDEN REACH ROAD,KOL-24, WARD NO-135, BOROUGH- XV, KOLKATA  MUNICIPAL CORPORATION, Kolkata, West Bengal - 700024","I-189,PAHARPUR ROAD,KOL-24,WARD NO-135, BOROUGH- XV, KOLKATA  MUNICIPAL CORPORATION, Kolkata, West Bengal - 700024",90.43,pin_700024,,,False,False
22819047000212,22821047000143,"H-31,GARDEN REACH ROAD,KOL-24, WARD NO-135, BOROUGH- XV, KOLKATA  MUNICIPAL CORPORATION, Kolkata, West Bengal - 700024","H-91,PAHARPUR ROAD,KOL-24,WARD NO-133, BOROUGH- XV, KOLKATA  MUNICIPAL CORPORATION, Kolkata, West Bengal - 700024",90.83,pin_700024,,,False,False
22820047000005,22821047000101,"P-155/Q,MUDIALY ROAD,KOL-24,WARD NO- 135, BOROUGH- XV, KOLKATA  MUNICIPAL CORPORATION, Kolkata, West Bengal - 700024","P-311/A,MUDIALI ROAD,KOL-700024,WARD NO-135, BOROUGH- XV, KOLKATA  MUNICIPAL CORPORATION, Kolkata, West Bengal - 700024",90.99,pin_700024,,,False,False
22820047000005,22821047000116,"P-155/Q,MUDIALY ROAD,KOL-24,WARD NO- 135, BOROUGH- XV, KOLKATA  MUNICIPAL CORPORATION, Kolkata, West Bengal - 700024","P-283/A/1,MUDIALI ROAD,KOL-24,WARD NO-135, BOROUGH- XV, KOLKATA  MUNICIPAL CORPORATION, Kolkata, West Bengal - 700024",90.91,pin_700024,,,False,False
22821047000009,22823047000111,"G 293 RAMNAGAR LANE, BOROUGH- XV, KOLKATA  MUNICIPAL CORPORATION, Kolkata, West Bengal - 700024","G 206 RAM NAGAR LANE, BOROUGH- XV, KOLKATA  MUNICIPAL CORPORATION, Kolkata, West Bengal - 700024",94.18,pin_700024,,,False,False
22821047000009,22824047000162,"G 293 RAMNAGAR LANE, BOROUGH- XV, KOLKATA  MUNICIPAL CORPORATION, Kolkata, West Bengal - 700024","G-326 ALIF NAGAR LANE , BOROUGH- XV, KOLKATA  MUNICIPAL CORPORATION, Kolkata, West Bengal - 700024",90.05,pin_700024,,,False,False
22821047000009,22824047000036,"G 293 RAMNAGAR LANE, BOROUGH- XV, KOLKATA  MUNICIPAL CORPORATION, Kolkata, West Bengal - 700024","G 190 SHYAM LAL LANE, BOROUGH- XV, KOLKATA  MUNICIPAL CORPORATION, Kolkata, West Bengal - 700024",91.01,pin_700024,,,False,False
22821047000012,22821047000295,"H 95 PAHARPUR ROAD, BOROUGH- XV, KOLKATA  MUNICIPAL CORPORATION, Kolkata, West Bengal - 700024","P 210, RAMESWARPUR ROAD, BOROUGH- XV, KOLKATA  MUNICIPAL CORPORATION, Kolkata, West Bengal - 700024",91.1,pin_700024,,,False,False
22821047000012,22821047000300,"H 95 PAHARPUR ROAD, BOROUGH- XV, KOLKATA  MUNICIPAL CORPORATION, Kolkata, West Bengal - 700024","I- 220C, RAMESHWARPUR ROAD, BOROUGH- XV, KOLKATA  MUNICIPAL CORPORATION, Kolkata, West Bengal - 700024",90.72,pin_700024,,,False,False
22821047000012,22824047000129,"H 95 PAHARPUR ROAD, BOROUGH- XV, KOLKATA  MUNICIPAL CORPORATION, Kolkata, West Bengal - 700024","I 207 PAHAR PUR ROAD, BOROUGH- XV, KOLKATA  MUNICIPAL CORPORATION, Kolkata, West Bengal - 700024",94.68,pin_700024,,,False,False
22821047000012,22824047000196,"H 95 PAHARPUR ROAD, BOROUGH- XV, KOLKATA  MUNICIPAL CORPORATION, Kolkata, West Bengal - 700024","I-61 RAMESHWARPUR ROAD, BOROUGH- XV, KOLKATA  MUNICIPAL CORPORATION, Kolkata, West Bengal - 700024",92.63,pin_700024,,,False,False
22821047000012,22825047000113,"H 95 PAHARPUR ROAD, BOROUGH- XV, KOLKATA  MUNICIPAL CORPORATION, Kolkata, West Bengal - 700024","I-67, RAMESHWARPUR ROAD, BOROUGH- XV, KOLKATA  MUNICIPAL CORPORATION, Kolkata, West Bengal - 700024",92.15,pin_700024,,,False,False
22821047000012,22825047000033,"H 95 PAHARPUR ROAD, BOROUGH- XV, KOLKATA  MUNICIPAL CORPORATION, Kolkata, West Bengal - 700024","N-74,PAHAPUR ROAD,KOLKATA, BOROUGH- XV, KOLKATA  MUNICIPAL CORPORATION, Kolkata, West Bengal - 700024",90.16,pin_700024,,,False,False
22821047000012,22823047000031,"H 95 PAHARPUR ROAD, BOROUGH- XV, KOLKATA  MUNICIPAL CORPORATION, Kolkata, West Bengal - 700024","M 82/A PAHAR PUR ROAD, BOROUGH- XV, KOLKATA  MUNICIPAL CORPORATION, Kolkata, West Bengal - 700024",94.18,pin_700024,,,False,False
22821047000035,22825047000048,"N-20,PAHARPUR ROAD,KOL-24,WARD NO-133, BOROUGH- XV, KOLKATA  MUNICIPAL CORPORATION, Kolkata, West Bengal - 700024","N-5,PAHARUR ROAD, WARD NO-133, BOROUGH- XV, KOLKATA  MUNICIPAL CORPORATION, Kolkata, West Bengal - 700024",94.44,pin_700024,,,False,False
22821047000090,22821047000140,"Q-659,PAKURIA TALAW LANE,KOL-24,WARD NO-139, BOROUGH- XV, KOLKATA  MUNICIPAL CORPORATION, Kolkata, West Bengal - 700024","P-99,TIKIA PARA LANE,KOL-24,WARD NO-135, BOROUGH- XV, KOLKATA  MUNICIPAL CORPORATION, Kolkata, West Bengal - 700024",92.24,pin_700024,,,False,False
22821047000101,22822047000164,"P-311/A,MUDIALI ROAD,KOL-700024,WARD NO-135, BOROUGH- XV, KOLKATA  MUNICIPAL CORPORATION, Kolkata, West Bengal - 700024","Q-232,MUDIALY ROAD,KOLKATA-700024,WARD NO-136, BOROUGH- XV, KOLKATA  MUNICIPAL CORPORATION, Kolkata, West Bengal - 700024",93.28,pin_700024,,,False,False
22821047000101,22823047000107,"P-311/A,MUDIALI ROAD,KOL-700024,WARD NO-135, BOROUGH- XV, KOLKATA  MUNICIPAL CORPORATION, Kolkata, West Bengal - 700024","Q-330,MUDIALY ROAD,KOLKATA-700024,WARD NO-136, BOROUGH- XV, KOLKATA  MUNICIPAL CORPORATION, Kolkata, West Bengal - 700024",93.28,pin_700024,,,False,False
22821047000101,22822047000012,"P-311/A,MUDIALI ROAD,KOL-700024,WARD NO-135, BOROUGH- XV, KOLKATA  MUNICIPAL CORPORATION, Kolkata, West Bengal - 700024","Q-374/A,MUDIALY ROAD,KOLKATA-700024,WARD NO-136, BOROUGH- XV, KOLKATA  MUNICIPAL CORPORATION, Kolkata, West Bengal - 700024",94.17,pin_700024,,,False,False
22821047000101,22819047000145,"P-311/A,MUDIALI ROAD,KOL-700024,WARD NO-135, BOROUGH- XV, KOLKATA  MUNICIPAL CORPORATION, Kolkata, West Bengal - 700024","P-152/C,MUDIALY ROAD,KOL-24,WARD NO-135, BOROUGH- XV, KOLKATA  MUNICIPAL CORPORATION, Kolkata, West Bengal - 700024",94.83,pin_700024,,,False,False
22821047000116,22822047000164,"P-283/A/1,MUDIALI ROAD,KOL-24,WARD NO-135, BOROUGH- XV, KOLKATA  MUNICIPAL CORPORATION, Kolkata, West Bengal - 700024","Q-232,MUDIALY ROAD,KOLKATA-700024,WARD NO-136, BOROUGH- XV, KOLKATA  MUNICIPAL CORPORATION, Kolkata, West Bengal - 700024",91.53,pin_700024,,,False,False
22821047000116,22823047000107,"P-283/A/1,MUDIALI ROAD,KOL-24,WARD NO-135, BOROUGH- XV, KOLKATA  MUNICIPAL CORPORATION, Kolkata, West Bengal - 700024","Q-330,MUDIALY ROAD,KOLKATA-700024,WARD NO-136, BOROUGH- XV, KOLKATA  MUNICIPAL CORPORATION, Kolkata, West Bengal - 700024",90.68,pin_700024,,,False,False
22821047000116,22822047000012,"P-283/A/1,MUDIALI ROAD,KOL-24,WARD NO-135, BOROUGH- XV, KOLKATA  MUNICIPAL CORPORATION, Kolkata, West Bengal - 700024","Q-374/A,MUDIALY ROAD,KOLKATA-700024,WARD NO-136, BOROUGH- XV, KOLKATA  MUNICIPAL CORPORATION, Kolkata, West Bengal - 700024",91.6,pin_700024,,,False,False
22821047000116,22819047000145,"P-283/A/1,MUDIALI ROAD,KOL-24,WARD NO-135, BOROUGH- XV, KOLKATA  MUNICIPAL CORPORATION, Kolkata, West Bengal - 700024","P-152/C,MUDIALY ROAD,KOL-24,WARD NO-135, BOROUGH- XV, KOLKATA  MUNICIPAL CORPORATION, Kolkata, West Bengal - 700024",95.65,pin_700024,,,False,False
22821047000128,22821047000123,"J-221/A,PAHARPUR ROAD,KOL-24,WARD NO-133, BOROUGH- XV, KOLKATA  MUNICIPAL CORPORATION, Kolkata, West Bengal - 700024","J-296,PAHARPIR ROAD,KOL-24,WARD NO-133, BOROUGH- XV, KOLKATA  MUNICIPAL CORPORATION, Kolkata, West Bengal - 700024",96.49,pin_700024,,,False,False
22821047000128,22821047000118,"J-221/A,PAHARPUR ROAD,KOL-24,WARD NO-133, BOROUGH- XV, KOLKATA  MUNICIPAL CORPORATION, Kolkata, West Bengal - 700024","I-72,RAMESWARPUR ROAD,KOL-24,WARD NO-135, BOROUGH- XV, KOLKATA  MUNICIPAL CORPORATION, Kolkata, West Bengal - 700024",93.04,pin_700024,,,False,False
22821047000138,22821047000295,"M-81 PAHARPUR ROAD, BOROUGH- XV, KOLKATA  MUNICIPAL CORPORATION, Kolkata, West Bengal - 700024","P 210, RAMESWARPUR ROAD, BOROUGH- XV, KOLKATA  MUNICIPAL CORPORATION, Kolkata, West Bengal - 700024",91.1,pin_700024,,,False,False
22821047000138,22824047000129,"M-81 PAHARPUR ROAD, BOROUGH- XV, KOLKATA  MUNICIPAL CORPORATION, Kolkata, West Bengal - 700024","I 207 PAHAR PUR ROAD, BOROUGH- XV, KOLKATA  MUNICIPAL CORPORATION, Kolkata, West Bengal - 700024",93.62,pin_700024,,,False,False
22821047000138,22824047000196,"M-81 PAHARPUR ROAD, BOROUGH- XV, KOLKATA  MUNICIPAL CORPORATION, Kolkata, West Bengal - 700024","I-61 RAMESHWARPUR ROAD, BOROUGH- XV, KOLKATA  MUNICIPAL CORPORATION, Kolkata, West Bengal - 700024",91.58,pin_700024,,,False,False
22821047000138,22825047000113,"M-81 PAHARPUR ROAD, BOROUGH- XV, KOLKATA  MUNICIPAL CORPORATION, Kolkata, West Bengal - 700024","I-67, RAMESHWARPUR ROAD, BOROUGH- XV, KOLKATA  MUNICIPAL CORPORATION, Kolkata, West Bengal - 700024",91.1,pin_700024,,,False,False
22821047000138,22825047000183,"M-81 PAHARPUR ROAD, BOROUGH- XV, KOLKATA  MUNICIPAL CORPORATION, Kolkata, West Bengal - 700024","M-57/A/1, PAHARPURROAD,WARD NO-133, BOROUGH- XV, KOLKATA  MUNICIPAL CORPORATION, Kolkata, West Bengal - 700024",90.1,pin_700024,,,False,False
22821047000138,22825047000033,"M-81 PAHARPUR ROAD, BOROUGH- XV, KOLKATA  MUNICIPAL CORPORATION, Kolkata, West Bengal - 700024","N-74,PAHAPUR ROAD,KOLKATA, BOROUGH- XV, KOLKATA  MUNICIPAL CORPORATION, Kolkata, West Bengal - 700024",90.16,pin_700024,,,False,False
22821047000138,22823047000031,"M-81 PAHARPUR ROAD, BOROUGH- XV, KOLKATA  MUNICIPAL CORPORATION, Kolkata, West Bengal - 700024","M 82/A PAHAR PUR ROAD, BOROUGH- XV, KOLKATA  MUNICIPAL CORPORATION, Kolkata, West Bengal - 700024",95.24,pin_700024,,,False,False
22818019013690,22818047000041,"J-470 PAHARPUR ROAD KOLKATA-700024 WARD NO.133, BOROUGH- XV, KOLKATA  MUNICIPAL CORPORATION, Kolkata, West Bengal - 700024","I-72, RAMESHWARPUR ROAD, KOLKATA-700024, WARD NO-135, BOROUGH- XV, KOLKATA  MUNICIPAL CORPORATION, Kolkata, West Bengal - 700024",92.74,pin_700024,133,,False,False
22821047000147,22821047000158,"S-1,VIKOO LANE,KOLKATA-700024,WARD NO-137, BOROUGH- XV, KOLKATA  MUNICIPAL CORPORATION, Kolkata, West Bengal - 700024","Q-520,SIMPUKUR LANE,KOLKATA-700024,WARD NO-139, BOROUGH- XV, KOLKATA  MUNICIPAL CORPORATION, Kolkata, West Bengal - 700024",92.83,pin_700024,,,False,False
22821047000147,22821047000296,"S-1,VIKOO LANE,KOLKATA-700024,WARD NO-137, BOROUGH- XV, KOLKATA  MUNICIPAL CORPORATION, Kolkata, West Bengal - 700024","Q-87,SHIMPUKUR LANE,KOLKATA-700024,WARD NO-136, BOROUGH- XV, KOLKATA  MUNICIPAL CORPORATION, Kolkata, West Bengal - 700024",92.83,pin_700024,,,False,False
22821047000147,22822047000050,"S-1,VIKOO LANE,KOLKATA-700024,WARD NO-137, BOROUGH- XV, KOLKATA  MUNICIPAL CORPORATION, Kolkata, West Bengal - 700024","P-169,MUDIALY 1ST LANE,KOLKATA-700024,WARD NO-135, BOROUGH- XV, KOLKATA  MUNICIPAL CORPORATION, Kolkata, West Bengal - 700024",91.67,pin_700024,,,False,False
22821047000147,22822047000028,"S-1,VIKOO LANE,KOLKATA-700024,WARD NO-137, BOROUGH- XV, KOLKATA  MUNICIPAL CORPORATION, Kolkata, West Bengal - 700024","O-136,FATHEPUR 2ND LANE,KOLKATA-700024,WARD NO-136, BOROUGH- XV, KOLKATA  MUNICIPAL CORPORATION, Kolkata, West Bengal - 700024",90.46,pin_700024,,,False,False
22821047000147,22823047000023,"S-1,VIKOO LANE,KOLKATA-700024,WARD NO-137, BOROUGH- XV, KOLKATA  MUNICIPAL CORPORATION, Kolkata, West Bengal - 700024","Q-124/B, SHIMPUKUR LANE,KOLKATA-700024,WARD NO-136, BOROUGH- XV, KOLKATA  MUNICIPAL CORPORATION, Kolkata, West Bengal - 700024",92.12,pin_700024,,,False,False
22821047000158,22821047000296,"Q-520,SIMPUKUR LANE,KOLKATA-700024,WARD NO-139, BOROUGH- XV, KOLKATA  MUNICIPAL CORPORATION, Kolkata, West Bengal - 700024","Q-87,SHIMPUKUR LANE,KOLKATA-700024,WARD NO-136, BOROUGH- XV, KOLKATA  MUNICIPAL CORPORATION, Kolkata, West Bengal - 700024",96.69,pin_700024,,,False,False
22821047000158,22822047000028,"Q-520,SIMPUKUR LANE,KOLKATA-700024,WARD NO-139, BOROUGH- XV, KOLKATA  MUNICIPAL CORPORATION, Kolkata, West Bengal - 700024","O-136,FATHEPUR 2ND LANE,KOLKATA-700024,WARD NO-136, BOROUGH- XV, KOLKATA  MUNICIPAL CORPORATION, Kolkata, West Bengal - 700024",90.24,pin_700024,,,False,False
22821047000158,22823047000023,"Q-520,SIMPUKUR LANE,KOLKATA-700024,WARD NO-139, BOROUGH- XV, KOLKATA  MUNICIPAL CORPORATION, Kolkata, West Bengal - 700024","Q-124/B, SHIMPUKUR LANE,KOLKATA-700024,WARD NO-136, BOROUGH- XV, KOLKATA  MUNICIPAL CORPORATION, Kolkata, West Bengal - 700024",95.93,pin_700024,,,False,False
22821047000158,22823047000091,"Q-520,SIMPUKUR LANE,KOLKATA-700024,WARD NO-139, BOROUGH- XV, KOLKATA  MUNICIPAL CORPORATION, Kolkata, West Bengal - 700024","O-33,FATHEPUR 1ST LANE,KOLKATA700024,WARD NO-136, BOROUGH- XV, KOLKATA  MUNICIPAL CORPORATION, Kolkata, West Bengal - 700024",90.16,pin_700024,,,False,False
22821047000158,12824019000575,"Q-520,SIMPUKUR LANE,KOLKATA-700024,WARD NO-139, BOROUGH- XV, KOLKATA  MUNICIPAL CORPORATION, Kolkata, West Bengal - 700024","Q-124/B,SHIMPUKUR LANE,KOLKATA-700024,WARD NO-136, KOLKATA  MUNICIPAL CORPORATION, Kolkata, West Bengal - 700024",90.52,pin_700024,,,False,False
22821047000165,22821047000242,"Q-306,UMESH NEOGY ROAD,KOLKATA-700024,WARD NO-136, BOROUGH- XV, KOLKATA  MUNICIPAL CORPORATION, Kolkata, West Bengal - 700024","Q-365/A,MUDIALI ROAD,KOLKATA-700024,WARD NO-136, BOROUGH- XV, KOLKATA  MUNICIPAL CORPORATION, Kolkata, West Bengal - 700002",91.06,pin_700024,,,False,False
22821047000165,22822047000164,"Q-306,UMESH NEOGY ROAD,KOLKATA-700024,WARD NO-136, BOROUGH- XV, KOLKATA  MUNICIPAL CORPORATION, Kolkata, West Bengal - 700024","Q-232,MUDIALY ROAD,KOLKATA-700024,WARD NO-136, BOROUGH- XV, KOLKATA  MUNICIPAL CORPORATION, Kolkata, West Bengal - 700024",91.8,pin_700024,,,False,False
22821047000165,22823047000107,"Q-306,UMESH NEOGY ROAD,KOLKATA-700024,WARD NO-136, BOROUGH- XV, KOLKATA  MUNICIPAL CORPORATION, Kolkata, West Bengal - 700024","Q-330,MUDIALY ROAD,KOLKATA-700024,WARD NO-136, BOROUGH- XV, KOLKATA  MUNICIPAL CORPORATION, Kolkata, West Bengal - 700024",92.62,pin_700024,,,False,False
22821047000165,22822047000012,"Q-306,UMESH NEOGY ROAD,KOLKATA-700024,WARD NO-136, BOROUGH- XV, KOLKATA  MUNICIPAL CORPORATION, Kolkata, West Bengal - 700024","Q-374/A,MUDIALY ROAD,KOLKATA-700024,WARD NO-136, BOROUGH- XV, KOLKATA  MUNICIPAL CORPORATION, Kolkata, West Bengal - 700024",91.06,pin_700024,,,False,False
22821047000165,22823047000123,"Q-306,UMESH NEOGY ROAD,KOLKATA-700024,WARD NO-136, BOROUGH- XV, KOLKATA  MUNICIPAL CORPORATION, Kolkata, West Bengal - 700024","Q-366/A, MUDIALY ROAD,KOLKATA-700024, WARD NO-136, BOROUGH- XV, KOLKATA  MUNICIPAL CORPORATION, Kolkata, West Bengal - 700024",90.32,pin_700024,,,False,False
22821047000165,22823047000096,"Q-306,UMESH NEOGY ROAD,KOLKATA-700024,WARD NO-136, BOROUGH- XV, KOLKATA  MUNICIPAL CORPORATION, Kolkata, West Bengal - 700024","P-261, RAMESHWARPUR ROAD,KOLKATA-700024,WARD NO-135, BOROUGH- XV, KOLKATA  MUNICIPAL CORPORATION, Kolkata, West Bengal - 700024",90.4,pin_700024,,,False,False
22820047000077,22822047000170,"N-173/1/A, MUDIALI FIRST LANE, BOROUGH- XV, KOLKATA  MUNICIPAL CORPORATION, Kolkata, West Bengal - 700024","N-158, MUDIALY 1ST LANE, BOROUGH- XV, KOLKATA  MUNICIPAL CORPORATION, Kolkata, West Bengal - 700024",90.1,pin_700024,,,False,False
22820047000077,22823047000112,"N-173/1/A, MUDIALI FIRST LANE, BOROUGH- XV, KOLKATA  MUNICIPAL CORPORATION, Kolkata, West Bengal - 700024","N-185/F, MUDIALY 1ST LANE, BOROUGH- XV, KOLKATA  MUNICIPAL CORPORATION, Kolkata, West Bengal - 700024",90.2,pin_700024,,,False,False
22821046000478,22824047000196,"J-196 PAHARPUR ROAD, BOROUGH-XIV, KOLKATA  MUNICIPAL CORPORATION, Kolkata, West Bengal - 700024","I-61 RAMESHWARPUR ROAD, BOROUGH- XV, KOLKATA  MUNICIPAL CORPORATION, Kolkata, West Bengal - 700024",90.05,pin_700024,,,False,False
22821047000187,22826047000106,"Q-86 SHIMPUKUR LANE WARD NO-136, BOROUGH- XV, KOLKATA  MUNICIPAL CORPORATION, Kolkata, West Bengal - 700024","Q-80/A, SHMPUKUR LANE, WARD NO. 136, BOROUGH- XV, KOLKATA  MUNICIPAL CORPORATION, Kolkata, West Bengal - 700024",91.67,pin_700024,,136,False,False
22821047000219,22821047000123,"J-305/A,PAHARPUR ROAD,KOL-24,WARD NO-133, BOROUGH- XV, KOLKATA  MUNICIPAL CORPORATION, Kolkata, West Bengal - 700024","J-296,PAHARPIR ROAD,KOL-24,WARD NO-133, BOROUGH- XV, KOLKATA  MUNICIPAL CORPORATION, Kolkata, West Bengal - 700024",95.61,pin_700024,,,False,False
22821047000219,22821047000118,"J-305/A,PAHARPUR ROAD,KOL-24,WARD NO-133, BOROUGH- XV, KOLKATA  MUNICIPAL CORPORATION, Kolkata, West Bengal - 700024","I-72,RAMESWARPUR ROAD,KOL-24,WARD NO-135, BOROUGH- XV, KOLKATA  MUNICIPAL CORPORATION, Kolkata, West Bengal - 700024",92.17,pin_700024,,,False,False
22821047000221,22821047000295,"N-110 PAHARPUR ROAD, BOROUGH- XV, KOLKATA  MUNICIPAL CORPORATION, Kolkata, West Bengal - 700024","P 210, RAMESWARPUR ROAD, BOROUGH- XV, KOLKATA  MUNICIPAL CORPORATION, Kolkata, West Bengal - 700024",90.62,pin_700024,,,False,False
22821047000221,22824047000129,"N-110 PAHARPUR ROAD, BOROUGH- XV, KOLKATA  MUNICIPAL CORPORATION, Kolkata, West Bengal - 700024","I 207 PAHAR PUR ROAD, BOROUGH- XV, KOLKATA  MUNICIPAL CORPORATION, Kolkata, West Bengal - 700024",93.12,pin_700024,,,False,False
22821047000221,22824047000196,"N-110 PAHARPUR ROAD, BOROUGH- XV, KOLKATA  MUNICIPAL CORPORATION, Kolkata, West Bengal - 700024","I-61 RAMESHWARPUR ROAD, BOROUGH- XV, KOLKATA  MUNICIPAL CORPORATION, Kolkata, West Bengal - 700024",91.1,pin_700024,,,False,False
22821047000221,22825047000113,"N-110 PAHARPUR ROAD, BOROUGH- XV, KOLKATA  MUNICIPAL CORPORATION, Kolkata, West Bengal - 700024","I-67, RAMESHWARPUR ROAD, BOROUGH- XV, KOLKATA  MUNICIPAL CORPORATION, Kolkata, West Bengal - 700024",90.62,pin_700024,,,False,False
22821047000221,22825047000033,"N-110 PAHARPUR ROAD, BOROUGH- XV, KOLKATA  MUNICIPAL CORPORATION, Kolkata, West Bengal - 700024","N-74,PAHAPUR ROAD,KOLKATA, BOROUGH- XV, KOLKATA  MUNICIPAL CORPORATION, Kolkata, West Bengal - 700024",91.75,pin_700024,,,False,False
22821047000221,22823047000031,"N-110 PAHARPUR ROAD, BOROUGH- XV, KOLKATA  MUNICIPAL CORPORATION, Kolkata, West Bengal - 700024","M 82/A PAHAR PUR ROAD, BOROUGH- XV, KOLKATA  MUNICIPAL CORPORATION, Kolkata, West Bengal - 700024",92.63,pin_700024,,,False,False
22821047000223,22824047000164,"F-25 SHAHI ASTABAL LANE WARD NO-134, BOROUGH- XV, KOLKATA  MUNICIPAL CORPORATION, Kolkata, West Bengal - 700024","F-61 ATABAG LANE GARDEN REACH, WARD NO-134, BOROUGH- XV, KOLKATA  MUNICIPAL CORPORATION, Kolkata, West Bengal - 700024",90.75,pin_700024,,,False,False
22821047000222,22821047000123,"I-216/A,PAHARPUR ROAD,KOL-24,WARD NO-135, BOROUGH- XV, KOLKATA  MUNICIPAL CORPORATION, Kolkata, West Bengal - 700024","J-296,PAHARPIR ROAD,KOL-24,WARD NO-133, BOROUGH- XV, KOLKATA  MUNICIPAL CORPORATION, Kolkata, West Bengal - 700024",95.61,pin_700024,,,False,False
22821047000222,22821047000118,"I-216/A,PAHARPUR ROAD,KOL-24,WARD NO-135, BOROUGH- XV, KOLKATA  MUNICIPAL CORPORATION, Kolkata, West Bengal - 700024","I-72,RAMESWARPUR ROAD,KOL-24,WARD NO-135, BOROUGH- XV, KOLKATA  MUNICIPAL CORPORATION, Kolkata, West Bengal - 700024",94.78,pin_700024,,,False,False
22820047000109,22821047000123,"I-189,PAHARPUR ROAD,KOL-24,WARD NO-135, BOROUGH- XV, KOLKATA  MUNICIPAL CORPORATION, Kolkata, West Bengal - 700024","J-296,PAHARPIR ROAD,KOL-24,WARD NO-133, BOROUGH- XV, KOLKATA  MUNICIPAL CORPORATION, Kolkata, West Bengal - 700024",95.58,pin_700024,,,False,False
22820047000109,22821047000118,"I-189,PAHARPUR ROAD,KOL-24,WARD NO-135, BOROUGH- XV, KOLKATA  MUNICIPAL CORPORATION, Kolkata, West Bengal - 700024","I-72,RAMESWARPUR ROAD,KOL-24,WARD NO-135, BOROUGH- XV, KOLKATA  MUNICIPAL CORPORATION, Kolkata, West Bengal - 700024",94.74,pin_700024,,,False,False
22816019000598,22821047000123,"J-169/A,PAHARPUR ROAD,WARD NO.133, BOROUGH- XV, KOLKATA  MUNICIPAL CORPORATION, Kolkata, West Bengal - 700024","J-296,PAHARPIR ROAD,KOL-24,WARD NO-133, BOROUGH- XV, KOLKATA  MUNICIPAL CORPORATION, Kolkata, West Bengal - 700024",92.31,pin_700024,133,,False,False
22818047000041,22821047000169,"I-72, RAMESHWARPUR ROAD, KOLKATA-700024, WARD NO-135, BOROUGH- XV, KOLKATA  MUNICIPAL CORPORATION, Kolkata, West Bengal - 700024","P-213/2, RAMSWARPUR ROAD WARD-135 KOLKATA-700024, BOROUGH- XV, KOLKATA  MUNICIPAL CORPORATION, Kolkata, West Bengal - 700024",92.0,pin_700024,,,False,False
22818047000041,22819047000110,"I-72, RAMESHWARPUR ROAD, KOLKATA-700024, WARD NO-135, BOROUGH- XV, KOLKATA  MUNICIPAL CORPORATION, Kolkata, West Bengal - 700024","J-296, PAHARPUR ROAD, KOLKATA-24, WARD NO.133, BOROUGH- XV, KOLKATA  MUNICIPAL CORPORATION, Kolkata, West Bengal - 700024",92.31,pin_700024,,133,False,False
22818047000041,22818019002527,"I-72, RAMESHWARPUR ROAD, KOLKATA-700024, WARD NO-135, BOROUGH- XV, KOLKATA  MUNICIPAL CORPORATION, Kolkata, West Bengal - 700024","N-14, PAHARPUR ROAD, KOLKATA-700024, WARD NO-133, BOROUGH- I, KOLKATA  MUNICIPAL CORPORATION, Kolkata, West Bengal - 700024",91.57,pin_700024,,,False,False
22818047000041,22818019003728,"I-72, RAMESHWARPUR ROAD, KOLKATA-700024, WARD NO-135, BOROUGH- XV, KOLKATA  MUNICIPAL CORPORATION, Kolkata, West Bengal - 700024","I-1, GARDEN REACH ROAD, KOLKATA-700024, WARD NO-135, BOROUGH- XV, KOLKATA  MUNICIPAL CORPORATION, Kolkata, West Bengal - 700024",91.7,pin_700024,,,False,False
22818047000041,22823047000087,"I-72, RAMESHWARPUR ROAD, KOLKATA-700024, WARD NO-135, BOROUGH- XV, KOLKATA  MUNICIPAL CORPORATION, Kolkata, West Bengal - 700024","N-110, PAHARPUR ROAD KOLKATA-700024, WARD-133, BOROUGH- XV, KOLKATA  MUNICIPAL CORPORATION, Kolkata, West Bengal - 700024",90.69,pin_700024,,,False,False
22818047000041,22818019007452,"I-72, RAMESHWARPUR ROAD, KOLKATA-700024, WARD NO-135, BOROUGH- XV, KOLKATA  MUNICIPAL CORPORATION, Kolkata, West Bengal - 700024","M-96, PAHARPUR ROAD, KOLKATA-700024, WARD NO-133, BOROUGH- XV, KOLKATA  MUNICIPAL CORPORATION, Kolkata, West Bengal - 700024",92.0,pin_700024,,,False,False
22818047000041,22818019010966,"I-72, RAMESHWARPUR ROAD, KOLKATA-700024, WARD NO-135, BOROUGH- XV, KOLKATA  MUNICIPAL CORPORATION, Kolkata, West Bengal - 700024","J-305/A, PAHARPUR ROAD, KOLKATA-700024, WARD NO-133, BOROUGH- I, KOLKATA  MUNICIPAL CORPORATION, Kolkata, West Bengal - 700024",91.27,pin_700024,,,False,False
22818047000041,22818019012977,"I-72, RAMESHWARPUR ROAD, KOLKATA-700024, WARD NO-135, BOROUGH- XV, KOLKATA  MUNICIPAL CORPORATION, Kolkata, West Bengal - 700024","J-481, PAHARPUR ROAD, KOLKATA-700024, WARD NO-133, BOROUGH- XV, KOLKATA  MUNICIPAL CORPORATION, Kolkata, West Bengal - 700024",94.02,pin_700024,,,False,False
22818047000041,22818019002402,"I-72, RAMESHWARPUR ROAD, KOLKATA-700024, WARD NO-135, BOROUGH- XV, KOLKATA  MUNICIPAL CORPORATION, Kolkata, West Bengal - 700024","M-78/A, PAHARPUR ROAD, KOLKATA-700024, WARD NO-133, BOROUGH- XV, KOLKATA  MUNICIPAL CORPORATION, Kolkata, West Bengal - 700024",91.27,pin_700024,,,False,False
22818047000041,22822047000169,"I-72, RAMESHWARPUR ROAD, KOLKATA-700024, WARD NO-135, BOROUGH- XV, KOLKATA  MUNICIPAL CORPORATION, Kolkata, West Bengal - 700024","N-12, PAHARPUR ROAD, KOLKATA-700024, BOROUGH- XV, KOLKATA  MUNICIPAL CORPORATION, Kolkata, West Bengal - 700024",91.14,pin_700024,,,False,False
22818047000041,22817019005632,"I-72, RAMESHWARPUR ROAD, KOLKATA-700024, WARD NO-135, BOROUGH- XV, KOLKATA  MUNICIPAL CORPORATION, Kolkata, West Bengal - 700024","J-296, PAHARPUR ROAD, KOLKATA-700024, WARD NO-133, BOROUGH- I, KOLKATA  MUNICIPAL CORPORATION, Kolkata, West Bengal - 700024",92.8,pin_700024,,,False,False
22818047000041,12819019000687,"I-72, RAMESHWARPUR ROAD, KOLKATA-700024, WARD NO-135, BOROUGH- XV, KOLKATA  MUNICIPAL CORPORATION, Kolkata, West Bengal - 700024","J-474/A/1, PAHARPUR ROAD, KOLKATA-700024, WARD NO-133, BOROUGH-XV , KOLKATA  MUNICIPAL CORPORATION, Kolkata, West Bengal - 700024",90.2,pin_700024,,,False,False
22818047000041,12823019001728,"I-72, RAMESHWARPUR ROAD, KOLKATA-700024, WARD NO-135, BOROUGH- XV, KOLKATA  MUNICIPAL CORPORATION, Kolkata, West Bengal - 700024","I-72, RAMESWARPUR ROAD, KOLKATA-700024, WARD NO-135 , KOLKATA  MUNICIPAL CORPORATION, Kolkata, West Bengal - 700024",92.95,pin_700024,,,False,False
22818047000041,12818019003239,"I-72, RAMESHWARPUR ROAD, KOLKATA-700024, WARD NO-135, BOROUGH- XV, KOLKATA  MUNICIPAL CORPORATION, Kolkata, West Bengal - 700024","M-87, PAHARPUR ROAD, KOLKATA-700024, WARD NO-133, BOROUGH- XV, KOLKATA  MUNICIPAL CORPORATION, Kolkata, West Bengal - 700024",92.0,pin_700024,,,False,False
22818047000041,12816019001356,"I-72, RAMESHWARPUR ROAD, KOLKATA-700024, WARD NO-135, BOROUGH- XV, KOLKATA  MUNICIPAL CORPORATION, Kolkata, West Bengal - 700024","J196, PAHARPUR ROAD KOLKATA-700024, WARD NO-133, BOROUGH-XV, KOLKATA  MUNICIPAL CORPORATION, Kolkata, West Bengal - 700024",90.32,pin_700024,,,False,False
22821047000240,22821047000123,"J-205,PAHARPUR ROAD,KOLKATA-700024,WARD NO-133, BOROUGH- XV, KOLKATA  MUNICIPAL CORPORATION, Kolkata, West Bengal - 700024","J-296,PAHARPIR ROAD,KOL-24,WARD NO-133, BOROUGH- XV, KOLKATA  MUNICIPAL CORPORATION, Kolkata, West Bengal - 700024",94.02,pin_700024,,,False,False
22821047000240,22821047000118,"J-205,PAHARPUR ROAD,KOLKATA-700024,WARD NO-133, BOROUGH- XV, KOLKATA  MUNICIPAL CORPORATION, Kolkata, West Bengal - 700024","I-72,RAMESWARPUR ROAD,KOL-24,WARD NO-135, BOROUGH- XV, KOLKATA  MUNICIPAL CORPORATION, Kolkata, West Bengal - 700024",90.68,pin_700024,,,False,False
22821047000240,22821047000260,"J-205,PAHARPUR ROAD,KOLKATA-700024,WARD NO-133, BOROUGH- XV, KOLKATA  MUNICIPAL CORPORATION, Kolkata, West Bengal - 700024","I-72,RAMESHWAR PUR ROAD,KOLKATA-700024,WARD NO-135, BOROUGH- XV, KOLKATA  MUNICIPAL CORPORATION, Kolkata, West Bengal - 700024",91.87,pin_700024,,,False,False
22821047000240,22822047000161,"J-205,PAHARPUR ROAD,KOLKATA-700024,WARD NO-133, BOROUGH- XV, KOLKATA  MUNICIPAL CORPORATION, Kolkata, West Bengal - 700024","H-28,GARDEN REACH ROAD,KOLKATA-700024,WARD NO-135, BOROUGH- XV, KOLKATA  MUNICIPAL CORPORATION, Kolkata, West Bengal - 700024",90.61,pin_700024,,,False,False
22821047000240,22822047000103,"J-205,PAHARPUR ROAD,KOLKATA-700024,WARD NO-133, BOROUGH- XV, KOLKATA  MUNICIPAL CORPORATION, Kolkata, West Bengal - 700024","J-407,FATHEPUR VILLAGE ROAD,KOLKATA-700024,WARD NO-133, BOROUGH- XV, KOLKATA  MUNICIPAL CORPORATION, Kolkata, West Bengal - 700024",92.8,pin_700024,,,False,False
22821047000242,22821047000250,"Q-365/A,MUDIALI ROAD,KOLKATA-700024,WARD NO-136, BOROUGH- XV, KOLKATA  MUNICIPAL CORPORATION, Kolkata, West Bengal - 700002","Q-452/9B,SANTOSHPUR ROAD,KOLKATA-700024,WARD NO-136, BOROUGH- XV, KOLKATA  MUNICIPAL CORPORATION, Kolkata, West Bengal - 700024",90.32,pin_700024,,,False,False
22821047000242,22822047000164,"Q-365/A,MUDIALI ROAD,KOLKATA-700024,WARD NO-136, BOROUGH- XV, KOLKATA  MUNICIPAL CORPORATION, Kolkata, West Bengal - 700002","Q-232,MUDIALY ROAD,KOLKATA-700024,WARD NO-136, BOROUGH- XV, KOLKATA  MUNICIPAL CORPORATION, Kolkata, West Bengal - 700024",95.87,pin_700024,,,False,False
22821047000242,22823047000107,"Q-365/A,MUDIALI ROAD,KOLKATA-700024,WARD NO-136, BOROUGH- XV, KOLKATA  MUNICIPAL CORPORATION, Kolkata, West Bengal - 700002","Q-330,MUDIALY ROAD,KOLKATA-700024,WARD NO-136, BOROUGH- XV, KOLKATA  MUNICIPAL CORPORATION, Kolkata, West Bengal - 700024",95.87,pin_700024,,,False,False
22821047000242,22822047000012,"Q-365/A,MUDIALI ROAD,KOLKATA-700024,WARD NO-136, BOROUGH- XV, KOLKATA  MUNICIPAL CORPORATION, Kolkata, West Bengal - 700002","Q-374/A,MUDIALY ROAD,KOLKATA-700024,WARD NO-136, BOROUGH- XV, KOLKATA  MUNICIPAL CORPORATION, Kolkata, West Bengal - 700024",96.72,pin_700024,,,False,False
22821047000242,22823047000123,"Q-365/A,MUDIALI ROAD,KOLKATA-700024,WARD NO-136, BOROUGH- XV, KOLKATA  MUNICIPAL CORPORATION, Kolkata, West Bengal - 700002","Q-366/A, MUDIALY ROAD,KOLKATA-700024, WARD NO-136, BOROUGH- XV, KOLKATA  MUNICIPAL CORPORATION, Kolkata, West Bengal - 700024",91.87,pin_700024,,,False,False
22821047000242,22821047000288,"Q-365/A,MUDIALI ROAD,KOLKATA-700024,WARD NO-136, BOROUGH- XV, KOLKATA  MUNICIPAL CORPORATION, Kolkata, West Bengal - 700002","R-165/A,S.A.FAROOQUIE ROAD,KOLKATA-700024,WARD NO-137, BOROUGH- XV, KOLKATA  MUNICIPAL CORPORATION, Kolkata, West Bengal - 700024",90.4,pin_700024,,,False,False
22821047000242,22819047000145,"Q-365/A,MUDIALI ROAD,KOLKATA-700024,WARD NO-136, BOROUGH- XV, KOLKATA  MUNICIPAL CORPORATION, Kolkata, West Bengal - 700002","P-152/C,MUDIALY ROAD,KOL-24,WARD NO-135, BOROUGH- XV, KOLKATA  MUNICIPAL CORPORATION, Kolkata, West Bengal - 700024",90.68,pin_700024,,,False,False
22821047000268,22825047000089,"Q 78/1  S.A. FAROOQUIE ROAD, BOROUGH- XV, KOLKATA  MUNICIPAL CORPORATION, Kolkata, West Bengal - 700024","Q 570 S A FAROOQUE ROAD, BOROUGH- XV, KOLKATA  MUNICIPAL CORPORATION, Kolkata, West Bengal - 700024",93.47,pin_700024,,,False,False
22821047000277,22823047000111,"J 98 RAMNAGAR LANE, BOROUGH- XV, KOLKATA  MUNICIPAL CORPORATION, Kolkata, West Bengal - 700024","G 206 RAM NAGAR LANE, BOROUGH- XV, KOLKATA  MUNICIPAL CORPORATION, Kolkata, West Bengal - 700024",91.49,pin_700024,,,False,False
22821047000277,22824047000162,"J 98 RAMNAGAR LANE, BOROUGH- XV, KOLKATA  MUNICIPAL CORPORATION, Kolkata, West Bengal - 700024","G-326 ALIF NAGAR LANE , BOROUGH- XV, KOLKATA  MUNICIPAL CORPORATION, Kolkata, West Bengal - 700024",90.53,pin_700024,,,False,False
22821047000282,22825047000048,"I-118, PAHARPUR ROAD WARD NO-135, BOROUGH- XV, KOLKATA  MUNICIPAL CORPORATION, Kolkata, West Bengal - 700024","N-5,PAHARUR ROAD, WARD NO-133, BOROUGH- XV, KOLKATA  MUNICIPAL CORPORATION, Kolkata, West Bengal - 700024",90.05,pin_700024,,,False,False
22821047000282,22824047000180,"I-118, PAHARPUR ROAD WARD NO-135, BOROUGH- XV, KOLKATA  MUNICIPAL CORPORATION, Kolkata, West Bengal - 700024","P-228,RAMESHWARPUR ROAD, WARD NO-135, BOROUGH- XV, KOLKATA  MUNICIPAL CORPORATION, Kolkata, West Bengal - 700024",91.74,pin_700024,,,False,False
22821047000295,22821047000058,"P 210, RAMESWARPUR ROAD, BOROUGH- XV, KOLKATA  MUNICIPAL CORPORATION, Kolkata, West Bengal - 700024","J-213, PAHARPUR ROAD, BOROUGH- XV, KOLKATA  MUNICIPAL CORPORATION, Kolkata, West Bengal - 700024",90.16,pin_700024,,,False,False
22821047000295,22821047000300,"P 210, RAMESWARPUR ROAD, BOROUGH- XV, KOLKATA  MUNICIPAL CORPORATION, Kolkata, West Bengal - 700024","I- 220C, RAMESHWARPUR ROAD, BOROUGH- XV, KOLKATA  MUNICIPAL CORPORATION, Kolkata, West Bengal - 700024",95.48,pin_700024,,,False,False
22821047000295,22824047000129,"P 210, RAMESWARPUR ROAD, BOROUGH- XV, KOLKATA  MUNICIPAL CORPORATION, Kolkata, West Bengal - 700024","I 207 PAHAR PUR ROAD, BOROUGH- XV, KOLKATA  MUNICIPAL CORPORATION, Kolkata, West Bengal - 700024",93.26,pin_700024,,,False,False
22821047000295,22824047000196,"P 210, RAMESWARPUR ROAD, BOROUGH- XV, KOLKATA  MUNICIPAL CORPORATION, Kolkata, West Bengal - 700024","I-61 RAMESHWARPUR ROAD, BOROUGH- XV, KOLKATA  MUNICIPAL CORPORATION, Kolkata, West Bengal - 700024",93.33,pin_700024,,,False,False
22821047000295,22824047000199,"P 210, RAMESWARPUR ROAD, BOROUGH- XV, KOLKATA  MUNICIPAL CORPORATION, Kolkata, West Bengal - 700024","J-529 PAHARPUR ROAD, BOROUGH- XV, KOLKATA  MUNICIPAL CORPORATION, Kolkata, West Bengal - 700024",90.62,pin_700024,,,False,False
22821047000295,22825047000097,"P 210, RAMESWARPUR ROAD, BOROUGH- XV, KOLKATA  MUNICIPAL CORPORATION, Kolkata, West Bengal - 700024","N-72 PAHARPUR ROAD, BOROUGH- XV, KOLKATA  MUNICIPAL CORPORATION, Kolkata, West Bengal - 700024",91.1,pin_700024,,,False,False
22821047000295,22825047000113,"P 210, RAMESWARPUR ROAD, BOROUGH- XV, KOLKATA  MUNICIPAL CORPORATION, Kolkata, West Bengal - 700024","I-67, RAMESHWARPUR ROAD, BOROUGH- XV, KOLKATA  MUNICIPAL CORPORATION, Kolkata, West Bengal - 700024",92.86,pin_700024,,,False,False
22821047000295,22825047000189,"P 210, RAMESWARPUR ROAD, BOROUGH- XV, KOLKATA  MUNICIPAL CORPORATION, Kolkata, West Bengal - 700024","H 71 PAHARPUR ROAD, BOROUGH- XV, KOLKATA  MUNICIPAL CORPORATION, Kolkata, West Bengal - 700024",91.1,pin_700024,,,False,False
22821047000295,22826047000022,"P 210, RAMESWARPUR ROAD, BOROUGH- XV, KOLKATA  MUNICIPAL CORPORATION, Kolkata, West Bengal - 700024","N-138, PAHARPUR ROAD, BOROUGH- XV, KOLKATA  MUNICIPAL CORPORATION, Kolkata, West Bengal - 700024",90.16,pin_700024,,,False,False
22821047000295,22823047000008,"P 210, RAMESWARPUR ROAD, BOROUGH- XV, KOLKATA  MUNICIPAL CORPORATION, Kolkata, West Bengal - 700024","H-40 PAHARPUR ROAD, BOROUGH- XV, KOLKATA  MUNICIPAL CORPORATION, Kolkata, West Bengal - 700024",91.1,pin_700024,,,False,False
22821047000295,22818019003842,"P 210, RAMESWARPUR ROAD, BOROUGH- XV, KOLKATA  MUNICIPAL CORPORATION, Kolkata, West Bengal - 700024","J-296, PAHARPUR ROAD, BOROUGH- XV, KOLKATA  MUNICIPAL CORPORATION, Kolkata, West Bengal - 700024",90.16,pin_700024,,,False,False
22821047000296,22822047000028,"Q-87,SHIMPUKUR LANE,KOLKATA-700024,WARD NO-136, BOROUGH- XV, KOLKATA  MUNICIPAL CORPORATION, Kolkata, West Bengal - 700024","O-136,FATHEPUR 2ND LANE,KOLKATA-700024,WARD NO-136, BOROUGH- XV, KOLKATA  MUNICIPAL CORPORATION, Kolkata, West Bengal - 700024",91.87,pin_700024,,,False,False
22821047000296,22823047000091,"Q-87,SHIMPUKUR LANE,KOLKATA-700024,WARD NO-136, BOROUGH- XV, KOLKATA  MUNICIPAL CORPORATION, Kolkata, West Bengal - 700024","O-33,FATHEPUR 1ST LANE,KOLKATA700024,WARD NO-136, BOROUGH- XV, KOLKATA  MUNICIPAL CORPORATION, Kolkata, West Bengal - 700024",91.8,pin_700024,,,False,False
22822047000005,22821047000152,"Q-562/A S.A FAROOQUIE ROAD KOLKATA-700024, WARD-139, BOROUGH- XV, KOLKATA  MUNICIPAL CORPORATION, Kolkata, West Bengal - 700024","Q-606/2, SLAUGHTER HOUSE ROAD KOLKATA-700024, WARD-139, BOROUGH- XV, KOLKATA  MUNICIPAL CORPORATION, Kolkata, West Bengal - 700024",90.98,pin_700024,,,False,False
22822047000005,12820019001394,"Q-562/A S.A FAROOQUIE ROAD KOLKATA-700024, WARD-139, BOROUGH- XV, KOLKATA  MUNICIPAL CORPORATION, Kolkata, West Bengal - 700024","Q-562/A, S.A FAROOQUE ROAD KOLKATA-700024, WARD-139, BOROUGH-XV, KOLKATA  MUNICIPAL CORPORATION, Kolkata, West Bengal - 700024",96.41,pin_700024,,,False,False
22821047000058,22821047000300,"J-213, PAHARPUR ROAD, BOROUGH- XV, KOLKATA  MUNICIPAL CORPORATION, Kolkata, West Bengal - 700024","I- 220C, RAMESHWARPUR ROAD, BOROUGH- XV, KOLKATA  MUNICIPAL CORPORATION, Kolkata, West Bengal - 700024",90.82,pin_700024,,,False,False
22821047000058,22824047000129,"J-213, PAHARPUR ROAD, BOROUGH- XV, KOLKATA  MUNICIPAL CORPORATION, Kolkata, West Bengal - 700024","I 207 PAHAR PUR ROAD, BOROUGH- XV, KOLKATA  MUNICIPAL CORPORATION, Kolkata, West Bengal - 700024",93.68,pin_700024,,,False,False
22821047000058,22824047000196,"J-213, PAHARPUR ROAD, BOROUGH- XV, KOLKATA  MUNICIPAL CORPORATION, Kolkata, West Bengal - 700024","I-61 RAMESHWARPUR ROAD, BOROUGH- XV, KOLKATA  MUNICIPAL CORPORATION, Kolkata, West Bengal - 700024",93.75,pin_700024,,,False,False
22821047000058,22825047000113,"J-213, PAHARPUR ROAD, BOROUGH- XV, KOLKATA  MUNICIPAL CORPORATION, Kolkata, West Bengal - 700024","I-67, RAMESHWARPUR ROAD, BOROUGH- XV, KOLKATA  MUNICIPAL CORPORATION, Kolkata, West Bengal - 700024",93.26,pin_700024,,,False,False
22821047000058,22820047000084,"J-213, PAHARPUR ROAD, BOROUGH- XV, KOLKATA  MUNICIPAL CORPORATION, Kolkata, West Bengal - 700024","I-62 RAMESHWARPUR ROAD, KOL-24, BOROUGH- XV, KOLKATA  MUNICIPAL CORPORATION, Kolkata, West Bengal - 700024",91.0,pin_700024,,,False,False
22821047000058,22820047000088,"J-213, PAHARPUR ROAD, BOROUGH- XV, KOLKATA  MUNICIPAL CORPORATION, Kolkata, West Bengal - 700024","P-248 RAMESWARPUR ROAD, KOL-24, BOROUGH- XV, KOLKATA  MUNICIPAL CORPORATION, Kolkata, West Bengal - 700024",91.0,pin_700024,,,False,False
22821047000058,22823047000031,"J-213, PAHARPUR ROAD, BOROUGH- XV, KOLKATA  MUNICIPAL CORPORATION, Kolkata, West Bengal - 700024","M 82/A PAHAR PUR ROAD, BOROUGH- XV, KOLKATA  MUNICIPAL CORPORATION, Kolkata, West Bengal - 700024",92.15,pin_700024,,,False,False
22821047000123,22819047000070,"J-296,PAHARPIR ROAD,KOL-24,WARD NO-133, BOROUGH- XV, KOLKATA  MUNICIPAL CORPORATION, Kolkata, West Bengal - 700024","J-529,PAHARPUR ROAD,KOL-24,WARD NO-134, BOROUGH- XV, KOLKATA  MUNICIPAL CORPORATION, Kolkata, West Bengal - 700024",97.35,pin_700024,,,False,False
22821047000123,22821047000160,"J-296,PAHARPIR ROAD,KOL-24,WARD NO-133, BOROUGH- XV, KOLKATA  MUNICIPAL CORPORATION, Kolkata, West Bengal - 700024","J-474/C,PAHARPUR ROAD,KOLKATA-700024,WARD NO-134, BOROUGH- XV, KOLKATA  MUNICIPAL CORPORATION, Kolkata, West Bengal - 700024",91.53,pin_700024,,,False,False
22821047000123,22821047000118,"J-296,PAHARPIR ROAD,KOL-24,WARD NO-133, BOROUGH- XV, KOLKATA  MUNICIPAL CORPORATION, Kolkata, West Bengal - 700024","I-72,RAMESWARPUR ROAD,KOL-24,WARD NO-135, BOROUGH- XV, KOLKATA  MUNICIPAL CORPORATION, Kolkata, West Bengal - 700024",92.98,pin_700024,,,False,False
22821047000123,22822047000126,"J-296,PAHARPIR ROAD,KOL-24,WARD NO-133, BOROUGH- XV, KOLKATA  MUNICIPAL CORPORATION, Kolkata, West Bengal - 700024","J-268/2,PAHARPUR ROAD,KOLKATA-700024,WARD NO-133, BOROUGH- XV, KOLKATA  MUNICIPAL CORPORATION, Kolkata, West Bengal - 700024",94.07,pin_700024,,,False,False
22821047000123,22820047000163,"J-296,PAHARPIR ROAD,KOL-24,WARD NO-133, BOROUGH- XV, KOLKATA  MUNICIPAL CORPORATION, Kolkata, West Bengal - 700024","H-55,PAHARPUR ROAD,WARD NO-135, BOROUGH- XV, KOLKATA  MUNICIPAL CORPORATION, Kolkata, West Bengal - 700024",91.74,pin_700024,,,False,False
22821047000123,22824047000002,"J-296,PAHARPIR ROAD,KOL-24,WARD NO-133, BOROUGH- XV, KOLKATA  MUNICIPAL CORPORATION, Kolkata, West Bengal - 700024","I-217,PAHARPUR ROAD,KOLKATA-700024,WARD NO-135, BOROUGH- XV, KOLKATA  MUNICIPAL CORPORATION, Kolkata, West Bengal - 700024",92.31,pin_700024,,,False,False
22821047000123,22821047000143,"J-296,PAHARPIR ROAD,KOL-24,WARD NO-133, BOROUGH- XV, KOLKATA  MUNICIPAL CORPORATION, Kolkata, West Bengal - 700024","H-91,PAHARPUR ROAD,KOL-24,WARD NO-133, BOROUGH- XV, KOLKATA  MUNICIPAL CORPORATION, Kolkata, West Bengal - 700024",96.89,pin_700024,,,False,False
22821047000123,22825047000026,"J-296,PAHARPIR ROAD,KOL-24,WARD NO-133, BOROUGH- XV, KOLKATA  MUNICIPAL CORPORATION, Kolkata, West Bengal - 700024","J-359/1,PAHARPUR ROAD,WARD NO-133, BOROUGH- XV, KOLKATA  MUNICIPAL CORPORATION, Kolkata, West Bengal - 700024",93.21,pin_700024,,,False,False
22821047000123,22821047000121,"J-296,PAHARPIR ROAD,KOL-24,WARD NO-133, BOROUGH- XV, KOLKATA  MUNICIPAL CORPORATION, Kolkata, West Bengal - 700024","J-268/2,PAHARPUR ROAD,KOL-24,WARD NO-133, BOROUGH- XV, KOLKATA  MUNICIPAL CORPORATION, Kolkata, West Bengal - 700024",97.37,pin_700024,,,False,False
22821047000123,22821047000112,"J-296,PAHARPIR ROAD,KOL-24,WARD NO-133, BOROUGH- XV, KOLKATA  MUNICIPAL CORPORATION, Kolkata, West Bengal - 700024","I-183/A,PAHARPUR ROAD,KOL-24,WARD NO-135, BOROUGH- XV, KOLKATA  MUNICIPAL CORPORATION, Kolkata, West Bengal - 700024",93.86,pin_700024,,,False,False
22821047000123,22822047000109,"J-296,PAHARPIR ROAD,KOL-24,WARD NO-133, BOROUGH- XV, KOLKATA  MUNICIPAL CORPORATION, Kolkata, West Bengal - 700024","J-491,PAHARPUR ROAD,KOLKATA-700024,WARD NO-134, BOROUGH- XV, KOLKATA  MUNICIPAL CORPORATION, Kolkata, West Bengal - 700024",93.16,pin_700024,,,False,False
22821047000123,22821047000166,"J-296,PAHARPIR ROAD,KOL-24,WARD NO-133, BOROUGH- XV, KOLKATA  MUNICIPAL CORPORATION, Kolkata, West Bengal - 700024","J-223,PAHARPUR ROAD,KOL-700024,WARD NO-133, BOROUGH- XV, KOLKATA  MUNICIPAL CORPORATION, Kolkata, West Bengal - 700024",95.65,pin_700024,,,False,False
22821047000123,22825047000083,"J-296,PAHARPIR ROAD,KOL-24,WARD NO-133, BOROUGH- XV, KOLKATA  MUNICIPAL CORPORATION, Kolkata, West Bengal - 700024","J-296,PAHARPUR ROAD,WARD NO-133, BOROUGH- XV, KOLKATA  MUNICIPAL CORPORATION, Kolkata, West Bengal - 700024",95.89,pin_700024,,,False,False
22821047000123,12821019002060,"J-296,PAHARPIR ROAD,KOL-24,WARD NO-133, BOROUGH- XV, KOLKATA  MUNICIPAL CORPORATION, Kolkata, West Bengal - 700024","J-179,PAHARPUR ROAD,KOL-24, WARD NO-133, KOLKATA  MUNICIPAL CORPORATION, Kolkata, West Bengal - 700024",90.65,pin_700024,,,False,False
22822047000050,22823047000091,"P-169,MUDIALY 1ST LANE,KOLKATA-700024,WARD NO-135, BOROUGH- XV, KOLKATA  MUNICIPAL CORPORATION, Kolkata, West Bengal - 700024","O-33,FATHEPUR 1ST LANE,KOLKATA700024,WARD NO-136, BOROUGH- XV, KOLKATA  MUNICIPAL CORPORATION, Kolkata, West Bengal - 700024",90.69,pin_700024,,,False,False
22819047000070,22821047000118,"J-529,PAHARPUR ROAD,KOL-24,WARD NO-134, BOROUGH- XV, KOLKATA  MUNICIPAL CORPORATION, Kolkata, West Bengal - 700024","I-72,RAMESWARPUR ROAD,KOL-24,WARD NO-135, BOROUGH- XV, KOLKATA  MUNICIPAL CORPORATION, Kolkata, West Bengal - 700024",93.86,pin_700024,,,False,False
22821047000160,22825047000114,"J-474/C,PAHARPUR ROAD,KOLKATA-700024,WARD NO-134, BOROUGH- XV, KOLKATA  MUNICIPAL CORPORATION, Kolkata, West Bengal - 700024","F-87,GARDEN REACH ROAD,KOLKATA-700024, WARD NO-134, BOROUGH- XV, KOLKATA  MUNICIPAL CORPORATION, Kolkata, West Bengal - 700024",90.32,pin_700024,,,False,False
22821047000160,22821047000260,"J-474/C,PAHARPUR ROAD,KOLKATA-700024,WARD NO-134, BOROUGH- XV, KOLKATA  MUNICIPAL CORPORATION, Kolkata, West Bengal - 700024","I-72,RAMESHWAR PUR ROAD,KOLKATA-700024,WARD NO-135, BOROUGH- XV, KOLKATA  MUNICIPAL CORPORATION, Kolkata, West Bengal - 700024",91.13,pin_700024,,,False,False
22821047000160,22822047000103,"J-474/C,PAHARPUR ROAD,KOLKATA-700024,WARD NO-134, BOROUGH- XV, KOLKATA  MUNICIPAL CORPORATION, Kolkata, West Bengal - 700024","J-407,FATHEPUR VILLAGE ROAD,KOLKATA-700024,WARD NO-133, BOROUGH- XV, KOLKATA  MUNICIPAL CORPORATION, Kolkata, West Bengal - 700024",92.06,pin_700024,,,False,False
22822047000079,22822047000061,"B-73,BICHALI GHAT LANE,KOLKATA-700024,WARD NO-135, BOROUGH- XV, KOLKATA  MUNICIPAL CORPORATION, Kolkata, West Bengal - 700024","G-1,SHYAMLAL LANE,KOLKATA-700024,WARD NO-135, BOROUGH- XV, KOLKATA  MUNICIPAL CORPORATION, Kolkata, West Bengal - 700024",90.53,pin_700024,,,False,False
22822047000079,22823047000069,"B-73,BICHALI GHAT LANE,KOLKATA-700024,WARD NO-135, BOROUGH- XV, KOLKATA  MUNICIPAL CORPORATION, Kolkata, West Bengal - 700024","G-85, BATIKAL 1ST LANE,KOLKATA-700024,WARD NO-134, BOROUGH- XV, KOLKATA  MUNICIPAL CORPORATION, Kolkata, West Bengal - 700024",90.32,pin_700024,,,False,False
22821047000169,22821047000016,"P-213/2, RAMSWARPUR ROAD WARD-135 KOLKATA-700024, BOROUGH- XV, KOLKATA  MUNICIPAL CORPORATION, Kolkata, West Bengal - 700024","M-27 PAHARPUR ROAD KOLKATA-700024, WARD-133, BOROUGH- XV, KOLKATA  MUNICIPAL CORPORATION, Kolkata, West Bengal - 700024",91.29,pin_700024,,,False,False
22821047000169,22823047000087,"P-213/2, RAMSWARPUR ROAD WARD-135 KOLKATA-700024, BOROUGH- XV, KOLKATA  MUNICIPAL CORPORATION, Kolkata, West Bengal - 700024","N-110, PAHARPUR ROAD KOLKATA-700024, WARD-133, BOROUGH- XV, KOLKATA  MUNICIPAL CORPORATION, Kolkata, West Bengal - 700024",93.0,pin_700024,,,False,False
22821047000169,22821047000097,"P-213/2, RAMSWARPUR ROAD WARD-135 KOLKATA-700024, BOROUGH- XV, KOLKATA  MUNICIPAL CORPORATION, Kolkata, West Bengal - 700024","J-217, PAHARPUR ROAD KOLKATA-700024, WARD-133, BOROUGH- XV, KOLKATA  MUNICIPAL CORPORATION, Kolkata, West Bengal - 700024",90.53,pin_700024,,,False,False
22821047000169,22818019007452,"P-213/2, RAMSWARPUR ROAD WARD-135 KOLKATA-700024, BOROUGH- XV, KOLKATA  MUNICIPAL CORPORATION, Kolkata, West Bengal - 700024","M-96, PAHARPUR ROAD, KOLKATA-700024, WARD NO-133, BOROUGH- XV, KOLKATA  MUNICIPAL CORPORATION, Kolkata, West Bengal - 700024",90.24,pin_700024,,,False,False
22821047000169,22822047000169,"P-213/2, RAMSWARPUR ROAD WARD-135 KOLKATA-700024, BOROUGH- XV, KOLKATA  MUNICIPAL CORPORATION, Kolkata, West Bengal - 700024","N-12, PAHARPUR ROAD, KOLKATA-700024, BOROUGH- XV, KOLKATA  MUNICIPAL CORPORATION, Kolkata, West Bengal - 700024",90.99,pin_700024,,,False,False
22821047000169,12818019003239,"P-213/2, RAMSWARPUR ROAD WARD-135 KOLKATA-700024, BOROUGH- XV, KOLKATA  MUNICIPAL CORPORATION, Kolkata, West Bengal - 700024","M-87, PAHARPUR ROAD, KOLKATA-700024, WARD NO-133, BOROUGH- XV, KOLKATA  MUNICIPAL CORPORATION, Kolkata, West Bengal - 700024",90.24,pin_700024,,,False,False
22821047000204,22821047000140,"R-148/2/G,KARBALA LANE,KOL-24,WARD NO-137, BOROUGH- XV, KOLKATA  MUNICIPAL CORPORATION, Kolkata, West Bengal - 700024","P-99,TIKIA PARA LANE,KOL-24,WARD NO-135, BOROUGH- XV, KOLKATA  MUNICIPAL CORPORATION, Kolkata, West Bengal - 700024",90.43,pin_700024,,,False,False
22822047000121,22822047000072,"N-205/1/A, MUDIALY ROAD.KOLKATA-700024,WARD NO-133, BOROUGH- XV, KOLKATA  MUNICIPAL CORPORATION, Kolkata, West Bengal - 700024","N-20,PAHARPUR ROAD,KOLKATA-700024,WARD NO-133, BOROUGH- XV, KOLKATA  MUNICIPAL CORPORATION, Kolkata, West Bengal - 700024",90.61,pin_700024,,,False,False
22821047000216,22825047000048,"N-130,PAHARPUR ROAD,KOL-24,WARD NO-133, BOROUGH- XV, KOLKATA  MUNICIPAL CORPORATION, Kolkata, West Bengal - 700024","N-5,PAHARUR ROAD, WARD NO-133, BOROUGH- XV, KOLKATA  MUNICIPAL CORPORATION, Kolkata, West Bengal - 700024",94.01,pin_700024,,,False,False
22821047000250,22822047000164,"Q-452/9B,SANTOSHPUR ROAD,KOLKATA-700024,WARD NO-136, BOROUGH- XV, KOLKATA  MUNICIPAL CORPORATION, Kolkata, West Bengal - 700024","Q-232,MUDIALY ROAD,KOLKATA-700024,WARD NO-136, BOROUGH- XV, KOLKATA  MUNICIPAL CORPORATION, Kolkata, West Bengal - 700024",91.06,pin_700024,,,False,False
22821047000250,22823047000107,"Q-452/9B,SANTOSHPUR ROAD,KOLKATA-700024,WARD NO-136, BOROUGH- XV, KOLKATA  MUNICIPAL CORPORATION, Kolkata, West Bengal - 700024","Q-330,MUDIALY ROAD,KOLKATA-700024,WARD NO-136, BOROUGH- XV, KOLKATA  MUNICIPAL CORPORATION, Kolkata, West Bengal - 700024",90.24,pin_700024,,,False,False
22821047000250,22822047000012,"Q-452/9B,SANTOSHPUR ROAD,KOLKATA-700024,WARD NO-136, BOROUGH- XV, KOLKATA  MUNICIPAL CORPORATION, Kolkata, West Bengal - 700024","Q-374/A,MUDIALY ROAD,KOLKATA-700024,WARD NO-136, BOROUGH- XV, KOLKATA  MUNICIPAL CORPORATION, Kolkata, West Bengal - 700024",91.13,pin_700024,,,False,False
22821047000250,22818047000082,"Q-452/9B,SANTOSHPUR ROAD,KOLKATA-700024,WARD NO-136, BOROUGH- XV, KOLKATA  MUNICIPAL CORPORATION, Kolkata, West Bengal - 700024","P-252, RAMESHWARPUR ROAD,KOLKATA-700024, WARD NO-135, BOROUGH- XV, KOLKATA  MUNICIPAL CORPORATION, Kolkata, West Bengal - 700024",91.7,pin_700024,,,False,False
22821047000250,22823047000096,"Q-452/9B,SANTOSHPUR ROAD,KOLKATA-700024,WARD NO-136, BOROUGH- XV, KOLKATA  MUNICIPAL CORPORATION, Kolkata, West Bengal - 700024","P-261, RAMESHWARPUR ROAD,KOLKATA-700024,WARD NO-135, BOROUGH- XV, KOLKATA  MUNICIPAL CORPORATION, Kolkata, West Bengal - 700024",91.27,pin_700024,,,False,False
22820047000145,22825047000048,"N-72,PAHARPUR ROAD, KOL-24,WARD NO-133, BOROUGH- XV, KOLKATA  MUNICIPAL CORPORATION, Kolkata, West Bengal - 700024","N-5,PAHARUR ROAD, WARD NO-133, BOROUGH- XV, KOLKATA  MUNICIPAL CORPORATION, Kolkata, West Bengal - 700024",90.32,pin_700024,,,False,False
22821047000262,22822047000060,"R-46, GARDEN REACH ROAD,KOLKATA-700024,WARD NO-137,, BOROUGH- XV, KOLKATA  MUNICIPAL CORPORATION, Kolkata, West Bengal - 700024","R-153,S.A. FAROOQUIE ROAD,KOLKATA-700024,WARD NO-137, BOROUGH- XV, KOLKATA  MUNICIPAL CORPORATION, Kolkata, West Bengal - 700024",90.91,pin_700024,,,False,False
22821047000262,22822047000033,"R-46, GARDEN REACH ROAD,KOLKATA-700024,WARD NO-137,, BOROUGH- XV, KOLKATA  MUNICIPAL CORPORATION, Kolkata, West Bengal - 700024","R-141,S.A. FAROOQUIE ROAD,KOLKATA-700024,WARD NO-134, BOROUGH- XV, KOLKATA  MUNICIPAL CORPORATION, Kolkata, West Bengal - 700024",90.91,pin_700024,,,False,False
22822047000164,22818047000082,"Q-232,MUDIALY ROAD,KOLKATA-700024,WARD NO-136, BOROUGH- XV, KOLKATA  MUNICIPAL CORPORATION, Kolkata, West Bengal - 700024","P-252, RAMESHWARPUR ROAD,KOLKATA-700024, WARD NO-135, BOROUGH- XV, KOLKATA  MUNICIPAL CORPORATION, Kolkata, West Bengal - 700024",90.69,pin_700024,,,False,False
22822047000164,22823047000096,"Q-232,MUDIALY ROAD,KOLKATA-700024,WARD NO-136, BOROUGH- XV, KOLKATA  MUNICIPAL CORPORATION, Kolkata, West Bengal - 700024","P-261, RAMESHWARPUR ROAD,KOLKATA-700024,WARD NO-135, BOROUGH- XV, KOLKATA  MUNICIPAL CORPORATION, Kolkata, West Bengal - 700024",90.24,pin_700024,,,False,False
22821047000247,22822047000061,"G-151/A,DHANKSHETI LANE,KOLKATA-700024,WARD NO-134, BOROUGH- XV, KOLKATA  MUNICIPAL CORPORATION, Kolkata, West Bengal - 700024","G-1,SHYAMLAL LANE,KOLKATA-700024,WARD NO-135, BOROUGH- XV, KOLKATA  MUNICIPAL CORPORATION, Kolkata, West Bengal - 700024",91.8,pin_700024,,,False,False
22821047000247,22823047000095,"G-151/A,DHANKSHETI LANE,KOLKATA-700024,WARD NO-134, BOROUGH- XV, KOLKATA  MUNICIPAL CORPORATION, Kolkata, West Bengal - 700024","G-196,SHYAMLAL LANE,KOLKATA-700024,WARD NO-135, BOROUGH- XV, KOLKATA  MUNICIPAL CORPORATION, Kolkata, West Bengal - 700024",91.06,pin_700024,,,False,False
22822047000009,22823047000097,"I-72, RAMESHWARPUR ROAD,KOLKATA-700024, BOROUGH- XV, KOLKATA  MUNICIPAL CORPORATION, Kolkata, West Bengal - 700024","I-63, RAMESWARPUR ROAD,KOLKATA-700024,WARD NO-135, BOROUGH- XV, KOLKATA  MUNICIPAL CORPORATION, Kolkata, West Bengal - 700024",92.83,pin_700024,,,False,False
22822047000009,22824047000158,"I-72, RAMESHWARPUR ROAD,KOLKATA-700024, BOROUGH- XV, KOLKATA  MUNICIPAL CORPORATION, Kolkata, West Bengal - 700024","I-219,GARDEN REACH ROAD,KOLKATA-700024, BOROUGH- XV, KOLKATA  MUNICIPAL CORPORATION, Kolkata, West Bengal - 700024",91.15,pin_700024,,,False,False
22820047000008,22818047000010,"I-17/1,GARDEN REACH ROAD,KOLKATA-700024.WARD NO-135,BOROUGH-XV, BOROUGH- XV, KOLKATA  MUNICIPAL CORPORATION, Kolkata, West Bengal - 700024","J-175,PAHARPUR ROAD,KOLKATA-700024.WARD NO:133,BOROUGH-XV, BOROUGH- XV, KOLKATA  MUNICIPAL CORPORATION, Kolkata, West Bengal - 700024",90.71,pin_700024,,,False,False
22821047000016,22820047000137,"M-27 PAHARPUR ROAD KOLKATA-700024, WARD-133, BOROUGH- XV, KOLKATA  MUNICIPAL CORPORATION, Kolkata, West Bengal - 700024","Q-1, MUDIALY ROAD KOLKATA-700024, WARD-136, BOROUGH- XV, KOLKATA  MUNICIPAL CORPORATION, Kolkata, West Bengal - 700024",90.21,pin_700024,,,False,False
22822047000028,22823047000023,"O-136,FATHEPUR 2ND LANE,KOLKATA-700024,WARD NO-136, BOROUGH- XV, KOLKATA  MUNICIPAL CORPORATION, Kolkata, West Bengal - 700024","Q-124/B, SHIMPUKUR LANE,KOLKATA-700024,WARD NO-136, BOROUGH- XV, KOLKATA  MUNICIPAL CORPORATION, Kolkata, West Bengal - 700024",91.2,pin_700024,,,False,False
22823047000023,22823047000091,"Q-124/B, SHIMPUKUR LANE,KOLKATA-700024,WARD NO-136, BOROUGH- XV, KOLKATA  MUNICIPAL CORPORATION, Kolkata, West Bengal - 700024","O-33,FATHEPUR 1ST LANE,KOLKATA700024,WARD NO-136, BOROUGH- XV, KOLKATA  MUNICIPAL CORPORATION, Kolkata, West Bengal - 700024",90.32,pin_700024,,,False,False
22821047000103,22824047000129,"H-63/1/64, PAHARPUR ROAD, BOROUGH- XV, KOLKATA  MUNICIPAL CORPORATION, Kolkata, West Bengal - 700024","I 207 PAHAR PUR ROAD, BOROUGH- XV, KOLKATA  MUNICIPAL CORPORATION, Kolkata, West Bengal - 700024",91.75,pin_700024,,,False,False
22821047000103,22824047000196,"H-63/1/64, PAHARPUR ROAD, BOROUGH- XV, KOLKATA  MUNICIPAL CORPORATION, Kolkata, West Bengal - 700024","I-61 RAMESHWARPUR ROAD, BOROUGH- XV, KOLKATA  MUNICIPAL CORPORATION, Kolkata, West Bengal - 700024",92.86,pin_700024,,,False,False
22821047000103,22825047000113,"H-63/1/64, PAHARPUR ROAD, BOROUGH- XV, KOLKATA  MUNICIPAL CORPORATION, Kolkata, West Bengal - 700024","I-67, RAMESHWARPUR ROAD, BOROUGH- XV, KOLKATA  MUNICIPAL CORPORATION, Kolkata, West Bengal - 700024",92.39,pin_700024,,,False,False
22821047000103,22820047000084,"H-63/1/64, PAHARPUR ROAD, BOROUGH- XV, KOLKATA  MUNICIPAL CORPORATION, Kolkata, West Bengal - 700024","I-62 RAMESHWARPUR ROAD, KOL-24, BOROUGH- XV, KOLKATA  MUNICIPAL CORPORATION, Kolkata, West Bengal - 700024",90.2,pin_700024,,,False,False
22821047000103,22823047000031,"H-63/1/64, PAHARPUR ROAD, BOROUGH- XV, KOLKATA  MUNICIPAL CORPORATION, Kolkata, West Bengal - 700024","M 82/A PAHAR PUR ROAD, BOROUGH- XV, KOLKATA  MUNICIPAL CORPORATION, Kolkata, West Bengal - 700024",90.26,pin_700024,,,False,False
22821047000118,22820047000163,"I-72,RAMESWARPUR ROAD,KOL-24,WARD NO-135, BOROUGH- XV, KOLKATA  MUNICIPAL CORPORATION, Kolkata, West Bengal - 700024","H-55,PAHARPUR ROAD,WARD NO-135, BOROUGH- XV, KOLKATA  MUNICIPAL CORPORATION, Kolkata, West Bengal - 700024",90.91,pin_700024,,,False,False
22821047000118,22824047000002,"I-72,RAMESWARPUR ROAD,KOL-24,WARD NO-135, BOROUGH- XV, KOLKATA  MUNICIPAL CORPORATION, Kolkata, West Bengal - 700024","I-217,PAHARPUR ROAD,KOLKATA-700024,WARD NO-135, BOROUGH- XV, KOLKATA  MUNICIPAL CORPORATION, Kolkata, West Bengal - 700024",92.37,pin_700024,,,False,False
22821047000118,22821047000143,"I-72,RAMESWARPUR ROAD,KOL-24,WARD NO-135, BOROUGH- XV, KOLKATA  MUNICIPAL CORPORATION, Kolkata, West Bengal - 700024","H-91,PAHARPUR ROAD,KOL-24,WARD NO-133, BOROUGH- XV, KOLKATA  MUNICIPAL CORPORATION, Kolkata, West Bengal - 700024",93.39,pin_700024,,,False,False
22821047000118,22821047000121,"I-72,RAMESWARPUR ROAD,KOL-24,WARD NO-135, BOROUGH- XV, KOLKATA  MUNICIPAL CORPORATION, Kolkata, West Bengal - 700024","J-268/2,PAHARPUR ROAD,KOL-24,WARD NO-133, BOROUGH- XV, KOLKATA  MUNICIPAL CORPORATION, Kolkata, West Bengal - 700024",93.04,pin_700024,,,False,False
22821047000118,22821047000260,"I-72,RAMESWARPUR ROAD,KOL-24,WARD NO-135, BOROUGH- XV, KOLKATA  MUNICIPAL CORPORATION, Kolkata, West Bengal - 700024","I-72,RAMESHWAR PUR ROAD,KOLKATA-700024,WARD NO-135, BOROUGH- XV, KOLKATA  MUNICIPAL CORPORATION, Kolkata, West Bengal - 700024",93.33,pin_700024,,,False,False
22821047000118,22821047000112,"I-72,RAMESWARPUR ROAD,KOL-24,WARD NO-135, BOROUGH- XV, KOLKATA  MUNICIPAL CORPORATION, Kolkata, West Bengal - 700024","I-183/A,PAHARPUR ROAD,KOL-24,WARD NO-135, BOROUGH- XV, KOLKATA  MUNICIPAL CORPORATION, Kolkata, West Bengal - 700024",93.91,pin_700024,,,False,False
22821047000118,22821047000166,"I-72,RAMESWARPUR ROAD,KOL-24,WARD NO-135, BOROUGH- XV, KOLKATA  MUNICIPAL CORPORATION, Kolkata, West Bengal - 700024","J-223,PAHARPUR ROAD,KOL-700024,WARD NO-133, BOROUGH- XV, KOLKATA  MUNICIPAL CORPORATION, Kolkata, West Bengal - 700024",92.24,pin_700024,,,False,False
22821047000118,22825047000083,"I-72,RAMESWARPUR ROAD,KOL-24,WARD NO-135, BOROUGH- XV, KOLKATA  MUNICIPAL CORPORATION, Kolkata, West Bengal - 700024","J-296,PAHARPUR ROAD,WARD NO-133, BOROUGH- XV, KOLKATA  MUNICIPAL CORPORATION, Kolkata, West Bengal - 700024",90.5,pin_700024,,,False,False
22818019015356,22817019005550,"I-23, KASAI PARA LANE, KOLKATA-700024, WARD NO-135, BOROUGH- XV, KOLKATA  MUNICIPAL CORPORATION, Kolkata, West Bengal - 700024","H-96, RAMNAGAR LANE, KOLKATA-700024, WARD NO-135, BOROUGH- XV, KOLKATA  MUNICIPAL CORPORATION, Kolkata, West Bengal - 700024",91.94,pin_700024,,,False,False
22818019015356,22818019004962,"I-23, KASAI PARA LANE, KOLKATA-700024, WARD NO-135, BOROUGH- XV, KOLKATA  MUNICIPAL CORPORATION, Kolkata, West Bengal - 700024","J-96, RAMNAGAR LANE, KOLKATA-700024, WARD NO-134, BOROUGH- XV, KOLKATA  MUNICIPAL CORPORATION, Kolkata, West Bengal - 700024",91.13,pin_700024,,,False,False
22823047000040,22822047000061,"G-247, RAMNAGAR LANE,KOLKATA-700024,WARD NO-134, BOROUGH- XV, KOLKATA  MUNICIPAL CORPORATION, Kolkata, West Bengal - 700024","G-1,SHYAMLAL LANE,KOLKATA-700024,WARD NO-135, BOROUGH- XV, KOLKATA  MUNICIPAL CORPORATION, Kolkata, West Bengal - 700024",90.46,pin_700024,,,False,False
22823047000040,22823047000094,"G-247, RAMNAGAR LANE,KOLKATA-700024,WARD NO-134, BOROUGH- XV, KOLKATA  MUNICIPAL CORPORATION, Kolkata, West Bengal - 700024","H-127/1, SHYAMLAL LANE,KOLKATA-700024,WARD NO-135, BOROUGH- XV, KOLKATA  MUNICIPAL CORPORATION, Kolkata, West Bengal - 700024",92.68,pin_700024,,,False,False
22823047000040,22823047000100,"G-247, RAMNAGAR LANE,KOLKATA-700024,WARD NO-134, BOROUGH- XV, KOLKATA  MUNICIPAL CORPORATION, Kolkata, West Bengal - 700024","H-139, SHYAMLAL LANE,KOLKATA-700024,WARD NO-135, BOROUGH- XV, KOLKATA  MUNICIPAL CORPORATION, Kolkata, West Bengal - 700024",91.8,pin_700024,,,False,False
22823047000040,22822047000182,"G-247, RAMNAGAR LANE,KOLKATA-700024,WARD NO-134, BOROUGH- XV, KOLKATA  MUNICIPAL CORPORATION, Kolkata, West Bengal - 700024","G-374, ALIF NAGAR LANE,KOLKATA-700024,WARD NO-134, BOROUGH- XV, KOLKATA  MUNICIPAL CORPORATION, Kolkata, West Bengal - 700024",90.24,pin_700024,,,False,False
22822047000061,22824047000048,"G-1,SHYAMLAL LANE,KOLKATA-700024,WARD NO-135, BOROUGH- XV, KOLKATA  MUNICIPAL CORPORATION, Kolkata, West Bengal - 700024","G-285,RAMNAGAR LANE,(EAST),KOLKATA-700024,WARD NO-134, BOROUGH- XV, KOLKATA  MUNICIPAL CORPORATION, Kolkata, West Bengal - 700024",90.69,pin_700024,,,False,False
22822047000061,22824047000050,"G-1,SHYAMLAL LANE,KOLKATA-700024,WARD NO-135, BOROUGH- XV, KOLKATA  MUNICIPAL CORPORATION, Kolkata, West Bengal - 700024","G-274/1/2,RAMNAGAR LANE,(EAST),KOLKATA-700024,WARD NO-134, BOROUGH- XV, KOLKATA  MUNICIPAL CORPORATION, Kolkata, West Bengal - 700024",90.04,pin_700024,,,False,False
22822047000061,22822047000015,"G-1,SHYAMLAL LANE,KOLKATA-700024,WARD NO-135, BOROUGH- XV, KOLKATA  MUNICIPAL CORPORATION, Kolkata, West Bengal - 700024","J-261/J/1,AKSHOY KANAN LANE,KOLKATA-700024,WARD NO-133, BOROUGH- XV, KOLKATA  MUNICIPAL CORPORATION, Kolkata, West Bengal - 700024",91.94,pin_700024,,,False,False
22822047000061,22823047000043,"G-1,SHYAMLAL LANE,KOLKATA-700024,WARD NO-135, BOROUGH- XV, KOLKATA  MUNICIPAL CORPORATION, Kolkata, West Bengal - 700024","G-246,RAMNAGAR LANE(EAST),KOLKATA-700024,WARD NO-134, BOROUGH- XV, KOLKATA  MUNICIPAL CORPORATION, Kolkata, West Bengal - 700024",91.06,pin_700024,,,False,False
22822047000061,22817019001860,"G-1,SHYAMLAL LANE,KOLKATA-700024,WARD NO-135, BOROUGH- XV, KOLKATA  MUNICIPAL CORPORATION, Kolkata, West Bengal - 700024","H-1/1/A,SHYAM LAL LANE,KOL-24,WARD NO-135, BOROUGH- XV, KOLKATA  MUNICIPAL CORPORATION, Kolkata, West Bengal - 700024",91.06,pin_700024,,,False,False
22822047000061,22821047000310,"G-1,SHYAMLAL LANE,KOLKATA-700024,WARD NO-135, BOROUGH- XV, KOLKATA  MUNICIPAL CORPORATION, Kolkata, West Bengal - 700024","G-161,DHANKSHETI LANE,KOLKATA-700024,WARD NO-134, BOROUGH- XV, KOLKATA  MUNICIPAL CORPORATION, Kolkata, West Bengal - 700024",92.56,pin_700024,,,False,False
22823047000073,22823047000069,"G-112, BATTIKAL 1ST LANE,KOLKATA-700024,WARD NO-134, BOROUGH- XV, KOLKATA  MUNICIPAL CORPORATION, Kolkata, West Bengal - 700024","G-85, BATIKAL 1ST LANE,KOLKATA-700024,WARD NO-134, BOROUGH- XV, KOLKATA  MUNICIPAL CORPORATION, Kolkata, West Bengal - 700024",97.6,pin_700024,,,False,False
22823047000073,22822047000182,"G-112, BATTIKAL 1ST LANE,KOLKATA-700024,WARD NO-134, BOROUGH- XV, KOLKATA  MUNICIPAL CORPORATION, Kolkata, West Bengal - 700024","G-374, ALIF NAGAR LANE,KOLKATA-700024,WARD NO-134, BOROUGH- XV, KOLKATA  MUNICIPAL CORPORATION, Kolkata, West Bengal - 700024",90.4,pin_700024,,,False,False
22823047000069,22824047000155,"G-85, BATIKAL 1ST LANE,KOLKATA-700024,WARD NO-134, BOROUGH- XV, KOLKATA  MUNICIPAL CORPORATION, Kolkata, West Bengal - 700024","G-78, BATTIKAL 1ST LANE,WARD NO-134, BOROUGH- XV, KOLKATA  MUNICIPAL CORPORATION, Kolkata, West Bengal - 700024",92.31,pin_700024,,,False,False
22823047000069,22823047000074,"G-85, BATIKAL 1ST LANE,KOLKATA-700024,WARD NO-134, BOROUGH- XV, KOLKATA  MUNICIPAL CORPORATION, Kolkata, West Bengal - 700024","G-99, BATTIKAL 1ST LANE,KOLKATA-700024,WARD NO-134, BOROUGH- XV, KOLKATA  MUNICIPAL CORPORATION, Kolkata, West Bengal - 700024",97.99,pin_700024,,,False,False
22823047000069,22823047000039,"G-85, BATIKAL 1ST LANE,KOLKATA-700024,WARD NO-134, BOROUGH- XV, KOLKATA  MUNICIPAL CORPORATION, Kolkata, West Bengal - 700024","G-367/3, ALIF NAGAR LANE,KOLKATA-700024,WARD NO-134, BOROUGH- XV, KOLKATA  MUNICIPAL CORPORATION, Kolkata, West Bengal - 700024",90.4,pin_700024,,,False,False
22823047000069,22822047000182,"G-85, BATIKAL 1ST LANE,KOLKATA-700024,WARD NO-134, BOROUGH- XV, KOLKATA  MUNICIPAL CORPORATION, Kolkata, West Bengal - 700024","G-374, ALIF NAGAR LANE,KOLKATA-700024,WARD NO-134, BOROUGH- XV, KOLKATA  MUNICIPAL CORPORATION, Kolkata, West Bengal - 700024",91.13,pin_700024,,,False,False
22823047000069,22823047000077,"G-85, BATIKAL 1ST LANE,KOLKATA-700024,WARD NO-134, BOROUGH- XV, KOLKATA  MUNICIPAL CORPORATION, Kolkata, West Bengal - 700024","G-88, BATTIKAL 1ST LANE,KOLKATA-700024,WARD NO-134, BOROUGH- XV, KOLKATA  MUNICIPAL CORPORATION, Kolkata, West Bengal - 700024",98.8,pin_700024,,,False,False
22823047000086,22826047000087,"R-84 S A FAROOQUIE ROAD, BOROUGH- XV, KOLKATA  MUNICIPAL CORPORATION, Kolkata, West Bengal - 700024","R- 84, S. A. FAROOQUE ROAD, KOLKATA , BOROUGH- XV, KOLKATA  MUNICIPAL CORPORATION, Kolkata, West Bengal - 700024",90.91,pin_700024,,,False,False
22823047000086,22825047000089,"R-84 S A FAROOQUIE ROAD, BOROUGH- XV, KOLKATA  MUNICIPAL CORPORATION, Kolkata, West Bengal - 700024","Q 570 S A FAROOQUE ROAD, BOROUGH- XV, KOLKATA  MUNICIPAL CORPORATION, Kolkata, West Bengal - 700024",94.9,pin_700024,,,False,False
22823047000095,22822047000015,"G-196,SHYAMLAL LANE,KOLKATA-700024,WARD NO-135, BOROUGH- XV, KOLKATA  MUNICIPAL CORPORATION, Kolkata, West Bengal - 700024","J-261/J/1,AKSHOY KANAN LANE,KOLKATA-700024,WARD NO-133, BOROUGH- XV, KOLKATA  MUNICIPAL CORPORATION, Kolkata, West Bengal - 700024",91.2,pin_700024,,,False,False
22823047000095,22823047000043,"G-196,SHYAMLAL LANE,KOLKATA-700024,WARD NO-135, BOROUGH- XV, KOLKATA  MUNICIPAL CORPORATION, Kolkata, West Bengal - 700024","G-246,RAMNAGAR LANE(EAST),KOLKATA-700024,WARD NO-134, BOROUGH- XV, KOLKATA  MUNICIPAL CORPORATION, Kolkata, West Bengal - 700024",91.13,pin_700024,,,False,False
22823047000095,22817019001860,"G-196,SHYAMLAL LANE,KOLKATA-700024,WARD NO-135, BOROUGH- XV, KOLKATA  MUNICIPAL CORPORATION, Kolkata, West Bengal - 700024","H-1/1/A,SHYAM LAL LANE,KOL-24,WARD NO-135, BOROUGH- XV, KOLKATA  MUNICIPAL CORPORATION, Kolkata, West Bengal - 700024",90.3,pin_700024,,,False,False
22823047000095,22821047000310,"G-196,SHYAMLAL LANE,KOLKATA-700024,WARD NO-135, BOROUGH- XV, KOLKATA  MUNICIPAL CORPORATION, Kolkata, West Bengal - 700024","G-161,DHANKSHETI LANE,KOLKATA-700024,WARD NO-134, BOROUGH- XV, KOLKATA  MUNICIPAL CORPORATION, Kolkata, West Bengal - 700024",92.62,pin_700024,,,False,False
22823047000097,22824047000042,"I-63, RAMESWARPUR ROAD,KOLKATA-700024,WARD NO-135, BOROUGH- XV, KOLKATA  MUNICIPAL CORPORATION, Kolkata, West Bengal - 700024","F-68/A, GARDEN REACH ROAD,KOLKATA-700024,WARD NO-134, BOROUGH- XV, KOLKATA  MUNICIPAL CORPORATION, Kolkata, West Bengal - 700024",90.04,pin_700024,,,False,False
22823047000097,22818047000082,"I-63, RAMESWARPUR ROAD,KOLKATA-700024,WARD NO-135, BOROUGH- XV, KOLKATA  MUNICIPAL CORPORATION, Kolkata, West Bengal - 700024","P-252, RAMESHWARPUR ROAD,KOLKATA-700024, WARD NO-135, BOROUGH- XV, KOLKATA  MUNICIPAL CORPORATION, Kolkata, West Bengal - 700024",94.02,pin_700024,,,False,False
22823047000097,22821047000265,"I-63, RAMESWARPUR ROAD,KOLKATA-700024,WARD NO-135, BOROUGH- XV, KOLKATA  MUNICIPAL CORPORATION, Kolkata, West Bengal - 700024","H-39,GARDEN REACH ROAD,KOLKATA-700024,WARD NO-135, BOROUGH- XV, KOLKATA  MUNICIPAL CORPORATION, Kolkata, West Bengal - 700024",91.94,pin_700024,,,False,False
22823047000097,22822047000102,"I-63, RAMESWARPUR ROAD,KOLKATA-700024,WARD NO-135, BOROUGH- XV, KOLKATA  MUNICIPAL CORPORATION, Kolkata, West Bengal - 700024","H-1, GARDEN REACH ROAD,KOLKATA-700024,WARD NO-135, BOROUGH- XV, KOLKATA  MUNICIPAL CORPORATION, Kolkata, West Bengal - 700024",91.13,pin_700024,,,False,False
22823047000097,22823047000096,"I-63, RAMESWARPUR ROAD,KOLKATA-700024,WARD NO-135, BOROUGH- XV, KOLKATA  MUNICIPAL CORPORATION, Kolkata, West Bengal - 700024","P-261, RAMESHWARPUR ROAD,KOLKATA-700024,WARD NO-135, BOROUGH- XV, KOLKATA  MUNICIPAL CORPORATION, Kolkata, West Bengal - 700024",94.4,pin_700024,,,False,False
22823047000097,22821047000260,"I-63, RAMESWARPUR ROAD,KOLKATA-700024,WARD NO-135, BOROUGH- XV, KOLKATA  MUNICIPAL CORPORATION, Kolkata, West Bengal - 700024","I-72,RAMESHWAR PUR ROAD,KOLKATA-700024,WARD NO-135, BOROUGH- XV, KOLKATA  MUNICIPAL CORPORATION, Kolkata, West Bengal - 700024",91.57,pin_700024,,,False,False
22823047000097,22822047000065,"I-63, RAMESWARPUR ROAD,KOLKATA-700024,WARD NO-135, BOROUGH- XV, KOLKATA  MUNICIPAL CORPORATION, Kolkata, West Bengal - 700024","J - 301, PAHARPUR ROAD,KOLKATA-700024,WARD NO-133, BOROUGH- XV, KOLKATA  MUNICIPAL CORPORATION, Kolkata, West Bengal - 700024",91.13,pin_700024,,,False,False
22823047000097,22822047000161,"I-63, RAMESWARPUR ROAD,KOLKATA-700024,WARD NO-135, BOROUGH- XV, KOLKATA  MUNICIPAL CORPORATION, Kolkata, West Bengal - 700024","H-28,GARDEN REACH ROAD,KOLKATA-700024,WARD NO-135, BOROUGH- XV, KOLKATA  MUNICIPAL CORPORATION, Kolkata, West Bengal - 700024",91.13,pin_700024,,,False,False
22823047000097,22822047000006,"I-63, RAMESWARPUR ROAD,KOLKATA-700024,WARD NO-135, BOROUGH- XV, KOLKATA  MUNICIPAL CORPORATION, Kolkata, West Bengal - 700024","I-17/A,GARDEN REACH ROAD,KOLKATA-700024,WARD NO-135, BOROUGH- XV, KOLKATA  MUNICIPAL CORPORATION, Kolkata, West Bengal - 700024",91.2,pin_700024,,,False,False
22823047000097,22824047000065,"I-63, RAMESWARPUR ROAD,KOLKATA-700024,WARD NO-135, BOROUGH- XV, KOLKATA  MUNICIPAL CORPORATION, Kolkata, West Bengal - 700024","J-351, PAHARPUR ROAD,KOLKATA-700024,WARD NO-133, BOROUGH- XV, KOLKATA  MUNICIPAL CORPORATION, Kolkata, West Bengal - 700024",94.31,pin_700024,,,False,False
22823047000111,22824047000036,"G 206 RAM NAGAR LANE, BOROUGH- XV, KOLKATA  MUNICIPAL CORPORATION, Kolkata, West Bengal - 700024","G 190 SHYAM LAL LANE, BOROUGH- XV, KOLKATA  MUNICIPAL CORPORATION, Kolkata, West Bengal - 700024",90.53,pin_700024,,,False,False
22823047000111,22826047000095,"G 206 RAM NAGAR LANE, BOROUGH- XV, KOLKATA  MUNICIPAL CORPORATION, Kolkata, West Bengal - 700024","G-247, RAMNAGAR LANE, BOROUGH- XV, KOLKATA  MUNICIPAL CORPORATION, Kolkata, West Bengal - 700024",91.58,pin_700024,,,False,False
22822047000126,22824047000042,"J-268/2,PAHARPUR ROAD,KOLKATA-700024,WARD NO-133, BOROUGH- XV, KOLKATA  MUNICIPAL CORPORATION, Kolkata, West Bengal - 700024","F-68/A, GARDEN REACH ROAD,KOLKATA-700024,WARD NO-134, BOROUGH- XV, KOLKATA  MUNICIPAL CORPORATION, Kolkata, West Bengal - 700024",90.4,pin_700024,,,False,False
22822047000126,22821047000260,"J-268/2,PAHARPUR ROAD,KOLKATA-700024,WARD NO-133, BOROUGH- XV, KOLKATA  MUNICIPAL CORPORATION, Kolkata, West Bengal - 700024","I-72,RAMESHWAR PUR ROAD,KOLKATA-700024,WARD NO-135, BOROUGH- XV, KOLKATA  MUNICIPAL CORPORATION, Kolkata, West Bengal - 700024",91.13,pin_700024,,,False,False
22822047000126,22822047000161,"J-268/2,PAHARPUR ROAD,KOLKATA-700024,WARD NO-133, BOROUGH- XV, KOLKATA  MUNICIPAL CORPORATION, Kolkata, West Bengal - 700024","H-28,GARDEN REACH ROAD,KOLKATA-700024,WARD NO-135, BOROUGH- XV, KOLKATA  MUNICIPAL CORPORATION, Kolkata, West Bengal - 700024",90.69,pin_700024,,,False,False
22822047000126,22822047000103,"J-268/2,PAHARPUR ROAD,KOLKATA-700024,WARD NO-133, BOROUGH- XV, KOLKATA  MUNICIPAL CORPORATION, Kolkata, West Bengal - 700024","J-407,FATHEPUR VILLAGE ROAD,KOLKATA-700024,WARD NO-133, BOROUGH- XV, KOLKATA  MUNICIPAL CORPORATION, Kolkata, West Bengal - 700024",91.27,pin_700024,,,False,False
22821047000300,22824047000129,"I- 220C, RAMESHWARPUR ROAD, BOROUGH- XV, KOLKATA  MUNICIPAL CORPORATION, Kolkata, West Bengal - 700024","I 207 PAHAR PUR ROAD, BOROUGH- XV, KOLKATA  MUNICIPAL CORPORATION, Kolkata, West Bengal - 700024",93.88,pin_700024,,,False,False
22821047000300,22824047000199,"I- 220C, RAMESHWARPUR ROAD, BOROUGH- XV, KOLKATA  MUNICIPAL CORPORATION, Kolkata, West Bengal - 700024","J-529 PAHARPUR ROAD, BOROUGH- XV, KOLKATA  MUNICIPAL CORPORATION, Kolkata, West Bengal - 700024",91.28,pin_700024,,,False,False
22821047000300,22825047000189,"I- 220C, RAMESHWARPUR ROAD, BOROUGH- XV, KOLKATA  MUNICIPAL CORPORATION, Kolkata, West Bengal - 700024","H 71 PAHARPUR ROAD, BOROUGH- XV, KOLKATA  MUNICIPAL CORPORATION, Kolkata, West Bengal - 700024",90.72,pin_700024,,,False,False
22821047000300,22825047000027,"I- 220C, RAMESHWARPUR ROAD, BOROUGH- XV, KOLKATA  MUNICIPAL CORPORATION, Kolkata, West Bengal - 700024","I-186/D PAHARPUR ROAD, BOROUGH- XV, KOLKATA  MUNICIPAL CORPORATION, Kolkata, West Bengal - 700024",91.37,pin_700024,,,False,False
22821047000300,22820047000088,"I- 220C, RAMESHWARPUR ROAD, BOROUGH- XV, KOLKATA  MUNICIPAL CORPORATION, Kolkata, West Bengal - 700024","P-248 RAMESWARPUR ROAD, KOL-24, BOROUGH- XV, KOLKATA  MUNICIPAL CORPORATION, Kolkata, West Bengal - 700024",90.29,pin_700024,,,False,False
22821047000300,22822047000145,"I- 220C, RAMESHWARPUR ROAD, BOROUGH- XV, KOLKATA  MUNICIPAL CORPORATION, Kolkata, West Bengal - 700024","J-474/B PAHARPUR ROAD, BOROUGH- XV, KOLKATA  MUNICIPAL CORPORATION, Kolkata, West Bengal - 700024",90.36,pin_700024,,,False,False
22821047000300,22823047000008,"I- 220C, RAMESHWARPUR ROAD, BOROUGH- XV, KOLKATA  MUNICIPAL CORPORATION, Kolkata, West Bengal - 700024","H-40 PAHARPUR ROAD, BOROUGH- XV, KOLKATA  MUNICIPAL CORPORATION, Kolkata, West Bengal - 700024",91.75,pin_700024,,,False,False
22821047000300,22818019003842,"I- 220C, RAMESHWARPUR ROAD, BOROUGH- XV, KOLKATA  MUNICIPAL CORPORATION, Kolkata, West Bengal - 700024","J-296, PAHARPUR ROAD, BOROUGH- XV, KOLKATA  MUNICIPAL CORPORATION, Kolkata, West Bengal - 700024",90.82,pin_700024,,,False,False
22824047000002,22825047000114,"I-217,PAHARPUR ROAD,KOLKATA-700024,WARD NO-135, BOROUGH- XV, KOLKATA  MUNICIPAL CORPORATION, Kolkata, West Bengal - 700024","F-87,GARDEN REACH ROAD,KOLKATA-700024, WARD NO-134, BOROUGH- XV, KOLKATA  MUNICIPAL CORPORATION, Kolkata, West Bengal - 700024",90.24,pin_700024,,,False,False
22824047000002,22821047000265,"I-217,PAHARPUR ROAD,KOLKATA-700024,WARD NO-135, BOROUGH- XV, KOLKATA  MUNICIPAL CORPORATION, Kolkata, West Bengal - 700024","H-39,GARDEN REACH ROAD,KOLKATA-700024,WARD NO-135, BOROUGH- XV, KOLKATA  MUNICIPAL CORPORATION, Kolkata, West Bengal - 700024",90.61,pin_700024,,,False,False
22824047000002,22821047000260,"I-217,PAHARPUR ROAD,KOLKATA-700024,WARD NO-135, BOROUGH- XV, KOLKATA  MUNICIPAL CORPORATION, Kolkata, West Bengal - 700024","I-72,RAMESHWAR PUR ROAD,KOLKATA-700024,WARD NO-135, BOROUGH- XV, KOLKATA  MUNICIPAL CORPORATION, Kolkata, West Bengal - 700024",93.5,pin_700024,,,False,False
22824047000002,22822047000161,"I-217,PAHARPUR ROAD,KOLKATA-700024,WARD NO-135, BOROUGH- XV, KOLKATA  MUNICIPAL CORPORATION, Kolkata, West Bengal - 700024","H-28,GARDEN REACH ROAD,KOLKATA-700024,WARD NO-135, BOROUGH- XV, KOLKATA  MUNICIPAL CORPORATION, Kolkata, West Bengal - 700024",91.43,pin_700024,,,False,False
22824047000002,22822047000103,"I-217,PAHARPUR ROAD,KOLKATA-700024,WARD NO-135, BOROUGH- XV, KOLKATA  MUNICIPAL CORPORATION, Kolkata, West Bengal - 700024","J-407,FATHEPUR VILLAGE ROAD,KOLKATA-700024,WARD NO-133, BOROUGH- XV, KOLKATA  MUNICIPAL CORPORATION, Kolkata, West Bengal - 700024",91.2,pin_700024,,,False,False
22824047000002,22822047000006,"I-217,PAHARPUR ROAD,KOLKATA-700024,WARD NO-135, BOROUGH- XV, KOLKATA  MUNICIPAL CORPORATION, Kolkata, West Bengal - 700024","I-17/A,GARDEN REACH ROAD,KOLKATA-700024,WARD NO-135, BOROUGH- XV, KOLKATA  MUNICIPAL CORPORATION, Kolkata, West Bengal - 700024",92.31,pin_700024,,,False,False
22824047000017,22822047000060,"R-20, GARDEN REACH ROAD,KOLKATA-700024,WARD NO-137, BOROUGH- XV, KOLKATA  MUNICIPAL CORPORATION, Kolkata, West Bengal - 700024","R-153,S.A. FAROOQUIE ROAD,KOLKATA-700024,WARD NO-137, BOROUGH- XV, KOLKATA  MUNICIPAL CORPORATION, Kolkata, West Bengal - 700024",91.27,pin_700024,,,False,False
22824047000017,22822047000033,"R-20, GARDEN REACH ROAD,KOLKATA-700024,WARD NO-137, BOROUGH- XV, KOLKATA  MUNICIPAL CORPORATION, Kolkata, West Bengal - 700024","R-141,S.A. FAROOQUIE ROAD,KOLKATA-700024,WARD NO-134, BOROUGH- XV, KOLKATA  MUNICIPAL CORPORATION, Kolkata, West Bengal - 700024",90.48,pin_700024,,,False,False
22824047000017,22823047000096,"R-20, GARDEN REACH ROAD,KOLKATA-700024,WARD NO-137, BOROUGH- XV, KOLKATA  MUNICIPAL CORPORATION, Kolkata, West Bengal - 700024","P-261, RAMESHWARPUR ROAD,KOLKATA-700024,WARD NO-135, BOROUGH- XV, KOLKATA  MUNICIPAL CORPORATION, Kolkata, West Bengal - 700024",90.04,pin_700024,,,False,False
22823047000019,22825047000143,"H-32 GARDEN REACH ROAD, WARD NO-135, BOROUGH- XV, KOLKATA  MUNICIPAL CORPORATION, Kolkata, West Bengal - 700024","H-72, PAHARPUR ROAD,WARD NO-135, BOROUGH- XV, KOLKATA  MUNICIPAL CORPORATION, Kolkata, West Bengal - 700024",90.74,pin_700024,,,False,False
22824047000098,22824047000129,"H/55A PAHARPUR RAOD, BOROUGH- XV, KOLKATA  MUNICIPAL CORPORATION, Kolkata, West Bengal - 700024","I 207 PAHAR PUR ROAD, BOROUGH- XV, KOLKATA  MUNICIPAL CORPORATION, Kolkata, West Bengal - 700024",93.12,pin_700024,,,False,False
22824047000098,22824047000196,"H/55A PAHARPUR RAOD, BOROUGH- XV, KOLKATA  MUNICIPAL CORPORATION, Kolkata, West Bengal - 700024","I-61 RAMESHWARPUR ROAD, BOROUGH- XV, KOLKATA  MUNICIPAL CORPORATION, Kolkata, West Bengal - 700024",91.1,pin_700024,,,False,False
22824047000098,22825047000113,"H/55A PAHARPUR RAOD, BOROUGH- XV, KOLKATA  MUNICIPAL CORPORATION, Kolkata, West Bengal - 700024","I-67, RAMESHWARPUR ROAD, BOROUGH- XV, KOLKATA  MUNICIPAL CORPORATION, Kolkata, West Bengal - 700024",90.62,pin_700024,,,False,False
22824047000098,22823047000031,"H/55A PAHARPUR RAOD, BOROUGH- XV, KOLKATA  MUNICIPAL CORPORATION, Kolkata, West Bengal - 700024","M 82/A PAHAR PUR ROAD, BOROUGH- XV, KOLKATA  MUNICIPAL CORPORATION, Kolkata, West Bengal - 700024",91.58,pin_700024,,,False,False
22824047000119,22826047000106,"Q-110, SHIMPUKUR LANE, BOROUGH- XV, KOLKATA  MUNICIPAL CORPORATION, Kolkata, West Bengal - 700024","Q-80/A, SHMPUKUR LANE, WARD NO. 136, BOROUGH- XV, KOLKATA  MUNICIPAL CORPORATION, Kolkata, West Bengal - 700024",90.29,pin_700024,,136,False,False
22824047000129,22824047000196,"I 207 PAHAR PUR ROAD, BOROUGH- XV, KOLKATA  MUNICIPAL CORPORATION, Kolkata, West Bengal - 700024","I-61 RAMESHWARPUR ROAD, BOROUGH- XV, KOLKATA  MUNICIPAL CORPORATION, Kolkata, West Bengal - 700024",92.71,pin_700024,,,False,False
22824047000129,22824047000199,"I 207 PAHAR PUR ROAD, BOROUGH- XV, KOLKATA  MUNICIPAL CORPORATION, Kolkata, West Bengal - 700024","J-529 PAHARPUR ROAD, BOROUGH- XV, KOLKATA  MUNICIPAL CORPORATION, Kolkata, West Bengal - 700024",94.18,pin_700024,,,False,False
22824047000129,22825047000097,"I 207 PAHAR PUR ROAD, BOROUGH- XV, KOLKATA  MUNICIPAL CORPORATION, Kolkata, West Bengal - 700024","N-72 PAHARPUR ROAD, BOROUGH- XV, KOLKATA  MUNICIPAL CORPORATION, Kolkata, West Bengal - 700024",93.62,pin_700024,,,False,False
22824047000129,22825047000113,"I 207 PAHAR PUR ROAD, BOROUGH- XV, KOLKATA  MUNICIPAL CORPORATION, Kolkata, West Bengal - 700024","I-67, RAMESHWARPUR ROAD, BOROUGH- XV, KOLKATA  MUNICIPAL CORPORATION, Kolkata, West Bengal - 700024",92.23,pin_700024,,,False,False
22824047000129,22821047000231,"I 207 PAHAR PUR ROAD, BOROUGH- XV, KOLKATA  MUNICIPAL CORPORATION, Kolkata, West Bengal - 700024","J-305/B, PAHARPUR ROAD, BOROUGH- XV, KOLKATA  MUNICIPAL CORPORATION, Kolkata, West Bengal - 700024",92.71,pin_700024,,,False,False
22824047000129,22825047000189,"I 207 PAHAR PUR ROAD, BOROUGH- XV, KOLKATA  MUNICIPAL CORPORATION, Kolkata, West Bengal - 700024","H 71 PAHARPUR ROAD, BOROUGH- XV, KOLKATA  MUNICIPAL CORPORATION, Kolkata, West Bengal - 700024",94.68,pin_700024,,,False,False
22824047000129,22826047000022,"I 207 PAHAR PUR ROAD, BOROUGH- XV, KOLKATA  MUNICIPAL CORPORATION, Kolkata, West Bengal - 700024","N-138, PAHARPUR ROAD, BOROUGH- XV, KOLKATA  MUNICIPAL CORPORATION, Kolkata, West Bengal - 700024",92.63,pin_700024,,,False,False
22824047000129,22825047000027,"I 207 PAHAR PUR ROAD, BOROUGH- XV, KOLKATA  MUNICIPAL CORPORATION, Kolkata, West Bengal - 700024","I-186/D PAHARPUR ROAD, BOROUGH- XV, KOLKATA  MUNICIPAL CORPORATION, Kolkata, West Bengal - 700024",94.24,pin_700024,,,False,False
22824047000129,22822047000145,"I 207 PAHAR PUR ROAD, BOROUGH- XV, KOLKATA  MUNICIPAL CORPORATION, Kolkata, West Bengal - 700024","J-474/B PAHARPUR ROAD, BOROUGH- XV, KOLKATA  MUNICIPAL CORPORATION, Kolkata, West Bengal - 700024",93.19,pin_700024,,,False,False
22824047000129,22823047000008,"I 207 PAHAR PUR ROAD, BOROUGH- XV, KOLKATA  MUNICIPAL CORPORATION, Kolkata, West Bengal - 700024","H-40 PAHARPUR ROAD, BOROUGH- XV, KOLKATA  MUNICIPAL CORPORATION, Kolkata, West Bengal - 700024",94.68,pin_700024,,,False,False
22824047000129,22818019003842,"I 207 PAHAR PUR ROAD, BOROUGH- XV, KOLKATA  MUNICIPAL CORPORATION, Kolkata, West Bengal - 700024","J-296, PAHARPUR ROAD, BOROUGH- XV, KOLKATA  MUNICIPAL CORPORATION, Kolkata, West Bengal - 700024",93.68,pin_700024,,,False,False
22824047000130,22825047000048,"N-7, PAHARPUR  ROAD, WARD-133 , BOROUGH- XV, KOLKATA  MUNICIPAL CORPORATION, Kolkata, West Bengal - 700024","N-5,PAHARUR ROAD, WARD NO-133, BOROUGH- XV, KOLKATA  MUNICIPAL CORPORATION, Kolkata, West Bengal - 700024",91.35,pin_700024,,,False,False
22824047000130,22825047000033,"N-7, PAHARPUR  ROAD, WARD-133 , BOROUGH- XV, KOLKATA  MUNICIPAL CORPORATION, Kolkata, West Bengal - 700024","N-74,PAHAPUR ROAD,KOLKATA, BOROUGH- XV, KOLKATA  MUNICIPAL CORPORATION, Kolkata, West Bengal - 700024",90.2,pin_700024,,,False,False
22824047000130,22824047000180,"N-7, PAHARPUR  ROAD, WARD-133 , BOROUGH- XV, KOLKATA  MUNICIPAL CORPORATION, Kolkata, West Bengal - 700024","P-228,RAMESHWARPUR ROAD, WARD NO-135, BOROUGH- XV, KOLKATA  MUNICIPAL CORPORATION, Kolkata, West Bengal - 700024",90.23,pin_700024,,,False,False
22819047000242,22818047000010,"F-43,GARDEN REACH ROAD,KOLKATA-700024.WARD NO:134,BOROUGH-XV, BOROUGH- XV, KOLKATA  MUNICIPAL CORPORATION, Kolkata, West Bengal - 700024","J-175,PAHARPUR ROAD,KOLKATA-700024.WARD NO:133,BOROUGH-XV, BOROUGH- XV, KOLKATA  MUNICIPAL CORPORATION, Kolkata, West Bengal - 700024",90.64,pin_700024,,,False,False
22821047000271,22821047000252,"H-68, PAHARPUR ROAD, GROUND FLOOR, KOLKATA- 700024. WARD NO.- 135, BOROUGH- XV, BOROUGH- XV, KOLKATA  MUNICIPAL CORPORATION, Kolkata, West Bengal - 700024","I-61, RAMESWARPUR ROAD, KOLKATA- 700024, WARD NO.- 135, BOROUGH- XV, BOROUGH- XV, KOLKATA  MUNICIPAL CORPORATION, Kolkata, West Bengal - 700024",90.85,pin_700024,,,False,False
22821047000271,22821047000283,"H-68, PAHARPUR ROAD, GROUND FLOOR, KOLKATA- 700024. WARD NO.- 135, BOROUGH- XV, BOROUGH- XV, KOLKATA  MUNICIPAL CORPORATION, Kolkata, West Bengal - 700024","I-108, RAMESHWARPUR ROAD, KOLKATA- 700024, WARDN NO.- 135, BOROUGH- XV, BOROUGH- XV, KOLKATA  MUNICIPAL CORPORATION, Kolkata, West Bengal - 700024",90.6,pin_700024,,,False,False
22824047000174,22825047000183,"J-482, PAHARPUR ROAD, WARD NO-133, BOROUGH- XV, KOLKATA  MUNICIPAL CORPORATION, Kolkata, West Bengal - 700024","M-57/A/1, PAHARPURROAD,WARD NO-133, BOROUGH- XV, KOLKATA  MUNICIPAL CORPORATION, Kolkata, West Bengal - 700024",91.24,pin_700024,,,False,False
22824047000174,22824047000180,"J-482, PAHARPUR ROAD, WARD NO-133, BOROUGH- XV, KOLKATA  MUNICIPAL CORPORATION, Kolkata, West Bengal - 700024","P-228,RAMESHWARPUR ROAD, WARD NO-135, BOROUGH- XV, KOLKATA  MUNICIPAL CORPORATION, Kolkata, West Bengal - 700024",91.32,pin_700024,,,False,False
22824047000179,22825047000048,"I-202, PAHARPUR ROAD,WARD NO-135, BOROUGH- XV, KOLKATA  MUNICIPAL CORPORATION, Kolkata, West Bengal - 700024","N-5,PAHARUR ROAD, WARD NO-133, BOROUGH- XV, KOLKATA  MUNICIPAL CORPORATION, Kolkata, West Bengal - 700024",90.05,pin_700024,,,False,False
22824047000179,22825047000183,"I-202, PAHARPUR ROAD,WARD NO-135, BOROUGH- XV, KOLKATA  MUNICIPAL CORPORATION, Kolkata, West Bengal - 700024","M-57/A/1, PAHARPURROAD,WARD NO-133, BOROUGH- XV, KOLKATA  MUNICIPAL CORPORATION, Kolkata, West Bengal - 700024",90.74,pin_700024,,,False,False
22824047000179,22825047000032,"I-202, PAHARPUR ROAD,WARD NO-135, BOROUGH- XV, KOLKATA  MUNICIPAL CORPORATION, Kolkata, West Bengal - 700024","H-29, GARDEN REACH ROAD,WARD NO-135, BOROUGH- XV, KOLKATA  MUNICIPAL CORPORATION, Kolkata, West Bengal - 700024",90.32,pin_700024,,,False,False
22824047000179,22824047000180,"I-202, PAHARPUR ROAD,WARD NO-135, BOROUGH- XV, KOLKATA  MUNICIPAL CORPORATION, Kolkata, West Bengal - 700024","P-228,RAMESHWARPUR ROAD, WARD NO-135, BOROUGH- XV, KOLKATA  MUNICIPAL CORPORATION, Kolkata, West Bengal - 700024",91.74,pin_700024,,,False,False
22824047000194,22824047000209,"G-272/1C, MANGRA TALAB LANE,WARD NO-134, BOROUGH- XV, KOLKATA  MUNICIPAL CORPORATION, Kolkata, West Bengal - 700024","H-127/1 SHYAMLAL LANE,WARD NO-135, BOROUGH- XV, KOLKATA  MUNICIPAL CORPORATION, Kolkata, West Bengal - 700024",90.09,pin_700024,,,False,False
22818047000157,22817019001351,"Q-321/E, MUDIALY ROAD, KOL-24,WARD NO-136, BOROUGH- XV, KOLKATA  MUNICIPAL CORPORATION, Kolkata, West Bengal - 700024","O-138/G, MUDIALI ROAD, KOL-24, WARD NO-136, BOROUGH- XV, KOLKATA  MUNICIPAL CORPORATION, Kolkata, West Bengal - 700024",91.85,pin_700024,,,False,False
22824047000196,22824047000199,"I-61 RAMESHWARPUR ROAD, BOROUGH- XV, KOLKATA  MUNICIPAL CORPORATION, Kolkata, West Bengal - 700024","J-529 PAHARPUR ROAD, BOROUGH- XV, KOLKATA  MUNICIPAL CORPORATION, Kolkata, West Bengal - 700024",93.19,pin_700024,,,False,False
22824047000196,22825047000097,"I-61 RAMESHWARPUR ROAD, BOROUGH- XV, KOLKATA  MUNICIPAL CORPORATION, Kolkata, West Bengal - 700024","N-72 PAHARPUR ROAD, BOROUGH- XV, KOLKATA  MUNICIPAL CORPORATION, Kolkata, West Bengal - 700024",91.58,pin_700024,,,False,False
22824047000196,22816019000776,"I-61 RAMESHWARPUR ROAD, BOROUGH- XV, KOLKATA  MUNICIPAL CORPORATION, Kolkata, West Bengal - 700024","J-301, PAHARPUR ROAD, KOL-24, BOROUGH- XV, KOLKATA  MUNICIPAL CORPORATION, Kolkata, West Bengal - 700024",90.0,pin_700024,,,False,False
22824047000196,22821047000231,"I-61 RAMESHWARPUR ROAD, BOROUGH- XV, KOLKATA  MUNICIPAL CORPORATION, Kolkata, West Bengal - 700024","J-305/B, PAHARPUR ROAD, BOROUGH- XV, KOLKATA  MUNICIPAL CORPORATION, Kolkata, West Bengal - 700024",91.75,pin_700024,,,False,False
22824047000196,22825047000189,"I-61 RAMESHWARPUR ROAD, BOROUGH- XV, KOLKATA  MUNICIPAL CORPORATION, Kolkata, West Bengal - 700024","H 71 PAHARPUR ROAD, BOROUGH- XV, KOLKATA  MUNICIPAL CORPORATION, Kolkata, West Bengal - 700024",92.63,pin_700024,,,False,False
22824047000196,22826047000022,"I-61 RAMESHWARPUR ROAD, BOROUGH- XV, KOLKATA  MUNICIPAL CORPORATION, Kolkata, West Bengal - 700024","N-138, PAHARPUR ROAD, BOROUGH- XV, KOLKATA  MUNICIPAL CORPORATION, Kolkata, West Bengal - 700024",90.62,pin_700024,,,False,False
22824047000196,22826047000111,"I-61 RAMESHWARPUR ROAD, BOROUGH- XV, KOLKATA  MUNICIPAL CORPORATION, Kolkata, West Bengal - 700024","H-63, PAHARPUR ROAD,WARD-135, BOROUGH- XV, KOLKATA  MUNICIPAL CORPORATION, Kolkata, West Bengal - 700024",90.0,pin_700024,,,False,False
22824047000196,22825047000027,"I-61 RAMESHWARPUR ROAD, BOROUGH- XV, KOLKATA  MUNICIPAL CORPORATION, Kolkata, West Bengal - 700024","I-186/D PAHARPUR ROAD, BOROUGH- XV, KOLKATA  MUNICIPAL CORPORATION, Kolkata, West Bengal - 700024",94.3,pin_700024,,,False,False
22824047000196,22820047000088,"I-61 RAMESHWARPUR ROAD, BOROUGH- XV, KOLKATA  MUNICIPAL CORPORATION, Kolkata, West Bengal - 700024","P-248 RAMESWARPUR ROAD, KOL-24, BOROUGH- XV, KOLKATA  MUNICIPAL CORPORATION, Kolkata, West Bengal - 700024",92.08,pin_700024,,,False,False
22824047000196,22822047000145,"I-61 RAMESHWARPUR ROAD, BOROUGH- XV, KOLKATA  MUNICIPAL CORPORATION, Kolkata, West Bengal - 700024","J-474/B PAHARPUR ROAD, BOROUGH- XV, KOLKATA  MUNICIPAL CORPORATION, Kolkata, West Bengal - 700024",92.23,pin_700024,,,False,False
22824047000196,22823047000008,"I-61 RAMESHWARPUR ROAD, BOROUGH- XV, KOLKATA  MUNICIPAL CORPORATION, Kolkata, West Bengal - 700024","H-40 PAHARPUR ROAD, BOROUGH- XV, KOLKATA  MUNICIPAL CORPORATION, Kolkata, West Bengal - 700024",93.68,pin_700024,,,False,False
22824047000196,22818019003842,"I-61 RAMESHWARPUR ROAD, BOROUGH- XV, KOLKATA  MUNICIPAL CORPORATION, Kolkata, West Bengal - 700024","J-296, PAHARPUR ROAD, BOROUGH- XV, KOLKATA  MUNICIPAL CORPORATION, Kolkata, West Bengal - 700024",93.75,pin_700024,,,False,False
22824047000196,22823047000031,"I-61 RAMESHWARPUR ROAD, BOROUGH- XV, KOLKATA  MUNICIPAL CORPORATION, Kolkata, West Bengal - 700024","M 82/A PAHAR PUR ROAD, BOROUGH- XV, KOLKATA  MUNICIPAL CORPORATION, Kolkata, West Bengal - 700024",90.16,pin_700024,,,False,False
22824047000199,22825047000113,"J-529 PAHARPUR ROAD, BOROUGH- XV, KOLKATA  MUNICIPAL CORPORATION, Kolkata, West Bengal - 700024","I-67, RAMESHWARPUR ROAD, BOROUGH- XV, KOLKATA  MUNICIPAL CORPORATION, Kolkata, West Bengal - 700024",92.71,pin_700024,,,False,False
22824047000199,22820047000084,"J-529 PAHARPUR ROAD, BOROUGH- XV, KOLKATA  MUNICIPAL CORPORATION, Kolkata, West Bengal - 700024","I-62 RAMESHWARPUR ROAD, KOL-24, BOROUGH- XV, KOLKATA  MUNICIPAL CORPORATION, Kolkata, West Bengal - 700024",90.45,pin_700024,,,False,False
22824047000199,22820047000088,"J-529 PAHARPUR ROAD, BOROUGH- XV, KOLKATA  MUNICIPAL CORPORATION, Kolkata, West Bengal - 700024","P-248 RAMESWARPUR ROAD, KOL-24, BOROUGH- XV, KOLKATA  MUNICIPAL CORPORATION, Kolkata, West Bengal - 700024",90.45,pin_700024,,,False,False
22824047000199,22823047000031,"J-529 PAHARPUR ROAD, BOROUGH- XV, KOLKATA  MUNICIPAL CORPORATION, Kolkata, West Bengal - 700024","M 82/A PAHAR PUR ROAD, BOROUGH- XV, KOLKATA  MUNICIPAL CORPORATION, Kolkata, West Bengal - 700024",92.63,pin_700024,,,False,False
22825047000039,22825047000048,"N-229, MUDIALY ROAD,WARD NO-133, BOROUGH- XV, KOLKATA  MUNICIPAL CORPORATION, Kolkata, West Bengal - 700024","N-5,PAHARUR ROAD, WARD NO-133, BOROUGH- XV, KOLKATA  MUNICIPAL CORPORATION, Kolkata, West Bengal - 700024",90.48,pin_700024,,,False,False
22825047000048,22825047000097,"N-5,PAHARUR ROAD, WARD NO-133, BOROUGH- XV, KOLKATA  MUNICIPAL CORPORATION, Kolkata, West Bengal - 700024","N-72 PAHARPUR ROAD, BOROUGH- XV, KOLKATA  MUNICIPAL CORPORATION, Kolkata, West Bengal - 700024",90.36,pin_700024,,,False,False
22825047000048,22825047000143,"N-5,PAHARUR ROAD, WARD NO-133, BOROUGH- XV, KOLKATA  MUNICIPAL CORPORATION, Kolkata, West Bengal - 700024","H-72, PAHARPUR ROAD,WARD NO-135, BOROUGH- XV, KOLKATA  MUNICIPAL CORPORATION, Kolkata, West Bengal - 700024",90.48,pin_700024,,,False,False
22825047000048,22826047000022,"N-5,PAHARUR ROAD, WARD NO-133, BOROUGH- XV, KOLKATA  MUNICIPAL CORPORATION, Kolkata, West Bengal - 700024","N-138, PAHARPUR ROAD, BOROUGH- XV, KOLKATA  MUNICIPAL CORPORATION, Kolkata, West Bengal - 700024",90.45,pin_700024,,,False,False
22825047000048,22822047000072,"N-5,PAHARUR ROAD, WARD NO-133, BOROUGH- XV, KOLKATA  MUNICIPAL CORPORATION, Kolkata, West Bengal - 700024","N-20,PAHARPUR ROAD,KOLKATA-700024,WARD NO-133, BOROUGH- XV, KOLKATA  MUNICIPAL CORPORATION, Kolkata, West Bengal - 700024",91.07,pin_700024,,,False,False
22825047000048,22822047000092,"N-5,PAHARUR ROAD, WARD NO-133, BOROUGH- XV, KOLKATA  MUNICIPAL CORPORATION, Kolkata, West Bengal - 700024","H-96, PAHARPUR ROAD, WARD NO.135, BOROUGH- XV, KOLKATA  MUNICIPAL CORPORATION, Kolkata, West Bengal - 700024",90.05,pin_700024,,135,False,False
22825047000048,22822047000171,"N-5,PAHARUR ROAD, WARD NO-133, BOROUGH- XV, KOLKATA  MUNICIPAL CORPORATION, Kolkata, West Bengal - 700024","I-215, PAHARPUR ROAD, WARD NO-135, BOROUGH- XV, KOLKATA  MUNICIPAL CORPORATION, Kolkata, West Bengal - 700024",90.57,pin_700024,,,False,False
22825047000048,22821047000308,"N-5,PAHARUR ROAD, WARD NO-133, BOROUGH- XV, KOLKATA  MUNICIPAL CORPORATION, Kolkata, West Bengal - 700024","N-74,PAHARPUR ROAD,KOL-700024,WARD NO-133, BOROUGH- XV, KOLKATA  MUNICIPAL CORPORATION, Kolkata, West Bengal - 700024",92.73,pin_700024,,,False,False
22818019002527,22818019006344,"N-14, PAHARPUR ROAD, KOLKATA-700024, WARD NO-133, BOROUGH- I, KOLKATA  MUNICIPAL CORPORATION, Kolkata, West Bengal - 700024","P-263/B, RAMESHWARPUR ROAD, KOLKATA-700024, WARD NO-135, BOROUGH- I, KOLKATA  MUNICIPAL CORPORATION, Kolkata, West Bengal - 700024",92.43,pin_700024,,,False,False
22818019003728,22818019012977,"I-1, GARDEN REACH ROAD, KOLKATA-700024, WARD NO-135, BOROUGH- XV, KOLKATA  MUNICIPAL CORPORATION, Kolkata, West Bengal - 700024","J-481, PAHARPUR ROAD, KOLKATA-700024, WARD NO-133, BOROUGH- XV, KOLKATA  MUNICIPAL CORPORATION, Kolkata, West Bengal - 700024",91.2,pin_700024,,,False,False
22825047000084,22826047000052,"F 15 SHAHI ASTABAL LANE, BOROUGH- XV, KOLKATA  MUNICIPAL CORPORATION, Kolkata, West Bengal - 700024","F 58/A ATABAG LANE, BOROUGH- XV, KOLKATA  MUNICIPAL CORPORATION, Kolkata, West Bengal - 700024",93.19,pin_700024,,,False,False
22823047000074,22823047000039,"G-99, BATTIKAL 1ST LANE,KOLKATA-700024,WARD NO-134, BOROUGH- XV, KOLKATA  MUNICIPAL CORPORATION, Kolkata, West Bengal - 700024","G-367/3, ALIF NAGAR LANE,KOLKATA-700024,WARD NO-134, BOROUGH- XV, KOLKATA  MUNICIPAL CORPORATION, Kolkata, West Bengal - 700024",90.04,pin_700024,,,False,False
22823047000074,22822047000182,"G-99, BATTIKAL 1ST LANE,KOLKATA-700024,WARD NO-134, BOROUGH- XV, KOLKATA  MUNICIPAL CORPORATION, Kolkata, West Bengal - 700024","G-374, ALIF NAGAR LANE,KOLKATA-700024,WARD NO-134, BOROUGH- XV, KOLKATA  MUNICIPAL CORPORATION, Kolkata, West Bengal - 700024",90.76,pin_700024,,,False,False
22823047000087,22820047000137,"N-110, PAHARPUR ROAD KOLKATA-700024, WARD-133, BOROUGH- XV, KOLKATA  MUNICIPAL CORPORATION, Kolkata, West Bengal - 700024","Q-1, MUDIALY ROAD KOLKATA-700024, WARD-136, BOROUGH- XV, KOLKATA  MUNICIPAL CORPORATION, Kolkata, West Bengal - 700024",90.3,pin_700024,,,False,False
22825047000097,22825047000113,"N-72 PAHARPUR ROAD, BOROUGH- XV, KOLKATA  MUNICIPAL CORPORATION, Kolkata, West Bengal - 700024","I-67, RAMESHWARPUR ROAD, BOROUGH- XV, KOLKATA  MUNICIPAL CORPORATION, Kolkata, West Bengal - 700024",91.1,pin_700024,,,False,False
22825047000097,22825047000033,"N-72 PAHARPUR ROAD, BOROUGH- XV, KOLKATA  MUNICIPAL CORPORATION, Kolkata, West Bengal - 700024","N-74,PAHAPUR ROAD,KOLKATA, BOROUGH- XV, KOLKATA  MUNICIPAL CORPORATION, Kolkata, West Bengal - 700024",93.26,pin_700024,,,False,False
22825047000097,22823047000031,"N-72 PAHARPUR ROAD, BOROUGH- XV, KOLKATA  MUNICIPAL CORPORATION, Kolkata, West Bengal - 700024","M 82/A PAHAR PUR ROAD, BOROUGH- XV, KOLKATA  MUNICIPAL CORPORATION, Kolkata, West Bengal - 700024",93.12,pin_700024,,,False,False
22816019000776,22820047000084,"J-301, PAHARPUR ROAD, KOL-24, BOROUGH- XV, KOLKATA  MUNICIPAL CORPORATION, Kolkata, West Bengal - 700024","I-62 RAMESHWARPUR ROAD, KOL-24, BOROUGH- XV, KOLKATA  MUNICIPAL CORPORATION, Kolkata, West Bengal - 700024",93.27,pin_700024,,,False,False
22816019000776,22820047000088,"J-301, PAHARPUR ROAD, KOL-24, BOROUGH- XV, KOLKATA  MUNICIPAL CORPORATION, Kolkata, West Bengal - 700024","P-248 RAMESWARPUR ROAD, KOL-24, BOROUGH- XV, KOLKATA  MUNICIPAL CORPORATION, Kolkata, West Bengal - 700024",91.35,pin_700024,,,False,False
22818047000082,22822047000065,"P-252, RAMESHWARPUR ROAD,KOLKATA-700024, WARD NO-135, BOROUGH- XV, KOLKATA  MUNICIPAL CORPORATION, Kolkata, West Bengal - 700024","J - 301, PAHARPUR ROAD,KOLKATA-700024,WARD NO-133, BOROUGH- XV, KOLKATA  MUNICIPAL CORPORATION, Kolkata, West Bengal - 700024",90.84,pin_700024,,,False,False
22818047000082,22824047000065,"P-252, RAMESHWARPUR ROAD,KOLKATA-700024, WARD NO-135, BOROUGH- XV, KOLKATA  MUNICIPAL CORPORATION, Kolkata, West Bengal - 700024","J-351, PAHARPUR ROAD,KOLKATA-700024,WARD NO-133, BOROUGH- XV, KOLKATA  MUNICIPAL CORPORATION, Kolkata, West Bengal - 700024",91.57,pin_700024,,,False,False
22818047000082,12823019001191,"P-252, RAMESHWARPUR ROAD,KOLKATA-700024, WARD NO-135, BOROUGH- XV, KOLKATA  MUNICIPAL CORPORATION, Kolkata, West Bengal - 700024","P-264,RAMESWARPUR ROAD,KOLKATA-700024,WARD NO-135, KOLKATA  MUNICIPAL CORPORATION, Kolkata, West Bengal - 700024",91.6,pin_700024,,,False,False
22825047000113,22821047000231,"I-67, RAMESHWARPUR ROAD, BOROUGH- XV, KOLKATA  MUNICIPAL CORPORATION, Kolkata, West Bengal - 700024","J-305/B, PAHARPUR ROAD, BOROUGH- XV, KOLKATA  MUNICIPAL CORPORATION, Kolkata, West Bengal - 700024",92.31,pin_700024,,,False,False
22825047000113,22825047000189,"I-67, RAMESHWARPUR ROAD, BOROUGH- XV, KOLKATA  MUNICIPAL CORPORATION, Kolkata, West Bengal - 700024","H 71 PAHARPUR ROAD, BOROUGH- XV, KOLKATA  MUNICIPAL CORPORATION, Kolkata, West Bengal - 700024",92.15,pin_700024,,,False,False
22825047000113,22826047000022,"I-67, RAMESHWARPUR ROAD, BOROUGH- XV, KOLKATA  MUNICIPAL CORPORATION, Kolkata, West Bengal - 700024","N-138, PAHARPUR ROAD, BOROUGH- XV, KOLKATA  MUNICIPAL CORPORATION, Kolkata, West Bengal - 700024",90.16,pin_700024,,,False,False
22825047000113,22826047000111,"I-67, RAMESHWARPUR ROAD, BOROUGH- XV, KOLKATA  MUNICIPAL CORPORATION, Kolkata, West Bengal - 700024","H-63, PAHARPUR ROAD,WARD-135, BOROUGH- XV, KOLKATA  MUNICIPAL CORPORATION, Kolkata, West Bengal - 700024",90.55,pin_700024,,,False,False
22825047000113,22825047000027,"I-67, RAMESHWARPUR ROAD, BOROUGH- XV, KOLKATA  MUNICIPAL CORPORATION, Kolkata, West Bengal - 700024","I-186/D PAHARPUR ROAD, BOROUGH- XV, KOLKATA  MUNICIPAL CORPORATION, Kolkata, West Bengal - 700024",93.81,pin_700024,,,False,False
22825047000113,22820047000088,"I-67, RAMESHWARPUR ROAD, BOROUGH- XV, KOLKATA  MUNICIPAL CORPORATION, Kolkata, West Bengal - 700024","P-248 RAMESWARPUR ROAD, KOL-24, BOROUGH- XV, KOLKATA  MUNICIPAL CORPORATION, Kolkata, West Bengal - 700024",92.61,pin_700024,,,False,False
22825047000113,22822047000145,"I-67, RAMESHWARPUR ROAD, BOROUGH- XV, KOLKATA  MUNICIPAL CORPORATION, Kolkata, West Bengal - 700024","J-474/B PAHARPUR ROAD, BOROUGH- XV, KOLKATA  MUNICIPAL CORPORATION, Kolkata, West Bengal - 700024",92.78,pin_700024,,,False,False
22825047000113,22823047000008,"I-67, RAMESHWARPUR ROAD, BOROUGH- XV, KOLKATA  MUNICIPAL CORPORATION, Kolkata, West Bengal - 700024","H-40 PAHARPUR ROAD, BOROUGH- XV, KOLKATA  MUNICIPAL CORPORATION, Kolkata, West Bengal - 700024",93.19,pin_700024,,,False,False
22825047000113,22818019003842,"I-67, RAMESHWARPUR ROAD, BOROUGH- XV, KOLKATA  MUNICIPAL CORPORATION, Kolkata, West Bengal - 700024","J-296, PAHARPUR ROAD, BOROUGH- XV, KOLKATA  MUNICIPAL CORPORATION, Kolkata, West Bengal - 700024",94.3,pin_700024,,,False,False
22821047000231,22823047000031,"J-305/B, PAHARPUR ROAD, BOROUGH- XV, KOLKATA  MUNICIPAL CORPORATION, Kolkata, West Bengal - 700024","M 82/A PAHAR PUR ROAD, BOROUGH- XV, KOLKATA  MUNICIPAL CORPORATION, Kolkata, West Bengal - 700024",91.19,pin_700024,,,False,False
22825047000114,22822047000033,"F-87,GARDEN REACH ROAD,KOLKATA-700024, WARD NO-134, BOROUGH- XV, KOLKATA  MUNICIPAL CORPORATION, Kolkata, West Bengal - 700024","R-141,S.A. FAROOQUIE ROAD,KOLKATA-700024,WARD NO-134, BOROUGH- XV, KOLKATA  MUNICIPAL CORPORATION, Kolkata, West Bengal - 700024",90.48,pin_700024,,,False,False
22825047000114,22821047000260,"F-87,GARDEN REACH ROAD,KOLKATA-700024, WARD NO-134, BOROUGH- XV, KOLKATA  MUNICIPAL CORPORATION, Kolkata, West Bengal - 700024","I-72,RAMESHWAR PUR ROAD,KOLKATA-700024,WARD NO-135, BOROUGH- XV, KOLKATA  MUNICIPAL CORPORATION, Kolkata, West Bengal - 700024",90.4,pin_700024,,,False,False
22825047000114,22822047000109,"F-87,GARDEN REACH ROAD,KOLKATA-700024, WARD NO-134, BOROUGH- XV, KOLKATA  MUNICIPAL CORPORATION, Kolkata, West Bengal - 700024","J-491,PAHARPUR ROAD,KOLKATA-700024,WARD NO-134, BOROUGH- XV, KOLKATA  MUNICIPAL CORPORATION, Kolkata, West Bengal - 700024",90.24,pin_700024,,,False,False
22824047000162,22821047000096,"G-326 ALIF NAGAR LANE , BOROUGH- XV, KOLKATA  MUNICIPAL CORPORATION, Kolkata, West Bengal - 700024","G-308/A/2, RAMNAGAR LANE, BOROUGH- XV, KOLKATA  MUNICIPAL CORPORATION, Kolkata, West Bengal - 700024",90.82,pin_700024,,,False,False
22824047000162,22826047000095,"G-326 ALIF NAGAR LANE , BOROUGH- XV, KOLKATA  MUNICIPAL CORPORATION, Kolkata, West Bengal - 700024","G-247, RAMNAGAR LANE, BOROUGH- XV, KOLKATA  MUNICIPAL CORPORATION, Kolkata, West Bengal - 700024",91.67,pin_700024,,,False,False
22821047000265,22821047000260,"H-39,GARDEN REACH ROAD,KOLKATA-700024,WARD NO-135, BOROUGH- XV, KOLKATA  MUNICIPAL CORPORATION, Kolkata, West Bengal - 700024","I-72,RAMESHWAR PUR ROAD,KOLKATA-700024,WARD NO-135, BOROUGH- XV, KOLKATA  MUNICIPAL CORPORATION, Kolkata, West Bengal - 700024",90.76,pin_700024,,,False,False
22821047000265,22822047000109,"H-39,GARDEN REACH ROAD,KOLKATA-700024,WARD NO-135, BOROUGH- XV, KOLKATA  MUNICIPAL CORPORATION, Kolkata, West Bengal - 700024","J-491,PAHARPUR ROAD,KOLKATA-700024,WARD NO-134, BOROUGH- XV, KOLKATA  MUNICIPAL CORPORATION, Kolkata, West Bengal - 700024",90.61,pin_700024,,,False,False
22821047000265,22824047000065,"H-39,GARDEN REACH ROAD,KOLKATA-700024,WARD NO-135, BOROUGH- XV, KOLKATA  MUNICIPAL CORPORATION, Kolkata, West Bengal - 700024","J-351, PAHARPUR ROAD,KOLKATA-700024,WARD NO-133, BOROUGH- XV, KOLKATA  MUNICIPAL CORPORATION, Kolkata, West Bengal - 700024",91.06,pin_700024,,,False,False
22821047000286,22822047000057,"Q-636, SLAUGHTER HOUSE ROAD,KOLKATA-700024,WARD NO-139, BOROUGH- XV, KOLKATA  MUNICIPAL CORPORATION, Kolkata, West Bengal - 700024","Q-4, S.A. FAROOQUIE ROAD,KOLKATA-700024,WARD NO-136, BOROUGH- XV, KOLKATA  MUNICIPAL CORPORATION, Kolkata, West Bengal - 700024",90.98,pin_700024,,,False,False
22825047000142,22825047000089,"R-133 S.A. FAROOQUIE ROAD, BOROUGH- XV, KOLKATA  MUNICIPAL CORPORATION, Kolkata, West Bengal - 700024","Q 570 S A FAROOQUE ROAD, BOROUGH- XV, KOLKATA  MUNICIPAL CORPORATION, Kolkata, West Bengal - 700024",91.92,pin_700024,,,False,False
22825047000143,22825047000183,"H-72, PAHARPUR ROAD,WARD NO-135, BOROUGH- XV, KOLKATA  MUNICIPAL CORPORATION, Kolkata, West Bengal - 700024","M-57/A/1, PAHARPURROAD,WARD NO-133, BOROUGH- XV, KOLKATA  MUNICIPAL CORPORATION, Kolkata, West Bengal - 700024",91.16,pin_700024,,,False,False
22825047000143,22825047000032,"H-72, PAHARPUR ROAD,WARD NO-135, BOROUGH- XV, KOLKATA  MUNICIPAL CORPORATION, Kolkata, West Bengal - 700024","H-29, GARDEN REACH ROAD,WARD NO-135, BOROUGH- XV, KOLKATA  MUNICIPAL CORPORATION, Kolkata, West Bengal - 700024",91.67,pin_700024,,,False,False
22825047000143,22824047000180,"H-72, PAHARPUR ROAD,WARD NO-135, BOROUGH- XV, KOLKATA  MUNICIPAL CORPORATION, Kolkata, West Bengal - 700024","P-228,RAMESHWARPUR ROAD, WARD NO-135, BOROUGH- XV, KOLKATA  MUNICIPAL CORPORATION, Kolkata, West Bengal - 700024",92.17,pin_700024,,,False,False
22825047000183,22826047000022,"M-57/A/1, PAHARPURROAD,WARD NO-133, BOROUGH- XV, KOLKATA  MUNICIPAL CORPORATION, Kolkata, West Bengal - 700024","N-138, PAHARPUR ROAD, BOROUGH- XV, KOLKATA  MUNICIPAL CORPORATION, Kolkata, West Bengal - 700024",91.18,pin_700024,,,False,False
22825047000183,22818019002402,"M-57/A/1, PAHARPURROAD,WARD NO-133, BOROUGH- XV, KOLKATA  MUNICIPAL CORPORATION, Kolkata, West Bengal - 700024","M-78/A, PAHARPUR ROAD, KOLKATA-700024, WARD NO-133, BOROUGH- XV, KOLKATA  MUNICIPAL CORPORATION, Kolkata, West Bengal - 700024",90.6,pin_700024,,,False,False
22825047000183,22822047000171,"M-57/A/1, PAHARPURROAD,WARD NO-133, BOROUGH- XV, KOLKATA  MUNICIPAL CORPORATION, Kolkata, West Bengal - 700024","I-215, PAHARPUR ROAD, WARD NO-135, BOROUGH- XV, KOLKATA  MUNICIPAL CORPORATION, Kolkata, West Bengal - 700024",90.32,pin_700024,,,False,False
22825047000183,22823047000059,"M-57/A/1, PAHARPURROAD,WARD NO-133, BOROUGH- XV, KOLKATA  MUNICIPAL CORPORATION, Kolkata, West Bengal - 700024","M-121/B, PAHARPUR ROAD, KOL-24, WARD NO-133, BOROUGH- XV, KOLKATA  MUNICIPAL CORPORATION, Kolkata, West Bengal - 700024",91.63,pin_700024,,,False,False
22825047000183,22819047000014,"M-57/A/1, PAHARPURROAD,WARD NO-133, BOROUGH- XV, KOLKATA  MUNICIPAL CORPORATION, Kolkata, West Bengal - 700024","M-82/G. PAHARPUR ROAD,KOL-24,WARD NO-133, BOROUGH- XV, KOLKATA  MUNICIPAL CORPORATION, Kolkata, West Bengal - 700024",91.96,pin_700024,,,False,False
22825047000183,22825047000096,"M-57/A/1, PAHARPURROAD,WARD NO-133, BOROUGH- XV, KOLKATA  MUNICIPAL CORPORATION, Kolkata, West Bengal - 700024","M-93, PAHARPUR ROAD,(WARD NO-133, BOROUGH- XV, KOLKATA  MUNICIPAL CORPORATION, Kolkata, West Bengal - 700024",95.37,pin_700024,,,False,False
22825047000189,22825047000033,"H 71 PAHARPUR ROAD, BOROUGH- XV, KOLKATA  MUNICIPAL CORPORATION, Kolkata, West Bengal - 700024","N-74,PAHAPUR ROAD,KOLKATA, BOROUGH- XV, KOLKATA  MUNICIPAL CORPORATION, Kolkata, West Bengal - 700024",90.16,pin_700024,,,False,False
22825047000189,22823047000031,"H 71 PAHARPUR ROAD, BOROUGH- XV, KOLKATA  MUNICIPAL CORPORATION, Kolkata, West Bengal - 700024","M 82/A PAHAR PUR ROAD, BOROUGH- XV, KOLKATA  MUNICIPAL CORPORATION, Kolkata, West Bengal - 700024",94.18,pin_700024,,,False,False
22821047000252,22821047000283,"I-61, RAMESWARPUR ROAD, KOLKATA- 700024, WARD NO.- 135, BOROUGH- XV, BOROUGH- XV, KOLKATA  MUNICIPAL CORPORATION, Kolkata, West Bengal - 700024","I-108, RAMESHWARPUR ROAD, KOLKATA- 700024, WARDN NO.- 135, BOROUGH- XV, BOROUGH- XV, KOLKATA  MUNICIPAL CORPORATION, Kolkata, West Bengal - 700024",98.26,pin_700024,,,False,False
22821047000252,22821047000245,"I-61, RAMESWARPUR ROAD, KOLKATA- 700024, WARD NO.- 135, BOROUGH- XV, BOROUGH- XV, KOLKATA  MUNICIPAL CORPORATION, Kolkata, West Bengal - 700024","M-25, PAHARPUR ROAD, KOLKATA- 700024. WARD NO.- 133, BOROUGH- XV, BOROUGH- XV, KOLKATA  MUNICIPAL CORPORATION, Kolkata, West Bengal - 700024",91.81,pin_700024,,,False,False
22822047000015,22821047000310,"J-261/J/1,AKSHOY KANAN LANE,KOLKATA-700024,WARD NO-133, BOROUGH- XV, KOLKATA  MUNICIPAL CORPORATION, Kolkata, West Bengal - 700024","G-161,DHANKSHETI LANE,KOLKATA-700024,WARD NO-134, BOROUGH- XV, KOLKATA  MUNICIPAL CORPORATION, Kolkata, West Bengal - 700024",90.48,pin_700024,,,False,False
22825047000023,22824047000180,"J-356, PAHARPUR ROAD,  WARD NO-133 , BOROUGH- XV, KOLKATA  MUNICIPAL CORPORATION, Kolkata, West Bengal - 700024","P-228,RAMESHWARPUR ROAD, WARD NO-135, BOROUGH- XV, KOLKATA  MUNICIPAL CORPORATION, Kolkata, West Bengal - 700024",90.0,pin_700024,,,False,False
22826047000022,22825047000033,"N-138, PAHARPUR ROAD, BOROUGH- XV, KOLKATA  MUNICIPAL CORPORATION, Kolkata, West Bengal - 700024","N-74,PAHAPUR ROAD,KOLKATA, BOROUGH- XV, KOLKATA  MUNICIPAL CORPORATION, Kolkata, West Bengal - 700024",92.31,pin_700024,,,False,False
22826047000022,22824047000180,"N-138, PAHARPUR ROAD, BOROUGH- XV, KOLKATA  MUNICIPAL CORPORATION, Kolkata, West Bengal - 700024","P-228,RAMESHWARPUR ROAD, WARD NO-135, BOROUGH- XV, KOLKATA  MUNICIPAL CORPORATION, Kolkata, West Bengal - 700024",91.26,pin_700024,,,False,False
22826047000022,22823047000031,"N-138, PAHARPUR ROAD, BOROUGH- XV, KOLKATA  MUNICIPAL CORPORATION, Kolkata, West Bengal - 700024","M 82/A PAHAR PUR ROAD, BOROUGH- XV, KOLKATA  MUNICIPAL CORPORATION, Kolkata, West Bengal - 700024",92.15,pin_700024,,,False,False
22821047000097,22823047000036,"J-217, PAHARPUR ROAD KOLKATA-700024, WARD-133, BOROUGH- XV, KOLKATA  MUNICIPAL CORPORATION, Kolkata, West Bengal - 700024","F-79, GARDEN REACH ROAD KOLKATA-700024, WARD-134, BOROUGH- XV, KOLKATA  MUNICIPAL CORPORATION, Kolkata, West Bengal - 700024",90.53,pin_700024,,,False,False
22821047000096,22822047000093,"G-308/A/2, RAMNAGAR LANE, BOROUGH- XV, KOLKATA  MUNICIPAL CORPORATION, Kolkata, West Bengal - 700024","G-407/B, RAMNGAR LANE WARD-134, BOROUGH- XV, KOLKATA  MUNICIPAL CORPORATION, Kolkata, West Bengal - 700024",90.2,pin_700024,,,False,False
22818019010966,22818019006344,"J-305/A, PAHARPUR ROAD, KOLKATA-700024, WARD NO-133, BOROUGH- I, KOLKATA  MUNICIPAL CORPORATION, Kolkata, West Bengal - 700024","P-263/B, RAMESHWARPUR ROAD, KOLKATA-700024, WARD NO-135, BOROUGH- I, KOLKATA  MUNICIPAL CORPORATION, Kolkata, West Bengal - 700024",90.55,pin_700024,,,False,False
22818019012977,22818019006344,"J-481, PAHARPUR ROAD, KOLKATA-700024, WARD NO-133, BOROUGH- XV, KOLKATA  MUNICIPAL CORPORATION, Kolkata, West Bengal - 700024","P-263/B, RAMESHWARPUR ROAD, KOLKATA-700024, WARD NO-135, BOROUGH- I, KOLKATA  MUNICIPAL CORPORATION, Kolkata, West Bengal - 700024",90.12,pin_700024,,,False,False
22825047000057,22825047000033,"N-74,PAHARPUR ROAD,KOLKATA-700024,WARD NO -133, BOROUGH- XV, KOLKATA  MUNICIPAL CORPORATION, Kolkata, West Bengal - 700024","N-74,PAHAPUR ROAD,KOLKATA, BOROUGH- XV, KOLKATA  MUNICIPAL CORPORATION, Kolkata, West Bengal - 700024",90.5,pin_700024,,,False,False
22823047000039,22823047000077,"G-367/3, ALIF NAGAR LANE,KOLKATA-700024,WARD NO-134, BOROUGH- XV, KOLKATA  MUNICIPAL CORPORATION, Kolkata, West Bengal - 700024","G-88, BATTIKAL 1ST LANE,KOLKATA-700024,WARD NO-134, BOROUGH- XV, KOLKATA  MUNICIPAL CORPORATION, Kolkata, West Bengal - 700024",90.04,pin_700024,,,False,False
22825047000033,22823047000008,"N-74,PAHAPUR ROAD,KOLKATA, BOROUGH- XV, KOLKATA  MUNICIPAL CORPORATION, Kolkata, West Bengal - 700024","H-40 PAHARPUR ROAD, BOROUGH- XV, KOLKATA  MUNICIPAL CORPORATION, Kolkata, West Bengal - 700024",90.16,pin_700024,,,False,False
22822047000085,22821047000140,"P-164,MUDIALY 1ST LANE,KOL-24,WARD NO-135, BOROUGH- XV, KOLKATA  MUNICIPAL CORPORATION, Kolkata, West Bengal - 700024","P-99,TIKIA PARA LANE,KOL-24,WARD NO-135, BOROUGH- XV, KOLKATA  MUNICIPAL CORPORATION, Kolkata, West Bengal - 700024",90.43,pin_700024,,,False,False
22823047000043,22821047000310,"G-246,RAMNAGAR LANE(EAST),KOLKATA-700024,WARD NO-134, BOROUGH- XV, KOLKATA  MUNICIPAL CORPORATION, Kolkata, West Bengal - 700024","G-161,DHANKSHETI LANE,KOLKATA-700024,WARD NO-134, BOROUGH- XV, KOLKATA  MUNICIPAL CORPORATION, Kolkata, West Bengal - 700024",90.4,pin_700024,,,False,False
22818019002575,22818047000033,"I-37/A, KASAI PARA LANE, KOLKATA-700024, WARD NO-135, BOROUGH- XV, KOLKATA  MUNICIPAL CORPORATION, Kolkata, West Bengal - 700024","J-312/A/1, AKSHAY KANAN LANE, KOLKATA-700024, WARD NO-133, BOROUGH- XV, KOLKATA  MUNICIPAL CORPORATION, Kolkata, West Bengal - 700024",90.35,pin_700024,,,False,False
22818019002575,22817019005550,"I-37/A, KASAI PARA LANE, KOLKATA-700024, WARD NO-135, BOROUGH- XV, KOLKATA  MUNICIPAL CORPORATION, Kolkata, West Bengal - 700024","H-96, RAMNAGAR LANE, KOLKATA-700024, WARD NO-135, BOROUGH- XV, KOLKATA  MUNICIPAL CORPORATION, Kolkata, West Bengal - 700024",91.2,pin_700024,,,False,False
22818019002575,22818019004962,"I-37/A, KASAI PARA LANE, KOLKATA-700024, WARD NO-135, BOROUGH- XV, KOLKATA  MUNICIPAL CORPORATION, Kolkata, West Bengal - 700024","J-96, RAMNAGAR LANE, KOLKATA-700024, WARD NO-134, BOROUGH- XV, KOLKATA  MUNICIPAL CORPORATION, Kolkata, West Bengal - 700024",90.4,pin_700024,,,False,False
22825047000032,22822047000092,"H-29, GARDEN REACH ROAD,WARD NO-135, BOROUGH- XV, KOLKATA  MUNICIPAL CORPORATION, Kolkata, West Bengal - 700024","H-96, PAHARPUR ROAD, WARD NO.135, BOROUGH- XV, KOLKATA  MUNICIPAL CORPORATION, Kolkata, West Bengal - 700024",90.32,pin_700024,,135,False,False
22816019000442,22824047000180,"P-263/B, RAMESWARPUR_x000d_
ROAD, WARD NO.135, BOROUGH- XV, KOLKATA  MUNICIPAL CORPORATION, Kolkata, West Bengal - 700024","P-228,RAMESHWARPUR ROAD, WARD NO-135, BOROUGH- XV, KOLKATA  MUNICIPAL CORPORATION, Kolkata, West Bengal - 700024",92.64,pin_700024,135,,False,False
22826047000090,22826047000095,"G-201/C, SHYAM LAL LANE, BOROUGH- XV, KOLKATA  MUNICIPAL CORPORATION, Kolkata, West Bengal - 700024","G-247, RAMNAGAR LANE, BOROUGH- XV, KOLKATA  MUNICIPAL CORPORATION, Kolkata, West Bengal - 700024",90.16,pin_700024,,,False,False
22826047000087,22821047000069,"R- 84, S. A. FAROOQUE ROAD, KOLKATA , BOROUGH- XV, KOLKATA  MUNICIPAL CORPORATION, Kolkata, West Bengal - 700024","R-108/2, S. A. FAROOQUIE ROAD, BOROUGH- XV, KOLKATA  MUNICIPAL CORPORATION, Kolkata, West Bengal - 700024",90.23,pin_700024,,,False,False
22826047000095,22822047000093,"G-247, RAMNAGAR LANE, BOROUGH- XV, KOLKATA  MUNICIPAL CORPORATION, Kolkata, West Bengal - 700024","G-407/B, RAMNGAR LANE WARD-134, BOROUGH- XV, KOLKATA  MUNICIPAL CORPORATION, Kolkata, West Bengal - 700024",92.0,pin_700024,,,False,False
22822047000102,22824047000065,"H-1, GARDEN REACH ROAD,KOLKATA-700024,WARD NO-135, BOROUGH- XV, KOLKATA  MUNICIPAL CORPORATION, Kolkata, West Bengal - 700024","J-351, PAHARPUR ROAD,KOLKATA-700024,WARD NO-133, BOROUGH- XV, KOLKATA  MUNICIPAL CORPORATION, Kolkata, West Bengal - 700024",91.06,pin_700024,,,False,False
22822047000092,22824047000180,"H-96, PAHARPUR ROAD, WARD NO.135, BOROUGH- XV, KOLKATA  MUNICIPAL CORPORATION, Kolkata, West Bengal - 700024","P-228,RAMESHWARPUR ROAD, WARD NO-135, BOROUGH- XV, KOLKATA  MUNICIPAL CORPORATION, Kolkata, West Bengal - 700024",91.74,pin_700024,135,,False,False
22825047000089,22822047000045,"Q 570 S A FAROOQUE ROAD, BOROUGH- XV, KOLKATA  MUNICIPAL CORPORATION, Kolkata, West Bengal - 700024","Q-48 S A FAROOQUIE ROAD, BOROUGH- XV, KOLKATA  MUNICIPAL CORPORATION, Kolkata, West Bengal - 700024",95.92,pin_700024,,,False,False
22825047000089,22821047000069,"Q 570 S A FAROOQUE ROAD, BOROUGH- XV, KOLKATA  MUNICIPAL CORPORATION, Kolkata, West Bengal - 700024","R-108/2, S. A. FAROOQUIE ROAD, BOROUGH- XV, KOLKATA  MUNICIPAL CORPORATION, Kolkata, West Bengal - 700024",92.08,pin_700024,,,False,False
22820047000084,22825047000027,"I-62 RAMESHWARPUR ROAD, KOL-24, BOROUGH- XV, KOLKATA  MUNICIPAL CORPORATION, Kolkata, West Bengal - 700024","I-186/D PAHARPUR ROAD, BOROUGH- XV, KOLKATA  MUNICIPAL CORPORATION, Kolkata, West Bengal - 700024",90.55,pin_700024,,,False,False
22820047000084,22820047000088,"I-62 RAMESHWARPUR ROAD, KOL-24, BOROUGH- XV, KOLKATA  MUNICIPAL CORPORATION, Kolkata, West Bengal - 700024","P-248 RAMESWARPUR ROAD, KOL-24, BOROUGH- XV, KOLKATA  MUNICIPAL CORPORATION, Kolkata, West Bengal - 700024",94.29,pin_700024,,,False,False
22820047000084,22823047000008,"I-62 RAMESHWARPUR ROAD, KOL-24, BOROUGH- XV, KOLKATA  MUNICIPAL CORPORATION, Kolkata, West Bengal - 700024","H-40 PAHARPUR ROAD, BOROUGH- XV, KOLKATA  MUNICIPAL CORPORATION, Kolkata, West Bengal - 700024",90.91,pin_700024,,,False,False
22820047000084,22818019003842,"I-62 RAMESHWARPUR ROAD, KOL-24, BOROUGH- XV, KOLKATA  MUNICIPAL CORPORATION, Kolkata, West Bengal - 700024","J-296, PAHARPUR ROAD, BOROUGH- XV, KOLKATA  MUNICIPAL CORPORATION, Kolkata, West Bengal - 700024",91.0,pin_700024,,,False,False
22823047000010,22818019003842,"H-29, GARDEN REACH ROAD, BOROUGH- XV, KOLKATA  MUNICIPAL CORPORATION, Kolkata, West Bengal - 700024","J-296, PAHARPUR ROAD, BOROUGH- XV, KOLKATA  MUNICIPAL CORPORATION, Kolkata, West Bengal - 700024",90.16,pin_700024,,,False,False
22823047000096,22822047000065,"P-261, RAMESHWARPUR ROAD,KOLKATA-700024,WARD NO-135, BOROUGH- XV, KOLKATA  MUNICIPAL CORPORATION, Kolkata, West Bengal - 700024","J - 301, PAHARPUR ROAD,KOLKATA-700024,WARD NO-133, BOROUGH- XV, KOLKATA  MUNICIPAL CORPORATION, Kolkata, West Bengal - 700024",91.2,pin_700024,,,False,False
22823047000096,22824047000065,"P-261, RAMESHWARPUR ROAD,KOLKATA-700024,WARD NO-135, BOROUGH- XV, KOLKATA  MUNICIPAL CORPORATION, Kolkata, West Bengal - 700024","J-351, PAHARPUR ROAD,KOLKATA-700024,WARD NO-133, BOROUGH- XV, KOLKATA  MUNICIPAL CORPORATION, Kolkata, West Bengal - 700024",91.94,pin_700024,,,False,False
22823047000096,12823019001191,"P-261, RAMESHWARPUR ROAD,KOLKATA-700024,WARD NO-135, BOROUGH- XV, KOLKATA  MUNICIPAL CORPORATION, Kolkata, West Bengal - 700024","P-264,RAMESWARPUR ROAD,KOLKATA-700024,WARD NO-135, KOLKATA  MUNICIPAL CORPORATION, Kolkata, West Bengal - 700024",92.83,pin_700024,,,False,False
22821047000213,22822047000171,"I-1/E GARDEN REACH ROAD, WARD NO-135, BOROUGH- XV, KOLKATA  MUNICIPAL CORPORATION, Kolkata, West Bengal - 700024","I-215, PAHARPUR ROAD, WARD NO-135, BOROUGH- XV, KOLKATA  MUNICIPAL CORPORATION, Kolkata, West Bengal - 700024",90.41,pin_700024,,,False,False
22821047000213,22825047000056,"I-1/E GARDEN REACH ROAD, WARD NO-135, BOROUGH- XV, KOLKATA  MUNICIPAL CORPORATION, Kolkata, West Bengal - 700024","I-125/A, PAHARPUR ROAD,WARD NO-135, BOROUGH- XV, KOLKATA  MUNICIPAL CORPORATION, Kolkata, West Bengal - 700024",90.0,pin_700024,,,False,False
22820047000120,22822047000118,"Q-411/2A/1, SANTOSH PUR ROAD, KOLKATA 700024, WARD NO-136, BOROUGH- XV, KOLKATA  MUNICIPAL CORPORATION, Kolkata, West Bengal - 700024","Q-319/1, UMESH NEOGY ROAD KOLKATA 700024, WARD NO-136, BOROUGH- XV, KOLKATA  MUNICIPAL CORPORATION, Kolkata, West Bengal - 700024",90.0,pin_700024,,,False,False
22821047000260,22822047000109,"I-72,RAMESHWAR PUR ROAD,KOLKATA-700024,WARD NO-135, BOROUGH- XV, KOLKATA  MUNICIPAL CORPORATION, Kolkata, West Bengal - 700024","J-491,PAHARPUR ROAD,KOLKATA-700024,WARD NO-134, BOROUGH- XV, KOLKATA  MUNICIPAL CORPORATION, Kolkata, West Bengal - 700024",91.06,pin_700024,,,False,False
22821047000260,22822047000161,"I-72,RAMESHWAR PUR ROAD,KOLKATA-700024,WARD NO-135, BOROUGH- XV, KOLKATA  MUNICIPAL CORPORATION, Kolkata, West Bengal - 700024","H-28,GARDEN REACH ROAD,KOLKATA-700024,WARD NO-135, BOROUGH- XV, KOLKATA  MUNICIPAL CORPORATION, Kolkata, West Bengal - 700024",91.57,pin_700024,,,False,False
22821047000260,22821047000166,"I-72,RAMESHWAR PUR ROAD,KOLKATA-700024,WARD NO-135, BOROUGH- XV, KOLKATA  MUNICIPAL CORPORATION, Kolkata, West Bengal - 700024","J-223,PAHARPUR ROAD,KOL-700024,WARD NO-133, BOROUGH- XV, KOLKATA  MUNICIPAL CORPORATION, Kolkata, West Bengal - 700024",90.08,pin_700024,,,False,False
22821047000260,22822047000006,"I-72,RAMESHWAR PUR ROAD,KOLKATA-700024,WARD NO-135, BOROUGH- XV, KOLKATA  MUNICIPAL CORPORATION, Kolkata, West Bengal - 700024","I-17/A,GARDEN REACH ROAD,KOLKATA-700024,WARD NO-135, BOROUGH- XV, KOLKATA  MUNICIPAL CORPORATION, Kolkata, West Bengal - 700024",91.63,pin_700024,,,False,False
22821047000260,22824047000065,"I-72,RAMESHWAR PUR ROAD,KOLKATA-700024,WARD NO-135, BOROUGH- XV, KOLKATA  MUNICIPAL CORPORATION, Kolkata, West Bengal - 700024","J-351, PAHARPUR ROAD,KOLKATA-700024,WARD NO-133, BOROUGH- XV, KOLKATA  MUNICIPAL CORPORATION, Kolkata, West Bengal - 700024",90.69,pin_700024,,,False,False
22821047000283,22821047000245,"I-108, RAMESHWARPUR ROAD, KOLKATA- 700024, WARDN NO.- 135, BOROUGH- XV, BOROUGH- XV, KOLKATA  MUNICIPAL CORPORATION, Kolkata, West Bengal - 700024","M-25, PAHARPUR ROAD, KOLKATA- 700024. WARD NO.- 133, BOROUGH- XV, BOROUGH- XV, KOLKATA  MUNICIPAL CORPORATION, Kolkata, West Bengal - 700024",91.55,pin_700024,,,False,False
22824047000180,22822047000171,"P-228,RAMESHWARPUR ROAD, WARD NO-135, BOROUGH- XV, KOLKATA  MUNICIPAL CORPORATION, Kolkata, West Bengal - 700024","I-215, PAHARPUR ROAD, WARD NO-135, BOROUGH- XV, KOLKATA  MUNICIPAL CORPORATION, Kolkata, West Bengal - 700024",92.24,pin_700024,,,False,False
22824047000180,22823047000022,"P-228,RAMESHWARPUR ROAD, WARD NO-135, BOROUGH- XV, KOLKATA  MUNICIPAL CORPORATION, Kolkata, West Bengal - 700024","I-216/A, PAHARPUR ROAD, WARD NO.135, BOROUGH- XV, KOLKATA  MUNICIPAL CORPORATION, Kolkata, West Bengal - 700024",90.5,pin_700024,,135,False,False
22824047000180,22825047000096,"P-228,RAMESHWARPUR ROAD, WARD NO-135, BOROUGH- XV, KOLKATA  MUNICIPAL CORPORATION, Kolkata, West Bengal - 700024","M-93, PAHARPUR ROAD,(WARD NO-133, BOROUGH- XV, KOLKATA  MUNICIPAL CORPORATION, Kolkata, West Bengal - 700024",90.83,pin_700024,,,False,False
22824047000180,22825047000056,"P-228,RAMESHWARPUR ROAD, WARD NO-135, BOROUGH- XV, KOLKATA  MUNICIPAL CORPORATION, Kolkata, West Bengal - 700024","I-125/A, PAHARPUR ROAD,WARD NO-135, BOROUGH- XV, KOLKATA  MUNICIPAL CORPORATION, Kolkata, West Bengal - 700024",90.91,pin_700024,,,False,False
22825047000027,22823047000031,"I-186/D PAHARPUR ROAD, BOROUGH- XV, KOLKATA  MUNICIPAL CORPORATION, Kolkata, West Bengal - 700024","M 82/A PAHAR PUR ROAD, BOROUGH- XV, KOLKATA  MUNICIPAL CORPORATION, Kolkata, West Bengal - 700024",91.67,pin_700024,,,False,False
22818019006344,22817019005632,"P-263/B, RAMESHWARPUR ROAD, KOLKATA-700024, WARD NO-135, BOROUGH- I, KOLKATA  MUNICIPAL CORPORATION, Kolkata, West Bengal - 700024","J-296, PAHARPUR ROAD, KOLKATA-700024, WARD NO-133, BOROUGH- I, KOLKATA  MUNICIPAL CORPORATION, Kolkata, West Bengal - 700024",91.27,pin_700024,,,False,False
22818019006344,12816019001356,"P-263/B, RAMESHWARPUR ROAD, KOLKATA-700024, WARD NO-135, BOROUGH- I, KOLKATA  MUNICIPAL CORPORATION, Kolkata, West Bengal - 700024","J196, PAHARPUR ROAD KOLKATA-700024, WARD NO-133, BOROUGH-XV, KOLKATA  MUNICIPAL CORPORATION, Kolkata, West Bengal - 700024",90.4,pin_700024,,,False,False
22822047000109,22822047000103,"J-491,PAHARPUR ROAD,KOLKATA-700024,WARD NO-134, BOROUGH- XV, KOLKATA  MUNICIPAL CORPORATION, Kolkata, West Bengal - 700024","J-407,FATHEPUR VILLAGE ROAD,KOLKATA-700024,WARD NO-133, BOROUGH- XV, KOLKATA  MUNICIPAL CORPORATION, Kolkata, West Bengal - 700024",92.0,pin_700024,,,False,False
22820047000088,22823047000008,"P-248 RAMESWARPUR ROAD, KOL-24, BOROUGH- XV, KOLKATA  MUNICIPAL CORPORATION, Kolkata, West Bengal - 700024","H-40 PAHARPUR ROAD, BOROUGH- XV, KOLKATA  MUNICIPAL CORPORATION, Kolkata, West Bengal - 700024",90.91,pin_700024,,,False,False
22820047000088,22818019003842,"P-248 RAMESWARPUR ROAD, KOL-24, BOROUGH- XV, KOLKATA  MUNICIPAL CORPORATION, Kolkata, West Bengal - 700024","J-296, PAHARPUR ROAD, BOROUGH- XV, KOLKATA  MUNICIPAL CORPORATION, Kolkata, West Bengal - 700024",91.0,pin_700024,,,False,False
22822047000145,22823047000031,"J-474/B PAHARPUR ROAD, BOROUGH- XV, KOLKATA  MUNICIPAL CORPORATION, Kolkata, West Bengal - 700024","M 82/A PAHAR PUR ROAD, BOROUGH- XV, KOLKATA  MUNICIPAL CORPORATION, Kolkata, West Bengal - 700024",91.67,pin_700024,,,False,False
22825047000188,22826047000052,"F 26/D SHAHI ASTABAL LANE, BOROUGH- XV, KOLKATA  MUNICIPAL CORPORATION, Kolkata, West Bengal - 700024","F 58/A ATABAG LANE, BOROUGH- XV, KOLKATA  MUNICIPAL CORPORATION, Kolkata, West Bengal - 700024",92.23,pin_700024,,,False,False
22822047000182,22823047000077,"G-374, ALIF NAGAR LANE,KOLKATA-700024,WARD NO-134, BOROUGH- XV, KOLKATA  MUNICIPAL CORPORATION, Kolkata, West Bengal - 700024","G-88, BATTIKAL 1ST LANE,KOLKATA-700024,WARD NO-134, BOROUGH- XV, KOLKATA  MUNICIPAL CORPORATION, Kolkata, West Bengal - 700024",90.76,pin_700024,,,False,False
22823047000008,22823047000031,"H-40 PAHARPUR ROAD, BOROUGH- XV, KOLKATA  MUNICIPAL CORPORATION, Kolkata, West Bengal - 700024","M 82/A PAHAR PUR ROAD, BOROUGH- XV, KOLKATA  MUNICIPAL CORPORATION, Kolkata, West Bengal - 700024",93.12,pin_700024,,,False,False
22818019003842,22823047000031,"J-296, PAHARPUR ROAD, BOROUGH- XV, KOLKATA  MUNICIPAL CORPORATION, Kolkata, West Bengal - 700024","M 82/A PAHAR PUR ROAD, BOROUGH- XV, KOLKATA  MUNICIPAL CORPORATION, Kolkata, West Bengal - 700024",92.15,pin_700024,,,False,False
22822047000161,22824047000065,"H-28,GARDEN REACH ROAD,KOLKATA-700024,WARD NO-135, BOROUGH- XV, KOLKATA  MUNICIPAL CORPORATION, Kolkata, West Bengal - 700024","J-351, PAHARPUR ROAD,KOLKATA-700024,WARD NO-133, BOROUGH- XV, KOLKATA  MUNICIPAL CORPORATION, Kolkata, West Bengal - 700024",90.24,pin_700024,,,False,False
22821047000166,22822047000103,"J-223,PAHARPUR ROAD,KOL-700024,WARD NO-133, BOROUGH- XV, KOLKATA  MUNICIPAL CORPORATION, Kolkata, West Bengal - 700024","J-407,FATHEPUR VILLAGE ROAD,KOLKATA-700024,WARD NO-133, BOROUGH- XV, KOLKATA  MUNICIPAL CORPORATION, Kolkata, West Bengal - 700024",90.24,pin_700024,,,False,False
22822047000006,22824047000065,"I-17/A,GARDEN REACH ROAD,KOLKATA-700024,WARD NO-135, BOROUGH- XV, KOLKATA  MUNICIPAL CORPORATION, Kolkata, West Bengal - 700024","J-351, PAHARPUR ROAD,KOLKATA-700024,WARD NO-133, BOROUGH- XV, KOLKATA  MUNICIPAL CORPORATION, Kolkata, West Bengal - 700024",90.32,pin_700024,,,False,False
22817019005632,12818019001902,"J-296, PAHARPUR ROAD, KOLKATA-700024, WARD NO-133, BOROUGH- I, KOLKATA  MUNICIPAL CORPORATION, Kolkata, West Bengal - 700024","I-60, RAMESHWARPUR ROAD, KOLKATA-700024, WARD NO-135, KOLKATA  MUNICIPAL CORPORATION, Kolkata, West Bengal - 700024",90.3,pin_700024,,,False,False
12818019001902,12823019001728,"I-60, RAMESHWARPUR ROAD, KOLKATA-700024, WARD NO-135, KOLKATA  MUNICIPAL CORPORATION, Kolkata, West Bengal - 700024","I-72, RAMESWARPUR ROAD, KOLKATA-700024, WARD NO-135 , KOLKATA  MUNICIPAL CORPORATION, Kolkata, West Bengal - 700024",96.49,pin_700024,,,False,False
12818019001902,12817019001856,"I-60, RAMESHWARPUR ROAD, KOLKATA-700024, WARD NO-135, KOLKATA  MUNICIPAL CORPORATION, Kolkata, West Bengal - 700024","J-490, PAHARPUR ROAD KOLKATA-24, WARD NO-134, KOLKATA  MUNICIPAL CORPORATION, Kolkata, West Bengal - 700024",91.82,pin_700024,,,False,False
12818019001902,12821019002057,"I-60, RAMESHWARPUR ROAD, KOLKATA-700024, WARD NO-135, KOLKATA  MUNICIPAL CORPORATION, Kolkata, West Bengal - 700024","J-257/2 PAHARPUR ROAD, KOLKATA-700024, WARD NO-133, KOLKATA  MUNICIPAL CORPORATION, Kolkata, West Bengal - 700024",92.04,pin_700024,,,False,False
12820019001394,12822019000228,"Q-562/A, S.A FAROOQUE ROAD KOLKATA-700024, WARD-139, BOROUGH-XV, KOLKATA  MUNICIPAL CORPORATION, Kolkata, West Bengal - 700024","R-84 S.A FAROOQUIE ROAD KOLKATA-700024, WARD-137, BOROUGH-XV, KOLKATA  MUNICIPAL CORPORATION, Kolkata, West Bengal - 700024",94.74,pin_700024,,,False,False
12820019001394,12822019001690,"Q-562/A, S.A FAROOQUE ROAD KOLKATA-700024, WARD-139, BOROUGH-XV, KOLKATA  MUNICIPAL CORPORATION, Kolkata, West Bengal - 700024","Q-567, S.A FAROOQUIE ROAD KOLKATA-700024, WARD-139, BOROUGH-XV, KOLKATA  MUNICIPAL CORPORATION, Kolkata, West Bengal - 700024",97.99,pin_700024,,,False,False
12822019000550,12823019002519,"J-581,PAHARPUR ROAD,KOLKATA-700024,WARD NO-134, KOLKATA  MUNICIPAL CORPORATION, Kolkata, West Bengal - 700024","J-573/1,FATHEPUR VILLAGE ROAD,KOLKATA-700024,WARD NO-133, KOLKATA  MUNICIPAL CORPORATION, Kolkata, West Bengal - 700024",91.15,pin_700024,,,False,False
12819019000825,12823019001191,"P-257,RAMESWHAR PUR ROAD,KOL-24,WARD NO-135,(BR-XV), KOLKATA  MUNICIPAL CORPORATION, Kolkata, West Bengal - 700024","P-264,RAMESWARPUR ROAD,KOLKATA-700024,WARD NO-135, KOLKATA  MUNICIPAL CORPORATION, Kolkata, West Bengal - 700024",90.18,pin_700024,,,False,False
12822019001140,12825019000556,"F-55, ATA BAG LANE, GARDEN REACH, KOLKATA  MUNICIPAL CORPORATION, Kolkata, West Bengal - 700024","F-55 ATABAG LANE, KOLKATA  MUNICIPAL CORPORATION, Kolkata, West Bengal - 700024",90.7,pin_700024,,,False,False
12821019001192,12825019000149,"P/283/A/1, MUDIALI ROAD, KOLKATA  MUNICIPAL CORPORATION, Kolkata, West Bengal - 700024","P-293/F, MUDIALY ROAD, KOLKATA  MUNICIPAL CORPORATION, Kolkata, West Bengal - 700024",94.05,pin_700024,,,False,False
12821019001192,12826019000286,"P/283/A/1, MUDIALI ROAD, KOLKATA  MUNICIPAL CORPORATION, Kolkata, West Bengal - 700024","O-141/A MUDIALY ROAD, KOLKATA  MUNICIPAL CORPORATION, Kolkata, West Bengal - 700024",91.02,pin_700024,,,False,False
12822019002840,12826019000788,"J-200/A PAHARPUR ROAD, KOLKATA  MUNICIPAL CORPORATION, Kolkata, West Bengal - 700024","I-99 RAMESHWARPUR ROAD, KOLKATA  MUNICIPAL CORPORATION, Kolkata, West Bengal - 700024",91.02,pin_700024,,,False,False
12822019000234,12823019001856,"G-15, SHYAMLAL LANE, WARD NO-135, KOLKATA  MUNICIPAL CORPORATION, Kolkata, West Bengal - 700024","J-95, RAMNAGAR LANE, WARD NO-133, KOLKATA  MUNICIPAL CORPORATION, Kolkata, West Bengal - 700024",91.49,pin_700024,,,False,False
12824019000575,12821019003252,"Q-124/B,SHIMPUKUR LANE,KOLKATA-700024,WARD NO-136, KOLKATA  MUNICIPAL CORPORATION, Kolkata, West Bengal - 700024","O-75/A,FATHEPUR 2ND LANE,KOLKATA-700024,WARD NO-136, KOLKATA  MUNICIPAL CORPORATION, Kolkata, West Bengal - 700024",90.18,pin_700024,,,False,False
12823019001191,12822019000366,"P-264,RAMESWARPUR ROAD,KOLKATA-700024,WARD NO-135, KOLKATA  MUNICIPAL CORPORATION, Kolkata, West Bengal - 700024","P-65, GARDEN REACH ROAD,KOLKATA-700024,WARD NO-135, KOLKATA  MUNICIPAL CORPORATION, Kolkata, West Bengal - 700024",90.58,pin_700024,,,False,False
12823019001191,12822019000874,"P-264,RAMESWARPUR ROAD,KOLKATA-700024,WARD NO-135, KOLKATA  MUNICIPAL CORPORATION, Kolkata, West Bengal - 700024","J-470, PAHARPUR ROAD,KOLKATA-700024,WARD NO-133, KOLKATA  MUNICIPAL CORPORATION, Kolkata, West Bengal - 700024",90.91,pin_700024,,,False,False
12823019001728,12821019002057,"I-72, RAMESWARPUR ROAD, KOLKATA-700024, WARD NO-135 , KOLKATA  MUNICIPAL CORPORATION, Kolkata, West Bengal - 700024","J-257/2 PAHARPUR ROAD, KOLKATA-700024, WARD NO-133, KOLKATA  MUNICIPAL CORPORATION, Kolkata, West Bengal - 700024",92.04,pin_700024,,,False,False
12824019002435,12826019000788,"J-179, PAHARPUR ROAD, KOLKATA  MUNICIPAL CORPORATION, Kolkata, West Bengal - 700024","I-99 RAMESHWARPUR ROAD, KOLKATA  MUNICIPAL CORPORATION, Kolkata, West Bengal - 700024",92.77,pin_700024,,,False,False
12822019002877,12826019000788,"N-20,PAHARPUR ROAD, KOLKATA  MUNICIPAL CORPORATION, Kolkata, West Bengal - 700024","I-99 RAMESHWARPUR ROAD, KOLKATA  MUNICIPAL CORPORATION, Kolkata, West Bengal - 700024",90.24,pin_700024,,,False,False
12826019000146,12826019000788,"J-370 PAHARPUR ROAD, KOLKATA  MUNICIPAL CORPORATION, Kolkata, West Bengal - 700024","I-99 RAMESHWARPUR ROAD, KOLKATA  MUNICIPAL CORPORATION, Kolkata, West Bengal - 700024",92.12,pin_700024,,,False,False
12826019000788,12825019000738,"I-99 RAMESHWARPUR ROAD, KOLKATA  MUNICIPAL CORPORATION, Kolkata, West Bengal - 700024","J-305/B PAHARPUR ROAD, KOLKATA  MUNICIPAL CORPORATION, Kolkata, West Bengal - 700024",91.02,pin_700024,,,False,False
22822041000115,22823041000039,"T53D CHETLA ROAD, BOROUGH- IX, KOLKATA  MUNICIPAL CORPORATION, Kolkata, West Bengal - 700027","12 E CHETALA ROAD, WORD NO-82, BOROUGH- IX, KOLKATA  MUNICIPAL CORPORATION, Kolkata, West Bengal - 700027",90.26,pin_700027,,12,False,False
12823019000887,12822019001991,"GROUND FLOOR, 8/1A HINDUSTHAN PARK, KOLKATA  MUNICIPAL CORPORATION, Kolkata, West Bengal - 700029","8/1A, HINDUSTAN PARK, GR. FLOOR, KOLKATA  MUNICIPAL CORPORATION, Kolkata, West Bengal - 700029",96.3,pin_700029,,8/1A,False,False
12822019002148,12824019001481,"17A, ANIL ROY ROAD, GROUND FLOOR, KOLKATA  MUNICIPAL CORPORATION, Kolkata, West Bengal - 700029","GROUND FLOOR, 195A, SARAT BOSE ROAD, KOLKATA  MUNICIPAL CORPORATION, Kolkata, West Bengal - 700029",91.1,pin_700029,17A,,False,False
22824033000219,22824033000253,"B/21/H/1, DUM DUM ROAD,WARD-4, BOROUGH- I, KOLKATA  MUNICIPAL CORPORATION, Kolkata, West Bengal - 700030","6/1 DUMDUM ROAD WARD-2, BOROUGH- I, KOLKATA  MUNICIPAL CORPORATION, Kolkata, West Bengal - 700030",90.45,pin_700030,,6/1,False,False
22821033000641,22819033000495,"B/7/H/16 DUM DUM ROAD, BOROUGH- I, KOLKATA  MUNICIPAL CORPORATION, Kolkata, West Bengal - 700030","15/2A DUMDUM ROAD, BOROUGH- I, KOLKATA  MUNICIPAL CORPORATION, Kolkata, West Bengal - 700030",91.4,pin_700030,,15/2A,False,False
22824033000253,22823033000020,"6/1 DUMDUM ROAD WARD-2, BOROUGH- I, KOLKATA  MUNICIPAL CORPORATION, Kolkata, West Bengal - 700030","B/7/H/1, DUM DUM ROAD, WARD- 002, BOROUGH- I, KOLKATA  MUNICIPAL CORPORATION, Kolkata, West Bengal - 700030",90.1,pin_700030,6/1,,False,False
22822042000377,22825042000386,"1, BOROUGH-X, KOLKATA  MUNICIPAL CORPORATION, Kolkata, West Bengal - 700031","DHAKURIA, BOROUGH-X, KOLKATA  MUNICIPAL CORPORATION, Kolkata, West Bengal - 700031",91.61,pin_700031,1,,False,False
22824042000310,22826042000009,"TELIPARA LANE , BOROUGH-X, KOLKATA  MUNICIPAL CORPORATION, Kolkata, West Bengal - 700031","3Y NASKAR PARA LANE, BOROUGH-X, KOLKATA  MUNICIPAL CORPORATION, Kolkata, West Bengal - 700031",90.5,pin_700031,,3Y,False,False
22824042000310,22821042000366,"TELIPARA LANE , BOROUGH-X, KOLKATA  MUNICIPAL CORPORATION, Kolkata, West Bengal - 700031","27J K. P. ROY LANE , BOROUGH-X, KOLKATA  MUNICIPAL CORPORATION, Kolkata, West Bengal - 700031",90.5,pin_700031,,27J,False,False
22824042000310,22825042000064,"TELIPARA LANE , BOROUGH-X, KOLKATA  MUNICIPAL CORPORATION, Kolkata, West Bengal - 700031","2/2A/1 SELIMPUR LANE, BOROUGH-X, KOLKATA  MUNICIPAL CORPORATION, Kolkata, West Bengal - 700031",91.11,pin_700031,,2/2A/1,False,False
12816019001018,12816019001020,"P-61, BABU BAGAN LANE, KOLKATA - 700031, KOLKATA  MUNICIPAL CORPORATION, Kolkata, West Bengal - 700031","P-61 BABUBAGAN LANE, KOLKATA - 700031, KOLKATA  MUNICIPAL CORPORATION, Kolkata, West Bengal - 700031",99.0,pin_700031,,,False,False
22821042000728,22823042000983,"2/129, BEJOYGARH, BOROUGH-X, KOLKATA  MUNICIPAL CORPORATION, Kolkata, West Bengal - 700032","FLAT S1, 4/13B BIJOYGARH, BOROUGH-X, KOLKATA  MUNICIPAL CORPORATION, Kolkata, West Bengal - 700032",90.32,pin_700032,2/129,,False,False
22821042001095,22824042000762,"1/9/7, BIJOYGARH, BOROUGH-X, KOLKATA  MUNICIPAL CORPORATION, Kolkata, West Bengal - 700032","BEJOGARH 6/79/1 BEJOYGARH, BOROUGH-X, KOLKATA  MUNICIPAL CORPORATION, Kolkata, West Bengal - 700032",90.91,pin_700032,1/9/7,,False,False
22821042000928,22823042000983,"3/37C, BEJOYGARH, BOROUGH-X, KOLKATA  MUNICIPAL CORPORATION, Kolkata, West Bengal - 700032","FLAT S1, 4/13B BIJOYGARH, BOROUGH-X, KOLKATA  MUNICIPAL CORPORATION, Kolkata, West Bengal - 700032",90.32,pin_700032,3/37C,,False,False
22821042001617,22824042000762,"7/11A, BIJOYGARH, BOROUGH-X, KOLKATA  MUNICIPAL CORPORATION, Kolkata, West Bengal - 700032","BEJOGARH 6/79/1 BEJOYGARH, BOROUGH-X, KOLKATA  MUNICIPAL CORPORATION, Kolkata, West Bengal - 700032",90.91,pin_700032,7/11A,,False,False
22822042000430,22824042000696,"AVIJIT DEY    8/59/1 BIJOYGARH, WARD NO-095, BOROUGH-X, KOLKATA  MUNICIPAL CORPORATION, Kolkata, West Bengal - 700032","8/59/1 BEJOGARH, WARD NO.095, BOROUGH-X, KOLKATA  MUNICIPAL CORPORATION, Kolkata, West Bengal - 700032",92.52,pin_700032,,8/59/1,False,False
22823042000095,22824042000762,"2/139 BIJOYGARH (2/139 BIJOYGARH), BOROUGH-X, KOLKATA  MUNICIPAL CORPORATION, Kolkata, West Bengal - 700032","BEJOGARH 6/79/1 BEJOYGARH, BOROUGH-X, KOLKATA  MUNICIPAL CORPORATION, Kolkata, West Bengal - 700032",90.2,pin_700032,2/139,,False,False
22823042000423,22824042000762,"1/4 BIJOYGARH, BOROUGH-X, KOLKATA  MUNICIPAL CORPORATION, Kolkata, West Bengal - 700032","BEJOGARH 6/79/1 BEJOYGARH, BOROUGH-X, KOLKATA  MUNICIPAL CORPORATION, Kolkata, West Bengal - 700032",90.22,pin_700032,1/4,,False,False
22822042000932,22825042000300,"A/7/8 JADAVPUR NORTH ROAD, BOROUGH-X, KOLKATA  MUNICIPAL CORPORATION, Kolkata, West Bengal - 700032","5D NORTH ROAD, BOROUGH-X, KOLKATA  MUNICIPAL CORPORATION, Kolkata, West Bengal - 700032",90.22,pin_700032,,5D,False,False
22823042000815,22823042000983,"11/2 BEJOYGARH, BOROUGH-X, KOLKATA  MUNICIPAL CORPORATION, Kolkata, West Bengal - 700032","FLAT S1, 4/13B BIJOYGARH, BOROUGH-X, KOLKATA  MUNICIPAL CORPORATION, Kolkata, West Bengal - 700032",90.22,pin_700032,11/2,,False,False
22822042001122,22825042000300,"A/7/7 JADAVPUR NORTH ROAD, BOROUGH-X, KOLKATA  MUNICIPAL CORPORATION, Kolkata, West Bengal - 700032","5D NORTH ROAD, BOROUGH-X, KOLKATA  MUNICIPAL CORPORATION, Kolkata, West Bengal - 700032",90.22,pin_700032,,5D,False,False
22820042000506,22824042000762,"4/13B BIJOYGARH, BOROUGH-X, KOLKATA  MUNICIPAL CORPORATION, Kolkata, West Bengal - 700032","BEJOGARH 6/79/1 BEJOYGARH, BOROUGH-X, KOLKATA  MUNICIPAL CORPORATION, Kolkata, West Bengal - 700032",90.32,pin_700032,4/13B,,False,False
22824042000787,22824042000762,"4/31A  BIJOYGARH, BOROUGH-X, KOLKATA  MUNICIPAL CORPORATION, Kolkata, West Bengal - 700032","BEJOGARH 6/79/1 BEJOYGARH, BOROUGH-X, KOLKATA  MUNICIPAL CORPORATION, Kolkata, West Bengal - 700032",90.32,pin_700032,4/31A,,False,False
22825042000732,22823042000983,"2/139 BEJOYGARH , BOROUGH-X, KOLKATA  MUNICIPAL CORPORATION, Kolkata, West Bengal - 700032","FLAT S1, 4/13B BIJOYGARH, BOROUGH-X, KOLKATA  MUNICIPAL CORPORATION, Kolkata, West Bengal - 700032",90.32,pin_700032,2/139,,False,False
22826042000096,22825044000210,"46/C BIDHAN PALLI, BOROUGH-X, KOLKATA  MUNICIPAL CORPORATION, Kolkata, West Bengal - 700032","BHAGHAJATIN PALLY, BOROUGH-XII, KOLKATA  MUNICIPAL CORPORATION, Kolkata, West Bengal - 700032",90.11,pin_700032,46,,False,False
22822027000182,22824042000762,"7/12 D BIJOYGARH, BOROUGH-X, KOLKATA  MUNICIPAL CORPORATION, Kolkata, West Bengal - 700032","BEJOGARH 6/79/1 BEJOYGARH, BOROUGH-X, KOLKATA  MUNICIPAL CORPORATION, Kolkata, West Bengal - 700032",90.91,pin_700032,7/12,,False,False
22824042000786,22824042000762,"4/30/1 BIJOYGARH, BOROUGH-X, KOLKATA  MUNICIPAL CORPORATION, Kolkata, West Bengal - 700032","BEJOGARH 6/79/1 BEJOYGARH, BOROUGH-X, KOLKATA  MUNICIPAL CORPORATION, Kolkata, West Bengal - 700032",90.91,pin_700032,4/30/1,,False,False
22824042000164,22823042000983,"7/18B BEJOYGARH, BOROUGH-X, KOLKATA  MUNICIPAL CORPORATION, Kolkata, West Bengal - 700032","FLAT S1, 4/13B BIJOYGARH, BOROUGH-X, KOLKATA  MUNICIPAL CORPORATION, Kolkata, West Bengal - 700032",91.89,pin_700032,7/18B,,False,False
22825042000281,22824042000762,"4/39 BIJOYGARH, BOROUGH-X, KOLKATA  MUNICIPAL CORPORATION, Kolkata, West Bengal - 700032","BEJOGARH 6/79/1 BEJOYGARH, BOROUGH-X, KOLKATA  MUNICIPAL CORPORATION, Kolkata, West Bengal - 700032",90.81,pin_700032,4/39,,False,False
22824042000785,22823042000983,"6/79/1 BEJOYGARH, BOROUGH-X, KOLKATA  MUNICIPAL CORPORATION, Kolkata, West Bengal - 700032","FLAT S1, 4/13B BIJOYGARH, BOROUGH-X, KOLKATA  MUNICIPAL CORPORATION, Kolkata, West Bengal - 700032",90.32,pin_700032,6/79/1,,False,False
22819042000302,22821042000131,"11, DESHAPRAN SASMAL ROAD, WARD-89, BOROUGH-X, KOLKATA  MUNICIPAL CORPORATION, Kolkata, West Bengal - 700033","T/153 DESHPRAN SHASMAL ROAD, BOROUGH-X, KOLKATA  MUNICIPAL CORPORATION, Kolkata, West Bengal - 700033",90.82,pin_700033,11,,False,False
22819042000302,22821042001753,"11, DESHAPRAN SASMAL ROAD, WARD-89, BOROUGH-X, KOLKATA  MUNICIPAL CORPORATION, Kolkata, West Bengal - 700033","T/55A/3 DESHPRAN SHASMAL ROAD, BOROUGH-X, KOLKATA  MUNICIPAL CORPORATION, Kolkata, West Bengal - 700033",90.91,pin_700033,11,,False,False
22821042000456,22824042000424,"B 30 AH2 Deshapran Sashmal Road, BOROUGH-X, KOLKATA  MUNICIPAL CORPORATION, Kolkata, West Bengal - 700033","103, Deshpran Sasmal Road , BOROUGH-X, KOLKATA  MUNICIPAL CORPORATION, Kolkata, West Bengal - 700033",92.61,pin_700033,,103,False,False
22821042000131,22823042000616,"T/153 DESHPRAN SHASMAL ROAD, BOROUGH-X, KOLKATA  MUNICIPAL CORPORATION, Kolkata, West Bengal - 700033","97 DESHAPRAN SASMAL ROAD, BOROUGH-X, KOLKATA  MUNICIPAL CORPORATION, Kolkata, West Bengal - 700033",94.42,pin_700033,,97,False,False
22821042000131,22821042001549,"T/153 DESHPRAN SHASMAL ROAD, BOROUGH-X, KOLKATA  MUNICIPAL CORPORATION, Kolkata, West Bengal - 700033","28 DESHAPRAN SASMAL ROAD, WARD-81, BOROUGH-X, KOLKATA  MUNICIPAL CORPORATION, Kolkata, West Bengal - 700033",92.23,pin_700033,,28,False,False
22821042000131,22822042001215,"T/153 DESHPRAN SHASMAL ROAD, BOROUGH-X, KOLKATA  MUNICIPAL CORPORATION, Kolkata, West Bengal - 700033","10/8A DESHAPRAN SASMAL ROAD, BOROUGH-X, KOLKATA  MUNICIPAL CORPORATION, Kolkata, West Bengal - 700033",93.0,pin_700033,,10/8A,False,False
22821042000131,22823042001018,"T/153 DESHPRAN SHASMAL ROAD, BOROUGH-X, KOLKATA  MUNICIPAL CORPORATION, Kolkata, West Bengal - 700033","B/28/H/19 DESHAPRAN SASMAL ROAD, BOROUGH-X, KOLKATA  MUNICIPAL CORPORATION, Kolkata, West Bengal - 700033",91.18,pin_700033,,,False,False
22821042000131,22823042000084,"T/153 DESHPRAN SHASMAL ROAD, BOROUGH-X, KOLKATA  MUNICIPAL CORPORATION, Kolkata, West Bengal - 700033","10/6B DESHAPRAN SASMAL ROAD, BOROUGH-X, KOLKATA  MUNICIPAL CORPORATION, Kolkata, West Bengal - 700033",93.0,pin_700033,,10/6B,False,False
22821042000131,22821042000450,"T/153 DESHPRAN SHASMAL ROAD, BOROUGH-X, KOLKATA  MUNICIPAL CORPORATION, Kolkata, West Bengal - 700033","28A, DESHAPRAN SASMAL ROAD, BOROUGH-X, KOLKATA  MUNICIPAL CORPORATION, Kolkata, West Bengal - 700033",93.47,pin_700033,,28A,False,False
22821042000131,22823042000177,"T/153 DESHPRAN SHASMAL ROAD, BOROUGH-X, KOLKATA  MUNICIPAL CORPORATION, Kolkata, West Bengal - 700033","14A DESHAPRAN SASMAL ROAD, BOROUGH-X, KOLKATA  MUNICIPAL CORPORATION, Kolkata, West Bengal - 700033",93.94,pin_700033,,14A,False,False
22821042000131,22821042000705,"T/153 DESHPRAN SHASMAL ROAD, BOROUGH-X, KOLKATA  MUNICIPAL CORPORATION, Kolkata, West Bengal - 700033","14/C, DESHAPRAN SASHMAL ROAD, BOROUGH-X, KOLKATA  MUNICIPAL CORPORATION, Kolkata, West Bengal - 700033",92.54,pin_700033,,14,False,False
22821042000983,22823042001018,"223, DESHPRAN SHASMAL ROAD, BOROUGH-X, KOLKATA  MUNICIPAL CORPORATION, Kolkata, West Bengal - 700033","B/28/H/19 DESHAPRAN SASMAL ROAD, BOROUGH-X, KOLKATA  MUNICIPAL CORPORATION, Kolkata, West Bengal - 700033",91.63,pin_700033,223,,False,False
22822042000831,22823042001018,"137 DESHPRAN SHASMAL ROAD, BOROUGH-X, KOLKATA  MUNICIPAL CORPORATION, Kolkata, West Bengal - 700033","B/28/H/19 DESHAPRAN SASMAL ROAD, BOROUGH-X, KOLKATA  MUNICIPAL CORPORATION, Kolkata, West Bengal - 700033",92.08,pin_700033,137,,False,False
22823042000616,22821042001753,"97 DESHAPRAN SASMAL ROAD, BOROUGH-X, KOLKATA  MUNICIPAL CORPORATION, Kolkata, West Bengal - 700033","T/55A/3 DESHPRAN SHASMAL ROAD, BOROUGH-X, KOLKATA  MUNICIPAL CORPORATION, Kolkata, West Bengal - 700033",93.47,pin_700033,97,,False,False
22821042001502,22823042001018,"14/1 DESHPRAN SHASMAL ROAD, BOROUGH-X, KOLKATA  MUNICIPAL CORPORATION, Kolkata, West Bengal - 700033","B/28/H/19 DESHAPRAN SASMAL ROAD, BOROUGH-X, KOLKATA  MUNICIPAL CORPORATION, Kolkata, West Bengal - 700033",91.63,pin_700033,14/1,,False,False
22821042001549,22821042001753,"28 DESHAPRAN SASMAL ROAD, WARD-81, BOROUGH-X, KOLKATA  MUNICIPAL CORPORATION, Kolkata, West Bengal - 700033","T/55A/3 DESHPRAN SHASMAL ROAD, BOROUGH-X, KOLKATA  MUNICIPAL CORPORATION, Kolkata, West Bengal - 700033",91.35,pin_700033,28,,False,False
22822042001215,22821042001753,"10/8A DESHAPRAN SASMAL ROAD, BOROUGH-X, KOLKATA  MUNICIPAL CORPORATION, Kolkata, West Bengal - 700033","T/55A/3 DESHPRAN SHASMAL ROAD, BOROUGH-X, KOLKATA  MUNICIPAL CORPORATION, Kolkata, West Bengal - 700033",92.08,pin_700033,10/8A,,False,False
22823042001018,22821042001259,"B/28/H/19 DESHAPRAN SASMAL ROAD, BOROUGH-X, KOLKATA  MUNICIPAL CORPORATION, Kolkata, West Bengal - 700033","93, DESHPRAN  SHASHMAL ROAD, BOROUGH-X, KOLKATA  MUNICIPAL CORPORATION, Kolkata, West Bengal - 700033",93.6,pin_700033,,93,False,False
22823042001018,22825042000583,"B/28/H/19 DESHAPRAN SASMAL ROAD, BOROUGH-X, KOLKATA  MUNICIPAL CORPORATION, Kolkata, West Bengal - 700033","97, DESHPRAN SHASMAL ROAD, BOROUGH-X, KOLKATA  MUNICIPAL CORPORATION, Kolkata, West Bengal - 700033",94.06,pin_700033,,97,False,False
22823042001018,22821042001495,"B/28/H/19 DESHAPRAN SASMAL ROAD, BOROUGH-X, KOLKATA  MUNICIPAL CORPORATION, Kolkata, West Bengal - 700033","93, DESHPRAN, SASHMAL ROAD, BOROUGH-X, KOLKATA  MUNICIPAL CORPORATION, Kolkata, West Bengal - 700033",93.6,pin_700033,,93,False,False
22823042001018,22823042001047,"B/28/H/19 DESHAPRAN SASMAL ROAD, BOROUGH-X, KOLKATA  MUNICIPAL CORPORATION, Kolkata, West Bengal - 700033","215 DESHPRAN SHASMAL ROAD, BOROUGH-X, KOLKATA  MUNICIPAL CORPORATION, Kolkata, West Bengal - 700033",92.08,pin_700033,,215,False,False
22823042001018,22821042001753,"B/28/H/19 DESHAPRAN SASMAL ROAD, BOROUGH-X, KOLKATA  MUNICIPAL CORPORATION, Kolkata, West Bengal - 700033","T/55A/3 DESHPRAN SHASMAL ROAD, BOROUGH-X, KOLKATA  MUNICIPAL CORPORATION, Kolkata, West Bengal - 700033",90.29,pin_700033,,,False,False
22825042000573,22821042000651,"89 DESHPRAN SHASMAL ROAD, WARD NO -089, BOROUGH-X, KOLKATA  MUNICIPAL CORPORATION, Kolkata, West Bengal - 700033","B/14C/1A/H/2, DESHAPRAN SASMAL ROAD, WARD - 081, BOROUGH-X, KOLKATA  MUNICIPAL CORPORATION, Kolkata, West Bengal - 700033",90.04,pin_700033,89,,False,False
22823042000084,22821042001753,"10/6B DESHAPRAN SASMAL ROAD, BOROUGH-X, KOLKATA  MUNICIPAL CORPORATION, Kolkata, West Bengal - 700033","T/55A/3 DESHPRAN SHASMAL ROAD, BOROUGH-X, KOLKATA  MUNICIPAL CORPORATION, Kolkata, West Bengal - 700033",92.08,pin_700033,10/6B,,False,False
22821042000450,22821042001753,"28A, DESHAPRAN SASMAL ROAD, BOROUGH-X, KOLKATA  MUNICIPAL CORPORATION, Kolkata, West Bengal - 700033","T/55A/3 DESHPRAN SHASMAL ROAD, BOROUGH-X, KOLKATA  MUNICIPAL CORPORATION, Kolkata, West Bengal - 700033",92.54,pin_700033,28A,,False,False
22821042001753,22823042000177,"T/55A/3 DESHPRAN SHASMAL ROAD, BOROUGH-X, KOLKATA  MUNICIPAL CORPORATION, Kolkata, West Bengal - 700033","14A DESHAPRAN SASMAL ROAD, BOROUGH-X, KOLKATA  MUNICIPAL CORPORATION, Kolkata, West Bengal - 700033",93.0,pin_700033,,14A,False,False
22821042001753,22821042000705,"T/55A/3 DESHPRAN SHASMAL ROAD, BOROUGH-X, KOLKATA  MUNICIPAL CORPORATION, Kolkata, West Bengal - 700033","14/C, DESHAPRAN SASHMAL ROAD, BOROUGH-X, KOLKATA  MUNICIPAL CORPORATION, Kolkata, West Bengal - 700033",91.63,pin_700033,,14,False,False
22821042000651,22824042000854,"B/14C/1A/H/2, DESHAPRAN SASMAL ROAD, WARD - 081, BOROUGH-X, KOLKATA  MUNICIPAL CORPORATION, Kolkata, West Bengal - 700033","9 DESHPRAN SHASMAL ROAD, WARD NO -089, BOROUGH-X, KOLKATA  MUNICIPAL CORPORATION, Kolkata, West Bengal - 700033",90.43,pin_700033,,9,False,False
22821042000651,22826042000356,"B/14C/1A/H/2, DESHAPRAN SASMAL ROAD, WARD - 081, BOROUGH-X, KOLKATA  MUNICIPAL CORPORATION, Kolkata, West Bengal - 700033","79 DESHPRAN SHASMAL ROAD, WARD NO -089, BOROUGH-X, KOLKATA  MUNICIPAL CORPORATION, Kolkata, West Bengal - 700033",90.04,pin_700033,,79,False,False
22821033000780,22821033000278,"1/2 A PAIK PARA ROW, BOROUGH- I, KOLKATA  MUNICIPAL CORPORATION, Kolkata, West Bengal - 700037","B/11/H/22, PAIKPARA ROW, BOROUGH- I, KOLKATA  MUNICIPAL CORPORATION, Kolkata, West Bengal - 700037",91.58,pin_700037,1/2,,False,False
22821033000780,22822033000304,"1/2 A PAIK PARA ROW, BOROUGH- I, KOLKATA  MUNICIPAL CORPORATION, Kolkata, West Bengal - 700037","B/11/H/21 PAIKPARA ROW, BOROUGH- I, KOLKATA  MUNICIPAL CORPORATION, Kolkata, West Bengal - 700037",92.06,pin_700037,1/2,,False,False
22821033000780,22822033000306,"1/2 A PAIK PARA ROW, BOROUGH- I, KOLKATA  MUNICIPAL CORPORATION, Kolkata, West Bengal - 700037","B/11/H/5 PAIKPARA ROW, BOROUGH- I, KOLKATA  MUNICIPAL CORPORATION, Kolkata, West Bengal - 700037",92.55,pin_700037,1/2,,False,False
22821041000046,22823041000151,"P-38/4, HIDE ROAD, BOROUGH- IX, KOLKATA  MUNICIPAL CORPORATION, Kolkata, West Bengal - 700043","P-62, GARDEN REACH ROAD, BOROUGH- IX, KOLKATA  MUNICIPAL CORPORATION, Kolkata, West Bengal - 700043",90.53,pin_700043,,,False,False
22820047000042,22820047000166,"Z-3/202,JELIA PARA ROAD,KOL-44,WARD NO-140, BOROUGH- XV, KOLKATA  MUNICIPAL CORPORATION, Kolkata, West Bengal - 700044","Z-179/1,LENIN ROAD,KOL-44,WARD NO-141, BOROUGH- XV, KOLKATA  MUNICIPAL CORPORATION, Kolkata, West Bengal - 700044",90.83,pin_700044,,,False,False
22820047000042,22825047000055,"Z-3/202,JELIA PARA ROAD,KOL-44,WARD NO-140, BOROUGH- XV, KOLKATA  MUNICIPAL CORPORATION, Kolkata, West Bengal - 700044","Z-3/263,JELIAPARA ROAD,WARD NO-141, BOROUGH- XV, KOLKATA  MUNICIPAL CORPORATION, Kolkata, West Bengal - 700044",90.27,pin_700044,,,False,False
22818019006307,22818019002060,"Z3-49/1/B/1, DR. ABDUL KHABIR ROAD, KOLKATA-700044 WARD NO.-141, BOROUGH- XV, KOLKATA  MUNICIPAL CORPORATION, Kolkata, West Bengal - 700044","Z3-191, DR A.K. ROAD, KOLKATA-700044, WARD NO-140, BOROUGH- XV, KOLKATA  MUNICIPAL CORPORATION, Kolkata, West Bengal - 700044",90.08,pin_700044,,,False,False
22818019007526,22818019007573,"Z-3/253, JELIA PARA ROAD, KOLKATA-700044, WARD NO-140, BOROUGH- XV, KOLKATA  MUNICIPAL CORPORATION, Kolkata, West Bengal - 700044","Z-3/431, JELIAPARA ROAD, KOLKATA-700044, WARD NO-141, BOROUGH- XV, KOLKATA  MUNICIPAL CORPORATION, Kolkata, West Bengal - 700044",94.12,pin_700044,,,False,False
22818019007526,22818019014862,"Z-3/253, JELIA PARA ROAD, KOLKATA-700044, WARD NO-140, BOROUGH- XV, KOLKATA  MUNICIPAL CORPORATION, Kolkata, West Bengal - 700044","Z-3/97, LENIN ROAD, KOLKATA-700044, WARD NO-141, BOROUGH- XV, KOLKATA  MUNICIPAL CORPORATION, Kolkata, West Bengal - 700044",90.4,pin_700044,,,False,False
22819047000158,22818019007573,"Z3/191, JELIA PARA ROAD, KOLKATA-700044, WARD-140, BOROUGH- XV, KOLKATA  MUNICIPAL CORPORATION, Kolkata, West Bengal - 700044","Z-3/431, JELIAPARA ROAD, KOLKATA-700044, WARD NO-141, BOROUGH- XV, KOLKATA  MUNICIPAL CORPORATION, Kolkata, West Bengal - 700044",90.04,pin_700044,,,False,False
22819047000158,22823047000009,"Z3/191, JELIA PARA ROAD, KOLKATA-700044, WARD-140, BOROUGH- XV, KOLKATA  MUNICIPAL CORPORATION, Kolkata, West Bengal - 700044","Z-4/33, JELIAPARA ROAD KOLKATA-700044, WARD-141, BOROUGH- XV, KOLKATA  MUNICIPAL CORPORATION, Kolkata, West Bengal - 700044",91.87,pin_700044,,,False,False
22820047000083,22823047000009,"Z3/541/A, JELIA PARA ROAD KOLKATA-700044, WARD-141, BOROUGH- XV, KOLKATA  MUNICIPAL CORPORATION, Kolkata, West Bengal - 700044","Z-4/33, JELIAPARA ROAD KOLKATA-700044, WARD-141, BOROUGH- XV, KOLKATA  MUNICIPAL CORPORATION, Kolkata, West Bengal - 700044",93.12,pin_700044,,,False,False
22820047000095,22820047000097,"Z4/46,JELIA PARA ROAD,KOL-44,WARD NO-141, BOROUGH- XV, KOLKATA  MUNICIPAL CORPORATION, Kolkata, West Bengal - 700044","Z3/316,RIVER SIDE ROAD,KOL-44,WARD NO-141, BOROUGH- XV, KOLKATA  MUNICIPAL CORPORATION, Kolkata, West Bengal - 700044",90.04,pin_700044,,,False,False
22820047000095,22820047000166,"Z4/46,JELIA PARA ROAD,KOL-44,WARD NO-141, BOROUGH- XV, KOLKATA  MUNICIPAL CORPORATION, Kolkata, West Bengal - 700044","Z-179/1,LENIN ROAD,KOL-44,WARD NO-141, BOROUGH- XV, KOLKATA  MUNICIPAL CORPORATION, Kolkata, West Bengal - 700044",91.63,pin_700044,,,False,False
22820047000095,22825047000055,"Z4/46,JELIA PARA ROAD,KOL-44,WARD NO-141, BOROUGH- XV, KOLKATA  MUNICIPAL CORPORATION, Kolkata, West Bengal - 700044","Z-3/263,JELIAPARA ROAD,WARD NO-141, BOROUGH- XV, KOLKATA  MUNICIPAL CORPORATION, Kolkata, West Bengal - 700044",90.18,pin_700044,,,False,False
22820047000097,22820047000166,"Z3/316,RIVER SIDE ROAD,KOL-44,WARD NO-141, BOROUGH- XV, KOLKATA  MUNICIPAL CORPORATION, Kolkata, West Bengal - 700044","Z-179/1,LENIN ROAD,KOL-44,WARD NO-141, BOROUGH- XV, KOLKATA  MUNICIPAL CORPORATION, Kolkata, West Bengal - 700044",91.23,pin_700044,,,False,False
22820047000097,22821047000261,"Z3/316,RIVER SIDE ROAD,KOL-44,WARD NO-141, BOROUGH- XV, KOLKATA  MUNICIPAL CORPORATION, Kolkata, West Bengal - 700044","Z-3/398,JELIA PARA ROAD,KOL-44,WARD NO-141, BOROUGH- XV, KOLKATA  MUNICIPAL CORPORATION, Kolkata, West Bengal - 700044",90.13,pin_700044,,,False,False
22820047000119,22820047000166,"Z3/459/A,MISTRY GHAT ROAD,KOL-44,WARD NO-141, BOROUGH- XV, KOLKATA  MUNICIPAL CORPORATION, Kolkata, West Bengal - 700044","Z-179/1,LENIN ROAD,KOL-44,WARD NO-141, BOROUGH- XV, KOLKATA  MUNICIPAL CORPORATION, Kolkata, West Bengal - 700044",90.04,pin_700044,,,False,False
22820047000119,22819047000230,"Z3/459/A,MISTRY GHAT ROAD,KOL-44,WARD NO-141, BOROUGH- XV, KOLKATA  MUNICIPAL CORPORATION, Kolkata, West Bengal - 700044","Z3-504/A,RIVER SIDE ROAD,KOL-44,WARD NO-141, BOROUGH- XV, KOLKATA  MUNICIPAL CORPORATION, Kolkata, West Bengal - 700044",90.3,pin_700044,,,False,False
22820047000119,22819047000218,"Z3/459/A,MISTRY GHAT ROAD,KOL-44,WARD NO-141, BOROUGH- XV, KOLKATA  MUNICIPAL CORPORATION, Kolkata, West Bengal - 700044","Z3/549,JELIA PARA ROAD,KOL-44,WARD NO-141, BOROUGH- XV, KOLKATA  MUNICIPAL CORPORATION, Kolkata, West Bengal - 700044",90.21,pin_700044,,,False,False
22820047000134,22820047000166,"Z-5/138,BHANGA KHAL ROAD,KOL-44,WARD NO-140, BOROUGH- XV, KOLKATA  MUNICIPAL CORPORATION, Kolkata, West Bengal - 700044","Z-179/1,LENIN ROAD,KOL-44,WARD NO-141, BOROUGH- XV, KOLKATA  MUNICIPAL CORPORATION, Kolkata, West Bengal - 700044",90.43,pin_700044,,,False,False
22820047000134,22821047000030,"Z-5/138,BHANGA KHAL ROAD,KOL-44,WARD NO-140, BOROUGH- XV, KOLKATA  MUNICIPAL CORPORATION, Kolkata, West Bengal - 700044","Z-3/137,DR.ABDUL KHABIR ROAD,KOL-44,WARD NO-141, BOROUGH- XV, KOLKATA  MUNICIPAL CORPORATION, Kolkata, West Bengal - 700044",90.83,pin_700044,,,False,False
22820047000166,22819047000230,"Z-179/1,LENIN ROAD,KOL-44,WARD NO-141, BOROUGH- XV, KOLKATA  MUNICIPAL CORPORATION, Kolkata, West Bengal - 700044","Z3-504/A,RIVER SIDE ROAD,KOL-44,WARD NO-141, BOROUGH- XV, KOLKATA  MUNICIPAL CORPORATION, Kolkata, West Bengal - 700044",90.43,pin_700044,,,False,False
22820047000166,22820047000144,"Z-179/1,LENIN ROAD,KOL-44,WARD NO-141, BOROUGH- XV, KOLKATA  MUNICIPAL CORPORATION, Kolkata, West Bengal - 700044","Z-3/240/B,BAGDI PARA ROAD,KOL-44,WARD NO-141, BOROUGH- XV, KOLKATA  MUNICIPAL CORPORATION, Kolkata, West Bengal - 700044",90.04,pin_700044,,,False,False
22820047000166,22821047000261,"Z-179/1,LENIN ROAD,KOL-44,WARD NO-141, BOROUGH- XV, KOLKATA  MUNICIPAL CORPORATION, Kolkata, West Bengal - 700044","Z-3/398,JELIA PARA ROAD,KOL-44,WARD NO-141, BOROUGH- XV, KOLKATA  MUNICIPAL CORPORATION, Kolkata, West Bengal - 700044",91.7,pin_700044,,,False,False
22820047000166,22821047000056,"Z-179/1,LENIN ROAD,KOL-44,WARD NO-141, BOROUGH- XV, KOLKATA  MUNICIPAL CORPORATION, Kolkata, West Bengal - 700044","Z5/193/19/F,BAGDI PARA ROAD,KOL-44,WARD NO-141, BOROUGH- XV, KOLKATA  MUNICIPAL CORPORATION, Kolkata, West Bengal - 700044",90.99,pin_700044,,,False,False
22820047000166,22821047000068,"Z-179/1,LENIN ROAD,KOL-44,WARD NO-141, BOROUGH- XV, KOLKATA  MUNICIPAL CORPORATION, Kolkata, West Bengal - 700044","Z-3/327,RIVER SIDE ROAD,KOL-44,WARD NO-141, BOROUGH- XV, KOLKATA  MUNICIPAL CORPORATION, Kolkata, West Bengal - 700044",90.83,pin_700044,,,False,False
22820047000166,22819047000218,"Z-179/1,LENIN ROAD,KOL-44,WARD NO-141, BOROUGH- XV, KOLKATA  MUNICIPAL CORPORATION, Kolkata, West Bengal - 700044","Z3/549,JELIA PARA ROAD,KOL-44,WARD NO-141, BOROUGH- XV, KOLKATA  MUNICIPAL CORPORATION, Kolkata, West Bengal - 700044",91.23,pin_700044,,,False,False
22821047000072,22821047000188,"Z3-137/1, DR. A. K. ROAD, BOROUGH- XV, KOLKATA  MUNICIPAL CORPORATION, Kolkata, West Bengal - 700044","Z-3/40/16 DR. ABDUL KHABIR ROAD, BOROUGH- XV, KOLKATA  MUNICIPAL CORPORATION, Kolkata, West Bengal - 700044",90.73,pin_700044,,,False,False
22821047000072,22823047000016,"Z3-137/1, DR. A. K. ROAD, BOROUGH- XV, KOLKATA  MUNICIPAL CORPORATION, Kolkata, West Bengal - 700044","Z3/37 DR. ABDUL KHABIR ROAD, BOROUGH- XV, KOLKATA  MUNICIPAL CORPORATION, Kolkata, West Bengal - 700044",91.54,pin_700044,,,False,False
22821047000072,22822047000172,"Z3-137/1, DR. A. K. ROAD, BOROUGH- XV, KOLKATA  MUNICIPAL CORPORATION, Kolkata, West Bengal - 700044","Z3-171, DR ABDUL KHABIR ROAD, BOROUGH- XV, KOLKATA  MUNICIPAL CORPORATION, Kolkata, West Bengal - 700044",93.07,pin_700044,,,False,False
22821047000072,22816019000006,"Z3-137/1, DR. A. K. ROAD, BOROUGH- XV, KOLKATA  MUNICIPAL CORPORATION, Kolkata, West Bengal - 700044","Z3-103/K, DR.ABDUL KHABIR ROAD, BOROUGH- XV, KOLKATA  MUNICIPAL CORPORATION, Kolkata, West Bengal - 700044",91.18,pin_700044,,,False,False
22821047000072,22824047000140,"Z3-137/1, DR. A. K. ROAD, BOROUGH- XV, KOLKATA  MUNICIPAL CORPORATION, Kolkata, West Bengal - 700044","Z-3/103/D/1, DR. ABDUL KHABIR ROAD, BOROUGH- XV, KOLKATA  MUNICIPAL CORPORATION, Kolkata, West Bengal - 700044",91.35,pin_700044,,,False,False
22818019005000,22818019002060,"Y-2-21/4, DR. ABDUL KHABIR ROAD, KOLKATA-700044, WARD NO-140, BOROUGH- XV, KOLKATA  MUNICIPAL CORPORATION, Kolkata, West Bengal - 700044","Z3-191, DR A.K. ROAD, KOLKATA-700044, WARD NO-140, BOROUGH- XV, KOLKATA  MUNICIPAL CORPORATION, Kolkata, West Bengal - 700044",90.35,pin_700044,,,False,False
22818019005065,22818019002060,"Y2-21/4, DR. ABDUL KHABIR ROAD, KOLKATA-700044, WARD NO-140, BOROUGH- XV, KOLKATA  MUNICIPAL CORPORATION, Kolkata, West Bengal - 700044","Z3-191, DR A.K. ROAD, KOLKATA-700044, WARD NO-140, BOROUGH- XV, KOLKATA  MUNICIPAL CORPORATION, Kolkata, West Bengal - 700044",90.7,pin_700044,,,False,False
22818019006330,22818019002060,"Z-2/6, NADIAL ROAD, KOLKATA-700044, WARD NO-141, BOROUGH- XV, KOLKATA  MUNICIPAL CORPORATION, Kolkata, West Bengal - 700044","Z3-191, DR A.K. ROAD, KOLKATA-700044, WARD NO-140, BOROUGH- XV, KOLKATA  MUNICIPAL CORPORATION, Kolkata, West Bengal - 700044",90.24,pin_700044,,,False,False
22818019006330,22818019007569,"Z-2/6, NADIAL ROAD, KOLKATA-700044, WARD NO-141, BOROUGH- XV, KOLKATA  MUNICIPAL CORPORATION, Kolkata, West Bengal - 700044","Z-4/148, RIVER SIDE ROAD, KOLKATA-700044, WARD NO-141, BOROUGH- XV, KOLKATA  MUNICIPAL CORPORATION, Kolkata, West Bengal - 700044",90.4,pin_700044,,,False,False
22818019006330,22818019007573,"Z-2/6, NADIAL ROAD, KOLKATA-700044, WARD NO-141, BOROUGH- XV, KOLKATA  MUNICIPAL CORPORATION, Kolkata, West Bengal - 700044","Z-3/431, JELIAPARA ROAD, KOLKATA-700044, WARD NO-141, BOROUGH- XV, KOLKATA  MUNICIPAL CORPORATION, Kolkata, West Bengal - 700044",90.76,pin_700044,,,False,False
22818019006330,22818019014862,"Z-2/6, NADIAL ROAD, KOLKATA-700044, WARD NO-141, BOROUGH- XV, KOLKATA  MUNICIPAL CORPORATION, Kolkata, West Bengal - 700044","Z-3/97, LENIN ROAD, KOLKATA-700044, WARD NO-141, BOROUGH- XV, KOLKATA  MUNICIPAL CORPORATION, Kolkata, West Bengal - 700044",92.62,pin_700044,,,False,False
22818019006330,22818019002042,"Z-2/6, NADIAL ROAD, KOLKATA-700044, WARD NO-141, BOROUGH- XV, KOLKATA  MUNICIPAL CORPORATION, Kolkata, West Bengal - 700044","Z-51, LENIN ROAD, KOLKATA-44, WARD NO-141, BOROUGH- XV, KOLKATA  MUNICIPAL CORPORATION, Kolkata, West Bengal - 700044",90.76,pin_700044,,,False,False
22818019006330,22818019001994,"Z-2/6, NADIAL ROAD, KOLKATA-700044, WARD NO-141, BOROUGH- XV, KOLKATA  MUNICIPAL CORPORATION, Kolkata, West Bengal - 700044","Z-9, LENIN ROAD, KOLKATA-700044, WARD NO-141, BOROUGH- XV, KOLKATA  MUNICIPAL CORPORATION, Kolkata, West Bengal - 700044",92.95,pin_700044,,,False,False
22818019006330,22818047000012,"Z-2/6, NADIAL ROAD, KOLKATA-700044, WARD NO-141, BOROUGH- XV, KOLKATA  MUNICIPAL CORPORATION, Kolkata, West Bengal - 700044","Z-4/35/E, JELIA PARA ROAD, KOLKATA-700044, WARD NO-141, BOROUGH- XV, KOLKATA  MUNICIPAL CORPORATION, Kolkata, West Bengal - 700044",90.04,pin_700044,,,False,False
22821047000191,22822047000046,"Z-3/23/1,NADIAL VILLAGE ROAD,KOLKATA-700044,WARD NO-141, BOROUGH- XV, KOLKATA  MUNICIPAL CORPORATION, Kolkata, West Bengal - 700044","Z-5/22,KANCHANTALA ROAD,KOLKATA-700044,WARD NO-141, BOROUGH- XV, KOLKATA  MUNICIPAL CORPORATION, Kolkata, West Bengal - 700044",90.98,pin_700044,,,False,False
22821047000191,22823047000148,"Z-3/23/1,NADIAL VILLAGE ROAD,KOLKATA-700044,WARD NO-141, BOROUGH- XV, KOLKATA  MUNICIPAL CORPORATION, Kolkata, West Bengal - 700044","Z-3/79/4/A,LENIN ROAD,KOLKATA-700044,WARD NO-141, BOROUGH- XV, KOLKATA  MUNICIPAL CORPORATION, Kolkata, West Bengal - 700044",90.91,pin_700044,,,False,False
22821047000191,22821047000179,"Z-3/23/1,NADIAL VILLAGE ROAD,KOLKATA-700044,WARD NO-141, BOROUGH- XV, KOLKATA  MUNICIPAL CORPORATION, Kolkata, West Bengal - 700044","Z-3/247,JELIA PARA ROAD,KOLKATA-700044,WARD NO-141, BOROUGH- XV, KOLKATA  MUNICIPAL CORPORATION, Kolkata, West Bengal - 700044",90.2,pin_700044,,,False,False
22821047000189,22822047000004,"Z3/411/B, JELIA PARA ROAD, KOLKATA, BOROUGH- XV, KOLKATA  MUNICIPAL CORPORATION, Kolkata, West Bengal - 700044","Z3/191 JELIAPARA ROAD, BOROUGH- XV, KOLKATA  MUNICIPAL CORPORATION, Kolkata, West Bengal - 700044",90.73,pin_700044,,,False,False
22821047000198,22821047000290,"Z-263, JELIAPARA ROAD, BOROUGH- XV, KOLKATA  MUNICIPAL CORPORATION, Kolkata, West Bengal - 700044","Z-3/261, JELIA PARA ROAD, BOROUGH- XV, KOLKATA  MUNICIPAL CORPORATION, Kolkata, West Bengal - 700044",93.33,pin_700044,,,False,False
22821047000198,22821047000210,"Z-263, JELIAPARA ROAD, BOROUGH- XV, KOLKATA  MUNICIPAL CORPORATION, Kolkata, West Bengal - 700044","Z-3/428 JELIA PARA ROAD, BOROUGH- XV, KOLKATA  MUNICIPAL CORPORATION, Kolkata, West Bengal - 700044",91.75,pin_700044,,,False,False
22821047000198,22826047000015,"Z-263, JELIAPARA ROAD, BOROUGH- XV, KOLKATA  MUNICIPAL CORPORATION, Kolkata, West Bengal - 700044","Z4/47, JELIYA PARA ROAD, BOROUGH- XV, KOLKATA  MUNICIPAL CORPORATION, Kolkata, West Bengal - 700044",90.72,pin_700044,,,False,False
22821047000198,22824047000045,"Z-263, JELIAPARA ROAD, BOROUGH- XV, KOLKATA  MUNICIPAL CORPORATION, Kolkata, West Bengal - 700044","Z-3/103/E/3 JELIA PARA, BOROUGH- XV, KOLKATA  MUNICIPAL CORPORATION, Kolkata, West Bengal - 700044",90.16,pin_700044,,,False,False
22821047000198,22821047000202,"Z-263, JELIAPARA ROAD, BOROUGH- XV, KOLKATA  MUNICIPAL CORPORATION, Kolkata, West Bengal - 700044","Z3/253 JELIA PARA ROAD, BOROUGH- XV, KOLKATA  MUNICIPAL CORPORATION, Kolkata, West Bengal - 700044",92.23,pin_700044,,,False,False
22821047000290,22825047000068,"Z-3/261, JELIA PARA ROAD, BOROUGH- XV, KOLKATA  MUNICIPAL CORPORATION, Kolkata, West Bengal - 700044","Z-3/428 JELIAPARA ROAD, BOROUGH- XV, KOLKATA  MUNICIPAL CORPORATION, Kolkata, West Bengal - 700044",92.86,pin_700044,,,False,False
22821047000290,22822047000004,"Z-3/261, JELIA PARA ROAD, BOROUGH- XV, KOLKATA  MUNICIPAL CORPORATION, Kolkata, West Bengal - 700044","Z3/191 JELIAPARA ROAD, BOROUGH- XV, KOLKATA  MUNICIPAL CORPORATION, Kolkata, West Bengal - 700044",92.31,pin_700044,,,False,False
22821047000305,22822047000064,"Z-3/34/2,DR. ABDUL KHABIR ROAD,KOLKATA-700044,WARD NO-141, BOROUGH- XV, KOLKATA  MUNICIPAL CORPORATION, Kolkata, West Bengal - 700044","Z5-210/A, BHANGA KHAL ROAD,KOLKATA-700044,WARD NO-141, BOROUGH- XV, KOLKATA  MUNICIPAL CORPORATION, Kolkata, West Bengal - 700044",90.0,pin_700044,,,False,False
22821047000305,22823047000011,"Z-3/34/2,DR. ABDUL KHABIR ROAD,KOLKATA-700044,WARD NO-141, BOROUGH- XV, KOLKATA  MUNICIPAL CORPORATION, Kolkata, West Bengal - 700044","Z-5/175/K, BHANGA KHAL ROAD,KOLKATA-700044,WARD NO-141, BOROUGH- XV, KOLKATA  MUNICIPAL CORPORATION, Kolkata, West Bengal - 700044",90.42,pin_700044,,,False,False
22818019002060,22818019007573,"Z3-191, DR A.K. ROAD, KOLKATA-700044, WARD NO-140, BOROUGH- XV, KOLKATA  MUNICIPAL CORPORATION, Kolkata, West Bengal - 700044","Z-3/431, JELIAPARA ROAD, KOLKATA-700044, WARD NO-141, BOROUGH- XV, KOLKATA  MUNICIPAL CORPORATION, Kolkata, West Bengal - 700044",90.84,pin_700044,,,False,False
22818019002060,22818019014862,"Z3-191, DR A.K. ROAD, KOLKATA-700044, WARD NO-140, BOROUGH- XV, KOLKATA  MUNICIPAL CORPORATION, Kolkata, West Bengal - 700044","Z-3/97, LENIN ROAD, KOLKATA-700044, WARD NO-141, BOROUGH- XV, KOLKATA  MUNICIPAL CORPORATION, Kolkata, West Bengal - 700044",91.06,pin_700044,,,False,False
22818019002060,22818019002042,"Z3-191, DR A.K. ROAD, KOLKATA-700044, WARD NO-140, BOROUGH- XV, KOLKATA  MUNICIPAL CORPORATION, Kolkata, West Bengal - 700044","Z-51, LENIN ROAD, KOLKATA-44, WARD NO-141, BOROUGH- XV, KOLKATA  MUNICIPAL CORPORATION, Kolkata, West Bengal - 700044",90.0,pin_700044,,,False,False
22818019002060,22818019001994,"Z3-191, DR A.K. ROAD, KOLKATA-700044, WARD NO-140, BOROUGH- XV, KOLKATA  MUNICIPAL CORPORATION, Kolkata, West Bengal - 700044","Z-9, LENIN ROAD, KOLKATA-700044, WARD NO-141, BOROUGH- XV, KOLKATA  MUNICIPAL CORPORATION, Kolkata, West Bengal - 700044",92.18,pin_700044,,,False,False
22818019002060,22824047000160,"Z3-191, DR A.K. ROAD, KOLKATA-700044, WARD NO-140, BOROUGH- XV, KOLKATA  MUNICIPAL CORPORATION, Kolkata, West Bengal - 700044","Z3-144/2, DR ABDUL KHABIR ROAD, WARD NO-141, KOLKATA-700044, BOROUGH- XV, KOLKATA  MUNICIPAL CORPORATION, Kolkata, West Bengal - 700044",91.47,pin_700044,,,False,False
22822047000046,22823047000148,"Z-5/22,KANCHANTALA ROAD,KOLKATA-700044,WARD NO-141, BOROUGH- XV, KOLKATA  MUNICIPAL CORPORATION, Kolkata, West Bengal - 700044","Z-3/79/4/A,LENIN ROAD,KOLKATA-700044,WARD NO-141, BOROUGH- XV, KOLKATA  MUNICIPAL CORPORATION, Kolkata, West Bengal - 700044",91.13,pin_700044,,,False,False
22822047000046,22821047000179,"Z-5/22,KANCHANTALA ROAD,KOLKATA-700044,WARD NO-141, BOROUGH- XV, KOLKATA  MUNICIPAL CORPORATION, Kolkata, West Bengal - 700044","Z-3/247,JELIA PARA ROAD,KOLKATA-700044,WARD NO-141, BOROUGH- XV, KOLKATA  MUNICIPAL CORPORATION, Kolkata, West Bengal - 700044",91.2,pin_700044,,,False,False
22822047000046,22821047000285,"Z-5/22,KANCHANTALA ROAD,KOLKATA-700044,WARD NO-141, BOROUGH- XV, KOLKATA  MUNICIPAL CORPORATION, Kolkata, West Bengal - 700044","Z-4/37,JELIA PARA ROAD,KOLKATA-700044,WARD NO-141, BOROUGH- XV, KOLKATA  MUNICIPAL CORPORATION, Kolkata, West Bengal - 700044",90.76,pin_700044,,,False,False
22818019007569,22818019014862,"Z-4/148, RIVER SIDE ROAD, KOLKATA-700044, WARD NO-141, BOROUGH- XV, KOLKATA  MUNICIPAL CORPORATION, Kolkata, West Bengal - 700044","Z-3/97, LENIN ROAD, KOLKATA-700044, WARD NO-141, BOROUGH- XV, KOLKATA  MUNICIPAL CORPORATION, Kolkata, West Bengal - 700044",90.4,pin_700044,,,False,False
22818019007569,22818019001994,"Z-4/148, RIVER SIDE ROAD, KOLKATA-700044, WARD NO-141, BOROUGH- XV, KOLKATA  MUNICIPAL CORPORATION, Kolkata, West Bengal - 700044","Z-9, LENIN ROAD, KOLKATA-700044, WARD NO-141, BOROUGH- XV, KOLKATA  MUNICIPAL CORPORATION, Kolkata, West Bengal - 700044",90.69,pin_700044,,,False,False
22818019007569,22818047000012,"Z-4/148, RIVER SIDE ROAD, KOLKATA-700044, WARD NO-141, BOROUGH- XV, KOLKATA  MUNICIPAL CORPORATION, Kolkata, West Bengal - 700044","Z-4/35/E, JELIA PARA ROAD, KOLKATA-700044, WARD NO-141, BOROUGH- XV, KOLKATA  MUNICIPAL CORPORATION, Kolkata, West Bengal - 700044",90.27,pin_700044,,,False,False
22818019010176,12820019001323,"S-5/1, MURRAY ROAD, KOLKATA-700044, WARD NO-137, BOROUGH- XV, KOLKATA  MUNICIPAL CORPORATION, Kolkata, West Bengal - 700044","S-5, MARRAY ROAD, KOLKATA-700044, WARD NO-137, BOROUGH- XV, KOLKATA  MUNICIPAL CORPORATION, Kolkata, West Bengal - 700044",93.39,pin_700044,,,False,False
22821047000185,22822047000084,"Z-3/54/1,DR.ABDUL KHABIR ROAD,KOLKATA-700044,WARD NO-141, BOROUGH- XV, KOLKATA  MUNICIPAL CORPORATION, Kolkata, West Bengal - 700044","Z-3/541, JELIA PARA ROAD,KOLKATA-700044,WARD NO-141, BOROUGH- XV, KOLKATA  MUNICIPAL CORPORATION, Kolkata, West Bengal - 700044",91.05,pin_700044,,,False,False
22821047000185,22823047000148,"Z-3/54/1,DR.ABDUL KHABIR ROAD,KOLKATA-700044,WARD NO-141, BOROUGH- XV, KOLKATA  MUNICIPAL CORPORATION, Kolkata, West Bengal - 700044","Z-3/79/4/A,LENIN ROAD,KOLKATA-700044,WARD NO-141, BOROUGH- XV, KOLKATA  MUNICIPAL CORPORATION, Kolkata, West Bengal - 700044",90.55,pin_700044,,,False,False
22821047000185,22823047000011,"Z-3/54/1,DR.ABDUL KHABIR ROAD,KOLKATA-700044,WARD NO-141, BOROUGH- XV, KOLKATA  MUNICIPAL CORPORATION, Kolkata, West Bengal - 700044","Z-5/175/K, BHANGA KHAL ROAD,KOLKATA-700044,WARD NO-141, BOROUGH- XV, KOLKATA  MUNICIPAL CORPORATION, Kolkata, West Bengal - 700044",90.0,pin_700044,,,False,False
22821047000210,22825047000068,"Z-3/428 JELIA PARA ROAD, BOROUGH- XV, KOLKATA  MUNICIPAL CORPORATION, Kolkata, West Bengal - 700044","Z-3/428 JELIAPARA ROAD, BOROUGH- XV, KOLKATA  MUNICIPAL CORPORATION, Kolkata, West Bengal - 700044",95.38,pin_700044,,,False,False
22821047000210,22822047000004,"Z-3/428 JELIA PARA ROAD, BOROUGH- XV, KOLKATA  MUNICIPAL CORPORATION, Kolkata, West Bengal - 700044","Z3/191 JELIAPARA ROAD, BOROUGH- XV, KOLKATA  MUNICIPAL CORPORATION, Kolkata, West Bengal - 700044",91.75,pin_700044,,,False,False
22820047000058,22821047000068,"Z-3/238/75,BAGDI PARA ROAD,KOL-44,WARD NO-141, BOROUGH- XV, KOLKATA  MUNICIPAL CORPORATION, Kolkata, West Bengal - 700044","Z-3/327,RIVER SIDE ROAD,KOL-44,WARD NO-141, BOROUGH- XV, KOLKATA  MUNICIPAL CORPORATION, Kolkata, West Bengal - 700044",90.3,pin_700044,,,False,False
22822047000064,22821047000287,"Z5-210/A, BHANGA KHAL ROAD,KOLKATA-700044,WARD NO-141, BOROUGH- XV, KOLKATA  MUNICIPAL CORPORATION, Kolkata, West Bengal - 700044","Z-3/172/A,DR. ABDUL KHABIR ROAD,KOLKATA-700044,WARD NO-140, BOROUGH- XV, KOLKATA  MUNICIPAL CORPORATION, Kolkata, West Bengal - 700044",90.42,pin_700044,,,False,False
22822047000064,22824047000018,"Z5-210/A, BHANGA KHAL ROAD,KOLKATA-700044,WARD NO-141, BOROUGH- XV, KOLKATA  MUNICIPAL CORPORATION, Kolkata, West Bengal - 700044","Z-3/103/K, DR. ABDUL KHABIR ROAD,KOLKATA-700044,WARD NO-141, BOROUGH- XV, KOLKATA  MUNICIPAL CORPORATION, Kolkata, West Bengal - 700024",90.08,pin_700044,,,False,False
22822047000084,22823047000148,"Z-3/541, JELIA PARA ROAD,KOLKATA-700044,WARD NO-141, BOROUGH- XV, KOLKATA  MUNICIPAL CORPORATION, Kolkata, West Bengal - 700044","Z-3/79/4/A,LENIN ROAD,KOLKATA-700044,WARD NO-141, BOROUGH- XV, KOLKATA  MUNICIPAL CORPORATION, Kolkata, West Bengal - 700044",90.76,pin_700044,,,False,False
22823047000148,22821047000179,"Z-3/79/4/A,LENIN ROAD,KOLKATA-700044,WARD NO-141, BOROUGH- XV, KOLKATA  MUNICIPAL CORPORATION, Kolkata, West Bengal - 700044","Z-3/247,JELIA PARA ROAD,KOLKATA-700044,WARD NO-141, BOROUGH- XV, KOLKATA  MUNICIPAL CORPORATION, Kolkata, West Bengal - 700044",92.74,pin_700044,,,False,False
22823047000148,22821047000285,"Z-3/79/4/A,LENIN ROAD,KOLKATA-700044,WARD NO-141, BOROUGH- XV, KOLKATA  MUNICIPAL CORPORATION, Kolkata, West Bengal - 700044","Z-4/37,JELIA PARA ROAD,KOLKATA-700044,WARD NO-141, BOROUGH- XV, KOLKATA  MUNICIPAL CORPORATION, Kolkata, West Bengal - 700044",92.31,pin_700044,,,False,False
22823047000148,22824047000058,"Z-3/79/4/A,LENIN ROAD,KOLKATA-700044,WARD NO-141, BOROUGH- XV, KOLKATA  MUNICIPAL CORPORATION, Kolkata, West Bengal - 700044","Z-5/195/84/C, BAGDI PARA ROAD,KOLKATA-700044,WARD NO-141, BOROUGH- XV, KOLKATA  MUNICIPAL CORPORATION, Kolkata, West Bengal - 700044",90.55,pin_700044,,,False,False
22819047000298,22823047000009,"Z3/537, JELIA PARA ROAD KOLKATA-700044, WARD-141, BOROUGH- XV, KOLKATA  MUNICIPAL CORPORATION, Kolkata, West Bengal - 700044","Z-4/33, JELIAPARA ROAD KOLKATA-700044, WARD-141, BOROUGH- XV, KOLKATA  MUNICIPAL CORPORATION, Kolkata, West Bengal - 700044",93.88,pin_700044,,,False,False
22822047000165,22823047000049,"Z3/410/A Jalia Para Road, BOROUGH- XV, KOLKATA  MUNICIPAL CORPORATION, Kolkata, West Bengal - 700044","Z-3/429, Jeliapara Road, BOROUGH- XV, KOLKATA  MUNICIPAL CORPORATION, Kolkata, West Bengal - 700044",90.36,pin_700044,,,False,False
22818019007573,22818019014862,"Z-3/431, JELIAPARA ROAD, KOLKATA-700044, WARD NO-141, BOROUGH- XV, KOLKATA  MUNICIPAL CORPORATION, Kolkata, West Bengal - 700044","Z-3/97, LENIN ROAD, KOLKATA-700044, WARD NO-141, BOROUGH- XV, KOLKATA  MUNICIPAL CORPORATION, Kolkata, West Bengal - 700044",91.57,pin_700044,,,False,False
22818019007573,22818019001994,"Z-3/431, JELIAPARA ROAD, KOLKATA-700044, WARD NO-141, BOROUGH- XV, KOLKATA  MUNICIPAL CORPORATION, Kolkata, West Bengal - 700044","Z-9, LENIN ROAD, KOLKATA-700044, WARD NO-141, BOROUGH- XV, KOLKATA  MUNICIPAL CORPORATION, Kolkata, West Bengal - 700044",91.06,pin_700044,,,False,False
22818019007573,22818047000012,"Z-3/431, JELIAPARA ROAD, KOLKATA-700044, WARD NO-141, BOROUGH- XV, KOLKATA  MUNICIPAL CORPORATION, Kolkata, West Bengal - 700044","Z-4/35/E, JELIA PARA ROAD, KOLKATA-700044, WARD NO-141, BOROUGH- XV, KOLKATA  MUNICIPAL CORPORATION, Kolkata, West Bengal - 700044",93.75,pin_700044,,,False,False
22823047000049,22824047000197,"Z-3/429, Jeliapara Road, BOROUGH- XV, KOLKATA  MUNICIPAL CORPORATION, Kolkata, West Bengal - 700044","Z-3/229, BOROUGH- XV, KOLKATA  MUNICIPAL CORPORATION, Kolkata, West Bengal - 700044",90.0,pin_700044,,,False,False
22821047000261,22825047000055,"Z-3/398,JELIA PARA ROAD,KOL-44,WARD NO-141, BOROUGH- XV, KOLKATA  MUNICIPAL CORPORATION, Kolkata, West Bengal - 700044","Z-3/263,JELIAPARA ROAD,WARD NO-141, BOROUGH- XV, KOLKATA  MUNICIPAL CORPORATION, Kolkata, West Bengal - 700044",91.15,pin_700044,,,False,False
22821047000261,22821047000068,"Z-3/398,JELIA PARA ROAD,KOL-44,WARD NO-141, BOROUGH- XV, KOLKATA  MUNICIPAL CORPORATION, Kolkata, West Bengal - 700044","Z-3/327,RIVER SIDE ROAD,KOL-44,WARD NO-141, BOROUGH- XV, KOLKATA  MUNICIPAL CORPORATION, Kolkata, West Bengal - 700044",90.6,pin_700044,,,False,False
22823047000167,22825047000007,"Z3-238/69/H BAGDIPARA ROAD, WARD NO-141, BOROUGH- XV, KOLKATA  MUNICIPAL CORPORATION, Kolkata, West Bengal - 700044","Z3-237/1/G, BAGDI PARA ROAD,WARD NO-141, BOROUGH- XV, KOLKATA  MUNICIPAL CORPORATION, Kolkata, West Bengal - 700044",92.11,pin_700044,,,False,False
22824047000201,22825047000101,"Z3/103/B, JELIA PARA ROAD,WARD NO-141, BOROUGH- XV, KOLKATA  MUNICIPAL CORPORATION, Kolkata, West Bengal - 700044","Z3-103/8/A, JELIAPARA ROAD, WARD NO-141, BOROUGH- XV, KOLKATA  MUNICIPAL CORPORATION, Kolkata, West Bengal - 700044",92.92,pin_700044,,,False,False
22825047000068,22826047000015,"Z-3/428 JELIAPARA ROAD, BOROUGH- XV, KOLKATA  MUNICIPAL CORPORATION, Kolkata, West Bengal - 700044","Z4/47, JELIYA PARA ROAD, BOROUGH- XV, KOLKATA  MUNICIPAL CORPORATION, Kolkata, West Bengal - 700044",91.28,pin_700044,,,False,False
22825047000068,22824047000045,"Z-3/428 JELIAPARA ROAD, BOROUGH- XV, KOLKATA  MUNICIPAL CORPORATION, Kolkata, West Bengal - 700044","Z-3/103/E/3 JELIA PARA, BOROUGH- XV, KOLKATA  MUNICIPAL CORPORATION, Kolkata, West Bengal - 700044",90.72,pin_700044,,,False,False
22825047000068,22821047000202,"Z-3/428 JELIAPARA ROAD, BOROUGH- XV, KOLKATA  MUNICIPAL CORPORATION, Kolkata, West Bengal - 700044","Z3/253 JELIA PARA ROAD, BOROUGH- XV, KOLKATA  MUNICIPAL CORPORATION, Kolkata, West Bengal - 700044",92.78,pin_700044,,,False,False
22825047000101,22823047000066,"Z3-103/8/A, JELIAPARA ROAD, WARD NO-141, BOROUGH- XV, KOLKATA  MUNICIPAL CORPORATION, Kolkata, West Bengal - 700044","Z-3/257/A JELIA PARA ROAD, WARD NO-141, BOROUGH- XV, KOLKATA  MUNICIPAL CORPORATION, Kolkata, West Bengal - 700044",92.51,pin_700044,,,False,False
22821047000287,22823047000011,"Z-3/172/A,DR. ABDUL KHABIR ROAD,KOLKATA-700044,WARD NO-140, BOROUGH- XV, KOLKATA  MUNICIPAL CORPORATION, Kolkata, West Bengal - 700044","Z-5/175/K, BHANGA KHAL ROAD,KOLKATA-700044,WARD NO-141, BOROUGH- XV, KOLKATA  MUNICIPAL CORPORATION, Kolkata, West Bengal - 700044",90.84,pin_700044,,,False,False
22818019014862,22818047000012,"Z-3/97, LENIN ROAD, KOLKATA-700044, WARD NO-141, BOROUGH- XV, KOLKATA  MUNICIPAL CORPORATION, Kolkata, West Bengal - 700044","Z-4/35/E, JELIA PARA ROAD, KOLKATA-700044, WARD NO-141, BOROUGH- XV, KOLKATA  MUNICIPAL CORPORATION, Kolkata, West Bengal - 700044",90.84,pin_700044,,,False,False
22822047000004,22826047000015,"Z3/191 JELIAPARA ROAD, BOROUGH- XV, KOLKATA  MUNICIPAL CORPORATION, Kolkata, West Bengal - 700044","Z4/47, JELIYA PARA ROAD, BOROUGH- XV, KOLKATA  MUNICIPAL CORPORATION, Kolkata, West Bengal - 700044",90.72,pin_700044,,,False,False
22822047000004,22824047000045,"Z3/191 JELIAPARA ROAD, BOROUGH- XV, KOLKATA  MUNICIPAL CORPORATION, Kolkata, West Bengal - 700044","Z-3/103/E/3 JELIA PARA, BOROUGH- XV, KOLKATA  MUNICIPAL CORPORATION, Kolkata, West Bengal - 700044",91.19,pin_700044,,,False,False
22822047000004,22821047000202,"Z3/191 JELIAPARA ROAD, BOROUGH- XV, KOLKATA  MUNICIPAL CORPORATION, Kolkata, West Bengal - 700044","Z3/253 JELIA PARA ROAD, BOROUGH- XV, KOLKATA  MUNICIPAL CORPORATION, Kolkata, West Bengal - 700044",92.23,pin_700044,,,False,False
22823047000011,22824047000018,"Z-5/175/K, BHANGA KHAL ROAD,KOLKATA-700044,WARD NO-141, BOROUGH- XV, KOLKATA  MUNICIPAL CORPORATION, Kolkata, West Bengal - 700044","Z-3/103/K, DR. ABDUL KHABIR ROAD,KOLKATA-700044,WARD NO-141, BOROUGH- XV, KOLKATA  MUNICIPAL CORPORATION, Kolkata, West Bengal - 700024",90.49,pin_700044,,,False,False
22823047000011,22824047000058,"Z-5/175/K, BHANGA KHAL ROAD,KOLKATA-700044,WARD NO-141, BOROUGH- XV, KOLKATA  MUNICIPAL CORPORATION, Kolkata, West Bengal - 700044","Z-5/195/84/C, BAGDI PARA ROAD,KOLKATA-700044,WARD NO-141, BOROUGH- XV, KOLKATA  MUNICIPAL CORPORATION, Kolkata, West Bengal - 700044",91.54,pin_700044,,,False,False
22823047000009,22821047000011,"Z-4/33, JELIAPARA ROAD KOLKATA-700044, WARD-141, BOROUGH- XV, KOLKATA  MUNICIPAL CORPORATION, Kolkata, West Bengal - 700044","Z3/103/Z, JELIA PARA ROAD KOLKATA-700044, WARD-141, BOROUGH- XV, KOLKATA  MUNICIPAL CORPORATION, Kolkata, West Bengal - 700044",93.12,pin_700044,,,False,False
22824047000045,22824047000208,"Z-3/103/E/3 JELIA PARA, BOROUGH- XV, KOLKATA  MUNICIPAL CORPORATION, Kolkata, West Bengal - 700044","Z-3/103/E/7 JELIAPARA ROAD , BOROUGH- XV, KOLKATA  MUNICIPAL CORPORATION, Kolkata, West Bengal - 700044",93.47,pin_700044,,,False,False
22818019001994,22818047000012,"Z-9, LENIN ROAD, KOLKATA-700044, WARD NO-141, BOROUGH- XV, KOLKATA  MUNICIPAL CORPORATION, Kolkata, West Bengal - 700044","Z-4/35/E, JELIA PARA ROAD, KOLKATA-700044, WARD NO-141, BOROUGH- XV, KOLKATA  MUNICIPAL CORPORATION, Kolkata, West Bengal - 700044",90.32,pin_700044,,,False,False
12820019001600,12821019000510,"Z-3/100,LENIN ROAD,KOL-700044,WARD NO-141, KOLKATA  MUNICIPAL CORPORATION, Kolkata, West Bengal - 700044","Z-3/221,JELIA PARA ROAD,KOL-44,WARD NO-141, KOLKATA  MUNICIPAL CORPORATION, Kolkata, West Bengal - 700044",90.82,pin_700044,,,False,False
12822019000195,12823019001269,"Z-3/144/2,DR. ABDUL KHABIR ROAD,KOLKATA-700044,WARD NO-141, KOLKATA  MUNICIPAL CORPORATION, Kolkata, West Bengal - 700044","Z-3/266/1, KACHARI BARI ROAD,KOLKATA-700044,WARD NO-141, KOLKATA  MUNICIPAL CORPORATION, Kolkata, West Bengal - 700044",90.3,pin_700044,,,False,False
12823019001269,12822019002370,"Z-3/266/1, KACHARI BARI ROAD,KOLKATA-700044,WARD NO-141, KOLKATA  MUNICIPAL CORPORATION, Kolkata, West Bengal - 700044","Z-3/188,DR. ABDUL KHABIR ROAD,KOLKATA-700044,WARD NO-140, KOLKATA  MUNICIPAL CORPORATION, Kolkata, West Bengal - 700044",90.21,pin_700044,,,False,False
22820042000586,22822042000678,"B-290 LAKE GARDENS, BOROUGH-X, KOLKATA  MUNICIPAL CORPORATION, Kolkata, West Bengal - 700045","95 JODHPUR GARDENS, BOROUGH-X, KOLKATA  MUNICIPAL CORPORATION, Kolkata, West Bengal - 700045",90.11,pin_700045,,95,False,False
22821042001226,22821042000534,"D 626, LAKE GARDENS, BOROUGH-X, KOLKATA  MUNICIPAL CORPORATION, Kolkata, West Bengal - 700045","27, JODHPUR GARDENS, BOROUGH-X, KOLKATA  MUNICIPAL CORPORATION, Kolkata, West Bengal - 700045",90.22,pin_700045,,27,False,False
22821042001226,22822042000351,"D 626, LAKE GARDENS, BOROUGH-X, KOLKATA  MUNICIPAL CORPORATION, Kolkata, West Bengal - 700045","269,JODHPUR GARDEN, BOROUGH-X, KOLKATA  MUNICIPAL CORPORATION, Kolkata, West Bengal - 700045",90.71,pin_700045,,269,False,False
22821042001226,22823042000427,"D 626, LAKE GARDENS, BOROUGH-X, KOLKATA  MUNICIPAL CORPORATION, Kolkata, West Bengal - 700045","268 JODHPUR GARDENS, BOROUGH-X, KOLKATA  MUNICIPAL CORPORATION, Kolkata, West Bengal - 700045",90.22,pin_700045,,268,False,False
22821042000614,22821042000169,"23 JODHPUR GARDENS, BOROUGH-X, KOLKATA  MUNICIPAL CORPORATION, Kolkata, West Bengal - 700045","C 531 LAKE GARDENS, BOROUGH-X, KOLKATA  MUNICIPAL CORPORATION, Kolkata, West Bengal - 700045",90.11,pin_700045,23,,False,False
22821042000934,22824042000602,"82 JODHPUR GARDENS, WARD NO: 093, BOROUGH-X, KOLKATA  MUNICIPAL CORPORATION, Kolkata, West Bengal - 700045","A118 LAKE GARDENS, WARD NO -093, BOROUGH-X, KOLKATA  MUNICIPAL CORPORATION, Kolkata, West Bengal - 700045",90.91,pin_700045,82,,False,False
22822042000678,22824042000096,"95 JODHPUR GARDENS, BOROUGH-X, KOLKATA  MUNICIPAL CORPORATION, Kolkata, West Bengal - 700045","A-165 LAKE GARDENS, BOROUGH-X, KOLKATA  MUNICIPAL CORPORATION, Kolkata, West Bengal - 700045",90.11,pin_700045,95,,False,False
22823042000181,22825042000492,"NAKTALA, KOLKATA, BOROUGH-X, KOLKATA  MUNICIPAL CORPORATION, Kolkata, West Bengal - 700047","39 LOTUS PARK KOLKATA, BOROUGH-X, KOLKATA  MUNICIPAL CORPORATION, Kolkata, West Bengal - 700047",90.71,pin_700047,,39,False,False
22823042000884,22825042000239,"K/9 SAHAPUR COLONY, BOROUGH-X, KOLKATA  MUNICIPAL CORPORATION, Kolkata, West Bengal - 700053","K/9 SHAHPUR ROAD, BOROUGH-X, KOLKATA  MUNICIPAL CORPORATION, Kolkata, West Bengal - 700053",91.11,pin_700053,,,False,False
22818019004433,22821035000002,"P-187, C I T Scheme-VI-M, BOROUGH- I, KOLKATA  MUNICIPAL CORPORATION, Kolkata, West Bengal - 700054","P-181 C I T ROAD SCH-VIM, BOROUGH- III, KOLKATA  MUNICIPAL CORPORATION, Kolkata, West Bengal - 700054",90.91,pin_700054,,,False,False
22821043000203,22822043000005,"188, POSTAL PARK, BOROUGH- XI, KOLKATA  MUNICIPAL CORPORATION, Kolkata, West Bengal - 700070","A/83 SONALI PARK, BOROUGH- XI, KOLKATA  MUNICIPAL CORPORATION, Kolkata, West Bengal - 700070",91.21,pin_700070,188,,False,False
22822043000005,22822043000022,"A/83 SONALI PARK, BOROUGH- XI, KOLKATA  MUNICIPAL CORPORATION, Kolkata, West Bengal - 700070","BANSDRONI SITALA PARK, BOROUGH- XI, KOLKATA  MUNICIPAL CORPORATION, Kolkata, West Bengal - 700070",90.91,pin_700070,,,False,False
22822043000005,22822043000420,"A/83 SONALI PARK, BOROUGH- XI, KOLKATA  MUNICIPAL CORPORATION, Kolkata, West Bengal - 700070","90 SUBODH PARK, BOROUGH- XI, KOLKATA  MUNICIPAL CORPORATION, Kolkata, West Bengal - 700070",92.22,pin_700070,,90,False,False
22822043000005,22823043000083,"A/83 SONALI PARK, BOROUGH- XI, KOLKATA  MUNICIPAL CORPORATION, Kolkata, West Bengal - 700070","98 SUBODH PARK, BOROUGH- XI, KOLKATA  MUNICIPAL CORPORATION, Kolkata, West Bengal - 700070",93.33,pin_700070,,98,False,False
22822043000005,22821043000289,"A/83 SONALI PARK, BOROUGH- XI, KOLKATA  MUNICIPAL CORPORATION, Kolkata, West Bengal - 700070","74 POSTAL PARK, BOROUGH- XI, KOLKATA  MUNICIPAL CORPORATION, Kolkata, West Bengal - 700070",93.33,pin_700070,,74,False,False
22822043000005,22822043000166,"A/83 SONALI PARK, BOROUGH- XI, KOLKATA  MUNICIPAL CORPORATION, Kolkata, West Bengal - 700070","31, POSTAL PARK, BOROUGH- XI, KOLKATA  MUNICIPAL CORPORATION, Kolkata, West Bengal - 700070",91.71,pin_700070,,31,False,False
22822043000005,22825043000314,"A/83 SONALI PARK, BOROUGH- XI, KOLKATA  MUNICIPAL CORPORATION, Kolkata, West Bengal - 700070","112E POSTAL PARK, BOROUGH- XI, KOLKATA  MUNICIPAL CORPORATION, Kolkata, West Bengal - 700070",91.21,pin_700070,,112E,False,False
22822043000005,22823043000599,"A/83 SONALI PARK, BOROUGH- XI, KOLKATA  MUNICIPAL CORPORATION, Kolkata, West Bengal - 700070","B/1 SONALIPARK, BOROUGH- XI, KOLKATA  MUNICIPAL CORPORATION, Kolkata, West Bengal - 700070",91.11,pin_700070,,,False,False
22822043000005,22822043000169,"A/83 SONALI PARK, BOROUGH- XI, KOLKATA  MUNICIPAL CORPORATION, Kolkata, West Bengal - 700070","27 SUBHASH PARK, BOROUGH- XI, KOLKATA  MUNICIPAL CORPORATION, Kolkata, West Bengal - 700070",90.61,pin_700070,,27,False,False
22822043000005,22821043000423,"A/83 SONALI PARK, BOROUGH- XI, KOLKATA  MUNICIPAL CORPORATION, Kolkata, West Bengal - 700070","14, SUBODH PARK, BOROUGH- XI, KOLKATA  MUNICIPAL CORPORATION, Kolkata, West Bengal - 700070",90.61,pin_700070,,14,False,False
22822043000005,22823043000014,"A/83 SONALI PARK, BOROUGH- XI, KOLKATA  MUNICIPAL CORPORATION, Kolkata, West Bengal - 700070","83 PIRPUKUR ROAD, BOROUGH- XI, KOLKATA  MUNICIPAL CORPORATION, Kolkata, West Bengal - 700070",91.21,pin_700070,,83,False,False
22822043000005,22823043000326,"A/83 SONALI PARK, BOROUGH- XI, KOLKATA  MUNICIPAL CORPORATION, Kolkata, West Bengal - 700070","P-17 SUBODH PARK, BOROUGH- XI, KOLKATA  MUNICIPAL CORPORATION, Kolkata, West Bengal - 700070",90.11,pin_700070,,,False,False
22822043000022,22821043000289,"BANSDRONI SITALA PARK, BOROUGH- XI, KOLKATA  MUNICIPAL CORPORATION, Kolkata, West Bengal - 700070","74 POSTAL PARK, BOROUGH- XI, KOLKATA  MUNICIPAL CORPORATION, Kolkata, West Bengal - 700070",91.89,pin_700070,,74,False,False
22822043000022,22822043000166,"BANSDRONI SITALA PARK, BOROUGH- XI, KOLKATA  MUNICIPAL CORPORATION, Kolkata, West Bengal - 700070","31, POSTAL PARK, BOROUGH- XI, KOLKATA  MUNICIPAL CORPORATION, Kolkata, West Bengal - 700070",90.32,pin_700070,,31,False,False
22821043000090,22824043000383,"429 PIRPUKUR ROAD SARADAMONI PARK,WARD NO.112, , BOROUGH- XI, KOLKATA  MUNICIPAL CORPORATION, Kolkata, West Bengal - 700070","SARDAMONI PARK PIR PUKUR ROAD , BOROUGH- XI, KOLKATA  MUNICIPAL CORPORATION, Kolkata, West Bengal - 700070",91.63,pin_700070,429,,False,False
22821043000087,22824043000383,"429 PIRPUKUR ROAD SARADAMONI PARK , BOROUGH- XI, KOLKATA  MUNICIPAL CORPORATION, Kolkata, West Bengal - 700070","SARDAMONI PARK PIR PUKUR ROAD , BOROUGH- XI, KOLKATA  MUNICIPAL CORPORATION, Kolkata, West Bengal - 700070",97.2,pin_700070,429,,False,False
22822043000225,22823043000367,"1065 NIRANJAN PALLY  B BLOCK, BOROUGH- XI, KOLKATA  MUNICIPAL CORPORATION, Kolkata, West Bengal - 700070","B 48 NIRAJANPALLY , BANSDRONI, BOROUGH- XI, KOLKATA  MUNICIPAL CORPORATION, Kolkata, West Bengal - 700070",90.29,pin_700070,1065,,False,False
22822043000481,22824043000383,"295 PIRPUKUR ROAD 19 SARADAMONI PARK, BOROUGH- XI, KOLKATA  MUNICIPAL CORPORATION, Kolkata, West Bengal - 700070","SARDAMONI PARK PIR PUKUR ROAD , BOROUGH- XI, KOLKATA  MUNICIPAL CORPORATION, Kolkata, West Bengal - 700070",94.44,pin_700070,295,,False,False
22821043000208,22823043000599,"45 RAYNAGAR, BOROUGH- XI, KOLKATA  MUNICIPAL CORPORATION, Kolkata, West Bengal - 700070","B/1 SONALIPARK, BOROUGH- XI, KOLKATA  MUNICIPAL CORPORATION, Kolkata, West Bengal - 700070",90.29,pin_700070,45,,False,False
22821043000208,22824043000071,"45 RAYNAGAR, BOROUGH- XI, KOLKATA  MUNICIPAL CORPORATION, Kolkata, West Bengal - 700070","DINESH NAGAR, BOROUGH- XI, KOLKATA  MUNICIPAL CORPORATION, Kolkata, West Bengal - 700070",92.49,pin_700070,45,,False,False
22821043000289,22823043000326,"74 POSTAL PARK, BOROUGH- XI, KOLKATA  MUNICIPAL CORPORATION, Kolkata, West Bengal - 700070","P-17 SUBODH PARK, BOROUGH- XI, KOLKATA  MUNICIPAL CORPORATION, Kolkata, West Bengal - 700070",90.0,pin_700070,74,,False,False
22823043000343,22823043000599,"48 NANDIPARA, BOROUGH- XI, KOLKATA  MUNICIPAL CORPORATION, Kolkata, West Bengal - 700070","B/1 SONALIPARK, BOROUGH- XI, KOLKATA  MUNICIPAL CORPORATION, Kolkata, West Bengal - 700070",92.05,pin_700070,48,,False,False
22823043000343,22824043000071,"48 NANDIPARA, BOROUGH- XI, KOLKATA  MUNICIPAL CORPORATION, Kolkata, West Bengal - 700070","DINESH NAGAR, BOROUGH- XI, KOLKATA  MUNICIPAL CORPORATION, Kolkata, West Bengal - 700070",90.8,pin_700070,48,,False,False
22823043000408,22821043000535,"H.L. SARKAR ROAD, BOROUGH- XI, KOLKATA  MUNICIPAL CORPORATION, Kolkata, West Bengal - 700070","3 SITARAM ROAD, BOROUGH- XI, KOLKATA  MUNICIPAL CORPORATION, Kolkata, West Bengal - 700070",93.33,pin_700070,,3,False,False
22823043000408,22825043000281,"H.L. SARKAR ROAD, BOROUGH- XI, KOLKATA  MUNICIPAL CORPORATION, Kolkata, West Bengal - 700070","69 SARAT PALLY, BOROUGH- XI, KOLKATA  MUNICIPAL CORPORATION, Kolkata, West Bengal - 700070",90.0,pin_700070,,69,False,False
22823043000599,22824043000247,"B/1 SONALIPARK, BOROUGH- XI, KOLKATA  MUNICIPAL CORPORATION, Kolkata, West Bengal - 700070","227 ROYNAGAR, BOROUGH- XI, KOLKATA  MUNICIPAL CORPORATION, Kolkata, West Bengal - 700070",90.91,pin_700070,,227,False,False
22820043000248,22824043000383,"30 SARADAMANI PARK, PIRPUKUR ROAD,BANSDRONI, BOROUGH- XI, KOLKATA  MUNICIPAL CORPORATION, Kolkata, West Bengal - 700070","SARDAMONI PARK PIR PUKUR ROAD , BOROUGH- XI, KOLKATA  MUNICIPAL CORPORATION, Kolkata, West Bengal - 700070",90.58,pin_700070,30,,False,False
22822043000169,22823043000326,"27 SUBHASH PARK, BOROUGH- XI, KOLKATA  MUNICIPAL CORPORATION, Kolkata, West Bengal - 700070","P-17 SUBODH PARK, BOROUGH- XI, KOLKATA  MUNICIPAL CORPORATION, Kolkata, West Bengal - 700070",92.82,pin_700070,27,,False,False
22824043000071,22824043000247,"DINESH NAGAR, BOROUGH- XI, KOLKATA  MUNICIPAL CORPORATION, Kolkata, West Bengal - 700070","227 ROYNAGAR, BOROUGH- XI, KOLKATA  MUNICIPAL CORPORATION, Kolkata, West Bengal - 700070",91.95,pin_700070,,227,False,False
12818019002984,12826019000687,"B/50/H/4, ZAKZRIA STREET, GROUND FLOOR, WARD - 044, KOLKATA  MUNICIPAL CORPORATION, Kolkata, West Bengal - 700073","8, ZACARIA STREET, GROUND FLOOR, WARD - 43, KOLKATA  MUNICIPAL CORPORATION, Kolkata, West Bengal - 700073",92.59,pin_700073,,8,False,False
22825043000100,22822043000253,"3 PRIYA NATH GHOSH ROAD, BOROUGH- XI, KOLKATA  MUNICIPAL CORPORATION, Kolkata, West Bengal - 700075","NASKAR PARA ROAD, BOROUGH- XI, KOLKATA  MUNICIPAL CORPORATION, Kolkata, West Bengal - 700075",91.01,pin_700075,3,,False,False
12826019000281,12823019002315,"91 SANTOSPUR AVENUE, GROUND FLOOR, WARD NO 103, KOLKATA  MUNICIPAL CORPORATION, Kolkata, West Bengal - 700075","GROUND FLOOR, 177 SANTOSHPUR AVENUE, KOLKATA  MUNICIPAL CORPORATION, Kolkata, West Bengal - 700075",91.71,pin_700075,91,,False,False
22821043000251,22826043000125,"B 42, GARIA PARK, GARIA, BOROUGH- XI, KOLKATA  MUNICIPAL CORPORATION, Kolkata, West Bengal - 700084","6, KANANGO PARK, BOROUGH- XI, KOLKATA  MUNICIPAL CORPORATION, Kolkata, West Bengal - 700084",90.43,pin_700084,,6,False,False
22821041000601,22821041000836,"1, TARATALLA ROAD,, BOROUGH- IX, KOLKATA  MUNICIPAL CORPORATION, Kolkata, West Bengal - 700088","P-19, TARATALA ROAD , BOROUGH- IX, KOLKATA  MUNICIPAL CORPORATION, Kolkata, West Bengal - 700088",92.55,pin_700088,1,,False,False
12826019000473,12823019000538,"P-53 TARA TALA ROAD, KOLKATA  MUNICIPAL CORPORATION, Kolkata, West Bengal - 700088","P-47, TARATALA ROAD, KOLKATA  MUNICIPAL CORPORATION, Kolkata, West Bengal - 700088",93.83,pin_700088,,,False,False
12823019000538,12822019002106,"P-47, TARATALA ROAD, KOLKATA  MUNICIPAL CORPORATION, Kolkata, West Bengal - 700088","1/1 TARA TALA ROAD, KOLKATA  MUNICIPAL CORPORATION, Kolkata, West Bengal - 700088",90.68,pin_700088,,1/1,False,False
22821042001396,22818019012257,"B/68,BAGHAJATIN BAZAR,WARD NO-99, BOROUGH-X, KOLKATA  MUNICIPAL CORPORATION, Kolkata, West Bengal - 700092","B/36,BAPUJINAGAR,WARD NO-96, BOROUGH- I, KOLKATA  MUNICIPAL CORPORATION, Kolkata, West Bengal - 700092",90.29,pin_700092,,,False,False
22821042001685,22821042001726,"A/13 Baghajatin, BOROUGH-X, KOLKATA  MUNICIPAL CORPORATION, Kolkata, West Bengal - 700092","68 B Baghajatiin  Bazar, BOROUGH-X, KOLKATA  MUNICIPAL CORPORATION, Kolkata, West Bengal - 700092",91.8,pin_700092,,68,False,False
22821042001685,22821042001707,"A/13 Baghajatin, BOROUGH-X, KOLKATA  MUNICIPAL CORPORATION, Kolkata, West Bengal - 700092","B/6 Bapujinagar, BOROUGH-X, KOLKATA  MUNICIPAL CORPORATION, Kolkata, West Bengal - 700092",90.91,pin_700092,,,False,False
22821042001726,22824042000817,"68 B Baghajatiin  Bazar, BOROUGH-X, KOLKATA  MUNICIPAL CORPORATION, Kolkata, West Bengal - 700092","A/104 Baghajatin, BOROUGH-X, KOLKATA  MUNICIPAL CORPORATION, Kolkata, West Bengal - 700092",91.3,pin_700092,68,,False,False
22821042001726,22821042001707,"68 B Baghajatiin  Bazar, BOROUGH-X, KOLKATA  MUNICIPAL CORPORATION, Kolkata, West Bengal - 700092","B/6 Bapujinagar, BOROUGH-X, KOLKATA  MUNICIPAL CORPORATION, Kolkata, West Bengal - 700092",90.71,pin_700092,68,,False,False
22823042000158,22821042001707,"A/8 Bapuji Nagar, BOROUGH-X, KOLKATA  MUNICIPAL CORPORATION, Kolkata, West Bengal - 700092","B/6 Bapujinagar, BOROUGH-X, KOLKATA  MUNICIPAL CORPORATION, Kolkata, West Bengal - 700092",90.4,pin_700092,,,False,False
22823042000240,22822042000609,"60/A/1, BOROUGH-X, KOLKATA  MUNICIPAL CORPORATION, Kolkata, West Bengal - 700092","F-17, BOROUGH-X, KOLKATA  MUNICIPAL CORPORATION, Kolkata, West Bengal - 700092",91.03,pin_700092,60,,False,False
22818019012257,22818042000351,"B/36,BAPUJINAGAR,WARD NO-96, BOROUGH- I, KOLKATA  MUNICIPAL CORPORATION, Kolkata, West Bengal - 700092","B/9,BAGHAJATIN,WARD NO-96, BOROUGH-X, KOLKATA  MUNICIPAL CORPORATION, Kolkata, West Bengal - 700092",90.45,pin_700092,,,False,False
22822042000609,22823042000386,"F-17, BOROUGH-X, KOLKATA  MUNICIPAL CORPORATION, Kolkata, West Bengal - 700092","10/88, BOROUGH-X, KOLKATA  MUNICIPAL CORPORATION, Kolkata, West Bengal - 700092",91.61,pin_700092,,10/88,False,False
22824042000817,22821042001707,"A/104 Baghajatin, BOROUGH-X, KOLKATA  MUNICIPAL CORPORATION, Kolkata, West Bengal - 700092","B/6 Bapujinagar, BOROUGH-X, KOLKATA  MUNICIPAL CORPORATION, Kolkata, West Bengal - 700092",90.4,pin_700092,,,False,False
22825044000526,22823042000444,"B9 BAGHA JATIN PALLAY, BOROUGH-XII, KOLKATA  MUNICIPAL CORPORATION, Kolkata, West Bengal - 700092","I/14, BAGHAJATIN PALLY, BOROUGH-X, KOLKATA  MUNICIPAL CORPORATION, Kolkata, West Bengal - 700092",90.05,pin_700092,,,False,False
22821043000001,22823043000063,"241 ANANDA PALLY B, BOROUGH- XI, KOLKATA  MUNICIPAL CORPORATION, Kolkata, West Bengal - 700093","ANANDAPALLY, BOROUGH- XI, KOLKATA  MUNICIPAL CORPORATION, Kolkata, West Bengal - 700093",90.5,pin_700093,241,,False,False
22821043000574,22822043000396,"333 SREE PALLY - PURBAPUTIARY, BOROUGH- XI, KOLKATA  MUNICIPAL CORPORATION, Kolkata, West Bengal - 700093","PURBA PUTIARY SO, BOROUGH- XI, KOLKATA  MUNICIPAL CORPORATION, Kolkata, West Bengal - 700093",90.26,pin_700093,333,,False,False
22819043000282,22822043000396,"8, SAHA PARA, PURBAPUTIARY, BOROUGH- XI, KOLKATA  MUNICIPAL CORPORATION, Kolkata, West Bengal - 700093","PURBA PUTIARY SO, BOROUGH- XI, KOLKATA  MUNICIPAL CORPORATION, Kolkata, West Bengal - 700093",91.67,pin_700093,8,,False,False
12822019000106,12822019002715,"25/A, GANGA PURI , PURBA PUTIARY, WARD NO- 114, KOLKATA  MUNICIPAL CORPORATION, Kolkata, West Bengal - 700093","GANGAPURI, PURBAPUTIARY, WARD NO- 114, KOLKATA  MUNICIPAL CORPORATION, Kolkata, West Bengal - 700093",90.82,pin_700093,25,,False,False
22821043000081,22826043000097,"R/1/1 BAISNABGHATA, BOROUGH- XI, KOLKATA  MUNICIPAL CORPORATION, Kolkata, West Bengal - 700094","1/102, BAISANBGHATA, BOROUGH- XI, KOLKATA  MUNICIPAL CORPORATION, Kolkata, West Bengal - 700094",91.98,pin_700094,,1/102,False,False
22822043000059,22823043000286,"H/204, BAISHNABGHATA PATULI, BOROUGH- XI, KOLKATA  MUNICIPAL CORPORATION, Kolkata, West Bengal - 700094","D/26 BAISNABGHATA, BOROUGH- XI, KOLKATA  MUNICIPAL CORPORATION, Kolkata, West Bengal - 700094",91.75,pin_700094,,,False,False
22823043000286,22823043000620,"D/26 BAISNABGHATA, BOROUGH- XI, KOLKATA  MUNICIPAL CORPORATION, Kolkata, West Bengal - 700094","D/158 BAISHNABGHATA PATULI, BOROUGH- XI, KOLKATA  MUNICIPAL CORPORATION, Kolkata, West Bengal - 700094",92.23,pin_700094,,,False,False
22823043000286,22823043000197,"D/26 BAISNABGHATA, BOROUGH- XI, KOLKATA  MUNICIPAL CORPORATION, Kolkata, West Bengal - 700094","G-183/1 BAISHNABGHATA PATULI, BOROUGH- XI, KOLKATA  MUNICIPAL CORPORATION, Kolkata, West Bengal - 700094",90.26,pin_700094,,,False,False
22823043000286,22826043000097,"D/26 BAISNABGHATA, BOROUGH- XI, KOLKATA  MUNICIPAL CORPORATION, Kolkata, West Bengal - 700094","1/102, BAISANBGHATA, BOROUGH- XI, KOLKATA  MUNICIPAL CORPORATION, Kolkata, West Bengal - 700094",92.47,pin_700094,,1/102,False,False
22823043000279,22826043000112,"28 SEIKHPARA, BOROUGH- XI, KOLKATA  MUNICIPAL CORPORATION, Kolkata, West Bengal - 700096","E 28 RABINDRAPALLY, BOROUGH- XI, KOLKATA  MUNICIPAL CORPORATION, Kolkata, West Bengal - 700096",90.0,pin_700096,28,,False,False
22824043000011,22826044000108,"MUKUNDAPUR, BOROUGH- XI, KOLKATA  MUNICIPAL CORPORATION, Kolkata, West Bengal - 700099","6/6 MUKUNDAUPUR, BOROUGH-XII, KOLKATA  MUNICIPAL CORPORATION, Kolkata, West Bengal - 700099",92.57,pin_700099,,6/6,False,False
22822044000102,12824019001930,"WEST CHOWBHAGA, BOROUGH-XII, KOLKATA  MUNICIPAL CORPORATION, Kolkata, West Bengal - 700100","B/15A, WEST CHOWBAGHA, KOLKATA  MUNICIPAL CORPORATION, Kolkata, West Bengal - 700100",90.7,pin_700100,,,False,False
12824019001963,12825019002372,"Ground Floor, 227, Hossainpur, KOLKATA  MUNICIPAL CORPORATION, Kolkata, West Bengal - 700107","177, Hossenpur, Ground Floor, Anandapur, KOLKATA  MUNICIPAL CORPORATION, Kolkata, West Bengal - 700107",90.62,pin_700107,,177,False,False
