fbo_id_1,fbo_id_2,house_number_1,house_number_2,similarity_score,raw_address_1,raw_address_2,block_key
22825035000155,22825035000142,163/1A,163/1A,93.04,"163/1A, MANICKTALA MAIN ROAD, MD. ISMAIL MARKET, WARD NO- 31,  STALL NO- F1S- 23/67, BOROUGH- III, KOLKATA  MUNICIPAL CORPORATION, Kolkata, West Bengal - 700054","163/1A, MANICKTALA MAIN ROAD, MD. ISMAIL MARKET, WARD NO- 31,  STALL NO- VEG- 12/81, BOROUGH- III, KOLKATA  MUNICIPAL CORPORATION, Kolkata, West Bengal - 700054",pin_700054
22822044000666,12822019002718,12/1A/54,12/1A/54,90.04,"12/1A/54 CHOWBHAGA BIDHAN NAGAR ROAD , BOROUGH-XII, KOLKATA  MUNICIPAL CORPORATION, Kolkata, West Bengal - 700039","12/1A/54 CHOWBAGA ROAD, BIDHAN NAGAR, WARD NO-107, BR-XII, KOLKATA  MUNICIPAL CORPORATION, Kolkata, West Bengal - 700039",pin_700039
22821033000393,22825033000215,110,110,90.41,"110, COSSIPORE ROAD, WARD NO - 6, KOL - 2, BOROUGH- I, KOLKATA  MUNICIPAL CORPORATION, Kolkata, West Bengal - 700002","110, COSSIPORE ROAD, WARD- 006, BOROUGH- I, KOLKATA  MUNICIPAL CORPORATION, Kolkata, West Bengal - 700002",pin_700002
22825041000293,22825041000294,1,1,98.68,"1, TARATALA ROAD, HEMANTA BASU MARKET BRACE BRIDGE, STALL NO-261, WARD NO.80, BOROUGH- IX, KOLKATA  MUNICIPAL CORPORATION, Kolkata, West Bengal - 700088","1, TARATALA ROAD, HEMANTA BASU MARKET BRACE BRIDGE, STALL NO-315, WARD NO.80, BOROUGH- IX, KOLKATA  MUNICIPAL CORPORATION, Kolkata, West Bengal - 700088",pin_700088
12820019001507,12824019002301,11/4C,11/4C,91.8,"11/4C, CHRISTOPHER ROAD , KOLKATA  MUNICIPAL CORPORATION, Kolkata, West Bengal - 700046","11/4C, CHRISTOPHER ROAD, WARD NO-58, KOLKATA  MUNICIPAL CORPORATION, Kolkata, West Bengal - 700046",pin_700046
22821034000220,22822034000123,18/3A,18/3A,91.26,"18/3A DALIMTOLA LANE, BOROUGH-II, KOLKATA  MUNICIPAL CORPORATION, Kolkata, West Bengal - 700006","18/3A DALIMTOLA LANE, KMC WARD NO - 16, BOROUGH-II, KOLKATA  MUNICIPAL CORPORATION, Kolkata, West Bengal - 700006",pin_700006
22825041000199,22825041000262,1,1,96.0,"1, TARATALA ROAD, HEMANTA BOSE MARKET BRACE BRIDGE, STALL NO-64, WARD NO.80, BOROUGH- IX, KOLKATA  MUNICIPAL CORPORATION, Kolkata, West Bengal - 700088","1, TARATALA ROAD, HEMANTA BASU MARKET BRACE BRIDGE, STALL NO-62, WARD NO.80, BOROUGH- IX, KOLKATA  MUNICIPAL CORPORATION, Kolkata, West Bengal - 700088",pin_700088
22822036000226,12822019001483,187,187,95.3,"187,VIVEKANANDA ROAD,MANIKTALA BAZAR,GROUND FLOOR STALL NO-52,KOLKATA 700006,WARD-027,BR-IV, BOROUGH-IV, KOLKATA  MUNICIPAL CORPORATION, Kolkata, West Bengal - 700006","187,VIVEKANANDA ROAD,MANIKTALA BAZAR,GROUND FLOOR STALL NO-155,KOLKATA 700006,WARD-027,BR-IV, KOLKATA  MUNICIPAL CORPORATION, Kolkata, West Bengal - 700006",pin_700006
22817019000481,22824037000207,86C,86C,91.45,"86C,ACHARYA PRAFULLA CHANDRA ROAD,WARD-37, BOROUGH- V, KOLKATA  MUNICIPAL CORPORATION, Kolkata, West Bengal - 700009","86C ACHARYA PRAFULLA CHANDRA ROAD, WARD NO-36, BOROUGH- V, KOLKATA  MUNICIPAL CORPORATION, Kolkata, West Bengal - 700009",pin_700009
22821039000297,12823019000615,28,28,92.86,"28, OLD BALLYGUNGE FIRST LANE, BOROUGH- VII, KOLKATA  MUNICIPAL CORPORATION, Kolkata, West Bengal - 700019","28, OLD BALLYGUNGE FIRST LANE, KOLKATA  MUNICIPAL CORPORATION, Kolkata, West Bengal - 700019",pin_700019
22818036000201,22818036000203,187,187,98.72,"187 VIVEKANANDA ROAD, STALL NO- 167, WARD- 27, BOROUGH-IV, KOLKATA  MUNICIPAL CORPORATION, Kolkata, West Bengal - 700006","187 VIVEKANANDA ROAD STALL NO- 1, WARD- 27, BOROUGH-IV, KOLKATA  MUNICIPAL CORPORATION, Kolkata, West Bengal - 700006",pin_700006
22821036000190,22819036000391,123/1/1,123/1/1,97.09,"123/1/1,ACHARYA PRAFULLA CHANDRA ROAD, STALL NO-310,KOLKATA 700006,WARD-027,BR-IV, BOROUGH-IV, KOLKATA  MUNICIPAL CORPORATION, Kolkata, West Bengal - 700006","123/1/1,ACHARYA PRAFULLA CHANDRA ROAD,STALL NO.296,KOLKATA 700006,WARD-027,BR-IV, BOROUGH-IV, KOLKATA  MUNICIPAL CORPORATION, Kolkata, West Bengal - 700006",pin_700006
12821019000543,12821019000701,55,55,90.15,"55 BIPLABI RASH BEHARY BASU ROAD 2ND FLOOR, BLOCK-NP,ROOM NO -212 WARD NO -45, KOLKATA  MUNICIPAL CORPORATION, Kolkata, West Bengal - 700001","55 BIPLABI RASH BEHARI BASU ROAD ROOM NO -17 2ND FLOOR BLOCK -B, KOLKATA  MUNICIPAL CORPORATION, Kolkata, West Bengal - 700001",pin_700001
22818019007969,22825041000001,78,78,90.58,"B/13/H/25,MAURBHANJ ROAD,WARD NO.78, BOROUGH- I, KOLKATA  MUNICIPAL CORPORATION, Kolkata, West Bengal - 700023","B/4/3/H/58, BHUKAILASH ROAD, WARD NO.78, BOROUGH- IX, KOLKATA  MUNICIPAL CORPORATION, Kolkata, West Bengal - 700023",pin_700023
12817019000022,12823019000423,66,66,91.51,"66/H/4, TILJALA MASJID BARI LANE, WARD NO -65, KOLKATA  MUNICIPAL CORPORATION, Kolkata, West Bengal - 700039","66/H/4, TILJALA MASJIDBARI LANE, WARD NO-65, KOLKATA  MUNICIPAL CORPORATION, Kolkata, West Bengal - 700039",pin_700039
22821036000285,22819036000450,123/1/1,123/1/1,98.38,"123/1/1,ACHARYA PRAFULLA CHANDRA ROAD,STALL NO-292,KOLKATA 700006,WARD-027,BR-IV, BOROUGH-IV, KOLKATA  MUNICIPAL CORPORATION, Kolkata, West Bengal - 700006","123/1/1,ACHARYA PRAFULLA CHANDRA ROAD,STALL NO-281B,KOLKATA 700006,WARD-027,BR-IV, BOROUGH-IV, KOLKATA  MUNICIPAL CORPORATION, Kolkata, West Bengal - 700006",pin_700006
22821044000206,22823044000017,16,16,94.51,"16 KRISHNA GARDEN HOUSING SOCIETY RAJDANGA SCHOOL ROAD, BOROUGH-XII, KOLKATA  MUNICIPAL CORPORATION, Kolkata, West Bengal - 700107","16, RAJDANGA SCHOOL ROAD, KRISHNA GARDEN HOUSING SOCIETY, WARD No.107, BOROUGH-XII, KOLKATA  MUNICIPAL CORPORATION, Kolkata, West Bengal - 700107",pin_700107
22824034000030,22819034000675,421B,421B,90.6,"421B, RABINDRA SARANI , UNDER KMC. WORD NO. 19, BOROUGH-II, KOLKATA  MUNICIPAL CORPORATION, Kolkata, West Bengal - 700005","421B RABINDRA SARANI BORO II WARD NO. 19, BOROUGH-II, KOLKATA  MUNICIPAL CORPORATION, Kolkata, West Bengal - 700005",pin_700005
12821019000235,12819019001414,167,167,94.55,"167,NETAJI SUBHAS ROAD,1ST FLOOR, ROOM NO-77,KOLKATA-700007,WARD-022,BR-IV, KOLKATA  MUNICIPAL CORPORATION, Kolkata, West Bengal - 700007","167,NETAJI SUBHAS ROAD,GROUND FLOOR ROOM NO-261,KOLKATA-700007,WARD-022,BR-IV, KOLKATA  MUNICIPAL CORPORATION, Kolkata, West Bengal - 700007",pin_700007
12822019001401,12824019001277,43,43,90.4,"43 JHEEL ROAD PALBAZAR, FLAT 148,WARD NO-92,BR X,KOLKATA-700075, KOLKATA  MUNICIPAL CORPORATION, Kolkata, West Bengal - 700075","43 JHEEL ROAD, PALBALPR FLAT-148,WARD NO-92,BR X,KOLKATA-700075, KOLKATA  MUNICIPAL CORPORATION, Kolkata, West Bengal - 700075",pin_700075
22822039000297,22822039000341,11,11,94.36,"11/H/5, SIL LANE,WARD-58, BOROUGH- VII, KOLKATA  MUNICIPAL CORPORATION, Kolkata, West Bengal - 700015","11,SIL LANE,WARD-58, BOROUGH- VII, KOLKATA  MUNICIPAL CORPORATION, Kolkata, West Bengal - 700015",pin_700015
22818036000200,22818036000203,187,187,99.15,"187 VIVEKANANDA ROAD STALL NO- 127, WARD- 27, BOROUGH-IV, KOLKATA  MUNICIPAL CORPORATION, Kolkata, West Bengal - 700006","187 VIVEKANANDA ROAD STALL NO- 1, WARD- 27, BOROUGH-IV, KOLKATA  MUNICIPAL CORPORATION, Kolkata, West Bengal - 700006",pin_700006
22821036000230,22821036000752,123,123,91.69,"123,ACHARYA PRAFULLA CHANDRA ROAD, STALL NO 227,KOLKATA 700006,WARD-027,BR-IV, BOROUGH-IV, KOLKATA  MUNICIPAL CORPORATION, Kolkata, West Bengal - 700006","123,ACHARYA PRAFULLA CHANDRA ROAD,STALL NO-190,KOLKATA 700006,WARD-027,BR-IV, BOROUGH-IV, KOLKATA  MUNICIPAL CORPORATION, Kolkata, West Bengal - 700006",pin_700006
22820034000069,22820034000136,16,16,90.0,"B/76/1/H/1,BIDHAN SARANI WARD NO.16, BOROUGH-II, KOLKATA  MUNICIPAL CORPORATION, Kolkata, West Bengal - 700006","B/19D/H/10,GOABAGAN STREET WARD NO.16, BOROUGH-II, KOLKATA  MUNICIPAL CORPORATION, Kolkata, West Bengal - 700006",pin_700006
22821039000518,22825039000333,19,19,94.63,"19 TOPSIA ROAD KOLKATA, BOROUGH- VII, KOLKATA  MUNICIPAL CORPORATION, Kolkata, West Bengal - 700039","19 TOPSIA ROAD KOLKATA - 700039, BOROUGH- VII, KOLKATA  MUNICIPAL CORPORATION, Kolkata, West Bengal - 700039",pin_700039
12823019001181,12818019004357,54/3B,54/3B,96.3,"54/3B , DEBENDRA CHANDRA DEY ROAD , WARD NO.-058, KOLKATA  MUNICIPAL CORPORATION, Kolkata, West Bengal - 700015","54/3B, DEBENDRA CHANDRA DEY ROAD, WARD NO-58, KOLKATA  MUNICIPAL CORPORATION, Kolkata, West Bengal - 700015",pin_700015
22824040000263,22822040000101,1/1,1/1,96.86,"1/1 GOPAL BANERJEE LANE,WARD NO.88, BOROUGH- VIII, KOLKATA  MUNICIPAL CORPORATION, Kolkata, West Bengal - 700026","1/1 GOPAL BANERJEE LANE,WARD NO. 88, BOROUGH- VIII, KOLKATA  MUNICIPAL CORPORATION, Kolkata, West Bengal - 700026",pin_700026
22818019016440,22822035000033,8,8,93.33,"8,DR.SURESH CHANDRA BANERJEE ROAD,WARD NO-35, BOROUGH- I, KOLKATA  MUNICIPAL CORPORATION, Kolkata, West Bengal - 700085","8,DR. SURESH CHANDRA BANERJEE ROAD, WARD NO-35, BOROUGH- III, KOLKATA  MUNICIPAL CORPORATION, Kolkata, West Bengal - 700085",pin_700085
22821037000350,22816019000763,9,9,90.82,"9, BAITHAKKHANA 2ND LANE, BOROUGH- V, KOLKATA  MUNICIPAL CORPORATION, Kolkata, West Bengal - 700009","9,BAITHAK KHANA 1ST LANE, BOROUGH- V, KOLKATA  MUNICIPAL CORPORATION, Kolkata, West Bengal - 700009",pin_700009
22818019015094,22822037000005,118B,118B,96.3,"118B, ACHARYA JAGADISH BOSE ROAD WORD NO. 50, BOROUGH- V, KOLKATA  MUNICIPAL CORPORATION, Kolkata, West Bengal - 700014","118B, ACHARYA JAGADISH BOSE ROAD, KMC WARD NO. - 50, BOROUGH- V, KOLKATA  MUNICIPAL CORPORATION, Kolkata, West Bengal - 700014",pin_700014
22818019001724,22824045000193,8,8,96.04,"8,B.L SAHA ROAD,WARD NO-117,KOL-700053, BOROUGH- I, KOLKATA  MUNICIPAL CORPORATION, Kolkata, West Bengal - 700053","8 B L SAHA ROAD,WARD NO-117,KOL-700053, BOROUGH-X III, KOLKATA  MUNICIPAL CORPORATION, Kolkata, West Bengal - 700053",pin_700053
22826041000102,22819041000166,74,74,93.28,"B-7A/H/6, GOPAL NAGAR ROAD, WARD NO.74, BOROUGH- IX, KOLKATA  MUNICIPAL CORPORATION, Kolkata, West Bengal - 700027","B/7A/H/5, GOPAL NAGAR ROAD, KOLKATA-27, WARD NO.74, BOROUGH- IX, KOLKATA  MUNICIPAL CORPORATION, Kolkata, West Bengal - 700027",pin_700027
22818036000205,22821036000662,187,187,90.3,"187 VIVEKANANDA ROAD STALL NO- 41, WARD- 27, BOROUGH-IV, KOLKATA  MUNICIPAL CORPORATION, Kolkata, West Bengal - 700006","187 VIVEKANANDA ROAD(STALL NO-132) WARD NO.027, BOROUGH-IV, KOLKATA  MUNICIPAL CORPORATION, Kolkata, West Bengal - 700006",pin_700006
22821036000190,22821036000470,123/1/1,123/1/1,97.09,"123/1/1,ACHARYA PRAFULLA CHANDRA ROAD, STALL NO-310,KOLKATA 700006,WARD-027,BR-IV, BOROUGH-IV, KOLKATA  MUNICIPAL CORPORATION, Kolkata, West Bengal - 700006","123/1/1,ACHARYA PRAFULLA CHANDRA ROAD,STALL NO.299,KOLKATA 700006,WARD-027,BR-IV, BOROUGH-IV, KOLKATA  MUNICIPAL CORPORATION, Kolkata, West Bengal - 700006",pin_700006
22822041000246,22825041000171,1,1,90.34,"1, TARATALA ROAD, BRACE BRIDGE, HEMANTA BASU MARKET, STALL NO-191, BOROUGH- IX, KOLKATA  MUNICIPAL CORPORATION, Kolkata, West Bengal - 700088","1, TARATALA ROAD, HEMANTA BOSE MARKET BRACE BRIDGE, STALL NO-27, WARD NO.80, BOROUGH- IX, KOLKATA  MUNICIPAL CORPORATION, Kolkata, West Bengal - 700088",pin_700088
22825037000075,22822037000171,160/1,160/1,93.44,"160/1 BEPIN BEHARY GANGULY STREET,WARD - 49, BOROUGH- V, KOLKATA  MUNICIPAL CORPORATION, Kolkata, West Bengal - 700012","160/1, BEPIN BEHARY GANGULY STREET, KMC WARD NO. - 49, BOROUGH- V, KOLKATA  MUNICIPAL CORPORATION, Kolkata, West Bengal - 700012",pin_700012
22821036000804,22821036000778,46,46,94.62,"46, STRANA ROAD, BOROUGH-IV, KOLKATA  MUNICIPAL CORPORATION, Kolkata, West Bengal - 700007","46, STRAND ROAD,WARD-22, BOROUGH-IV, KOLKATA  MUNICIPAL CORPORATION, Kolkata, West Bengal - 700007",pin_700007
22821042000361,22824042000222,91A/2,91A/2,99.36,"91A/2 NETAJI SUBHAS CHANDRA BOSE ROAD, GROUND FLOOR, KOLKATA  700040, WARD 097 BR X, BOROUGH-X, KOLKATA  MUNICIPAL CORPORATION, Kolkata, West Bengal - 700040","91A/2, NETAJI SUBHASH CHANDRA BOSE ROAD, GROUND FLOOR, KOLKATA 700040, WARD 097 BR X, BOROUGH-X, KOLKATA  MUNICIPAL CORPORATION, Kolkata, West Bengal - 700040",pin_700040
22817019004427,22823041000004,49/5,49/5,93.86,"49/5/H/194,KARL MARX SARANI,WARD NO.79, BOROUGH- IX, KOLKATA  MUNICIPAL CORPORATION, Kolkata, West Bengal - 700023","49/5/H/187, KARL MARX SARANI, WARD NO.79, BOROUGH- IX, KOLKATA  MUNICIPAL CORPORATION, Kolkata, West Bengal - 700023",pin_700023
22821043000129,22825043000323,216,216,95.73,"216 KALIKAPUR ROAD 18/2 KALIKAPUR ROAD, BOROUGH- XI, KOLKATA  MUNICIPAL CORPORATION, Kolkata, West Bengal - 700099","216 KALIKAPUR ROAD 18/2 KALIKAPUR ROAD KOLKATA, BOROUGH- XI, KOLKATA  MUNICIPAL CORPORATION, Kolkata, West Bengal - 700099",pin_700099
22821036000014,22820036000077,123/1/1,123/1/1,96.42,"123/1/1,ACHARYA PRAFULLA CHANDRA ROAD,STALL NO-440,KOLKATA 700006,WARD-027,BR-IV, BOROUGH-IV, KOLKATA  MUNICIPAL CORPORATION, Kolkata, West Bengal - 700006","123/1/1,ACHARYA PRAFULLA CHANDRA ROAD,SHOP NO-462,KOLKATA 700006,WARD-027,BR-IV, BOROUGH-IV, KOLKATA  MUNICIPAL CORPORATION, Kolkata, West Bengal - 700006",pin_700006
22820036000290,22821036000272,123,123,96.67,"123,ACHARYA PRAFULLA CHANDRA ROAD(STALL NO-441)KOLKATA 700006,WARD-027,BR-IV, BOROUGH-IV, KOLKATA  MUNICIPAL CORPORATION, Kolkata, West Bengal - 700006","123,ACHARYA PRAFULLA CHANDRA ROAD,STALL NO-297,KOLKATA 700006,WARD-027,BR-IV, BOROUGH-IV, KOLKATA  MUNICIPAL CORPORATION, Kolkata, West Bengal - 700006",pin_700006
12819019001160,12818019005575,178,178,94.39,"178 MAHATMA GANDHI ROAD 2ND FLOOR WARD NO-42, KOLKATA  MUNICIPAL CORPORATION, Kolkata, West Bengal - 700007","178, MAHATMA GANDHI ROAD  2ND FLOOR ROOM NO-109, KOLKATA  MUNICIPAL CORPORATION, Kolkata, West Bengal - 700007",pin_700007
22821040000337,22824040000052,65/1,65/1,93.22,"65/1 SARAT BOSE ROAD GROUND FLOOR, BOROUGH- VIII, KOLKATA  MUNICIPAL CORPORATION, Kolkata, West Bengal - 700025","65/1, SARAT BOSE ROAD, GROUND FLOOR,  WARD NO - 72, BOROUGH- VIII, KOLKATA  MUNICIPAL CORPORATION, Kolkata, West Bengal - 700025",pin_700025
12820019001735,12823019001212,429,429,96.91,"429 ASHOKE ROAD,1 DABUR BALAKA BUILDING GR FLOOR,WARD NO-101,BR XII,KOLKATA-700084, KOLKATA  MUNICIPAL CORPORATION, Kolkata, West Bengal - 700084","429 ASHOKE ROAD, 1 DABUR BALAKA BUILDING GR. FLOOR,WARD NO-101, BR XII,KOLKATA-700084, KOLKATA  MUNICIPAL CORPORATION, Kolkata, West Bengal - 700084",pin_700084
22821038000678,22821038000724,16,16,90.15,"16, PEMANTLE STREET, GROUND FLOOR, WARD NO - 62, BOROUGH-VI, KOLKATA  MUNICIPAL CORPORATION, Kolkata, West Bengal - 700016","16, PEMANTLE STREET, GROUND FLOOR, WARD NO.62,BR.VI, KOLKATA - 700016, BOROUGH-VI, KOLKATA  MUNICIPAL CORPORATION, Kolkata, West Bengal - 700016",pin_700016
22825041000183,22826041000091,1,1,95.02,"1, TARATALA ROAD, HEMANTA BOSE MARKET BRACE BRIDGE, STALL NO-80, WARD NO.80, BOROUGH- IX, KOLKATA  MUNICIPAL CORPORATION, Kolkata, West Bengal - 700088","1, TARATALA ROAD, HEMANTA BASU MARKET, BRACE BRIDGE, STALL NO-44, WARD NO.80, BOROUGH- IX, KOLKATA  MUNICIPAL CORPORATION, Kolkata, West Bengal - 700088",pin_700088
22825035000150,22825035000143,163/1A,163/1A,92.7,"163/1A, MANICKTALA MAIN ROAD, MD. ISMAIL MARKET, WARD NO- 31,  STALL NO- FIS- 4/48, BOROUGH- III, KOLKATA  MUNICIPAL CORPORATION, Kolkata, West Bengal - 700054","163/1A, MANICKTALA MAIN ROAD, MD. ISMAIL MARKET, WARD NO- 31,  STALL NO- VEG- 11/80, BOROUGH- III, KOLKATA  MUNICIPAL CORPORATION, Kolkata, West Bengal - 700054",pin_700054
12824019001599,12822019000576,104,104,90.84,"104, RASH BEHARI AVENUE, LAKE MALL, 4TH FLOOR, UNIT- F-14, WARD NO- 87, KOLKATA  MUNICIPAL CORPORATION, Kolkata, West Bengal - 700029","104, RASH BEHARI AVENUE, LAKE MALL, 1ST FLOOR, WARD NO-87, KOLKATA  MUNICIPAL CORPORATION, Kolkata, West Bengal - 700029",pin_700029
12825019001213,12817019003377,76,76,90.71,"76 BARTALA STREET, WARD NO. 023, KOLKATA  MUNICIPAL CORPORATION, Kolkata, West Bengal - 700007","76, BURTALLA STREET, WARD-23, KOLKATA  MUNICIPAL CORPORATION, Kolkata, West Bengal - 700007",pin_700007
22821046000341,22822046000345,22/10,22/10,95.41,"22/10/D MAHENDRA BANERJEE ROAD (WEST), BOROUGH-XIV, KOLKATA  MUNICIPAL CORPORATION, Kolkata, West Bengal - 700060","22/10/D MAHENDRA BANERJEE ROAD., BOROUGH-XIV, KOLKATA  MUNICIPAL CORPORATION, Kolkata, West Bengal - 700060",pin_700060
22822039000626,22822039000497,1,1,97.03,"1, TAPSIA ROAD WARD-59, BOROUGH- VII, KOLKATA  MUNICIPAL CORPORATION, Kolkata, West Bengal - 700046","1, TAPSIA ROAD SOUTH WARD-59, BOROUGH- VII, KOLKATA  MUNICIPAL CORPORATION, Kolkata, West Bengal - 700046",pin_700046
22823042000573,12826019000322,1/1B,1/1B,91.64,"1/1B, SREE COLONY, WARD NO-99, PO - REGENT ESTATE PS - NETAJI NAGAR, BOROUGH-X, KOLKATA  MUNICIPAL CORPORATION, Kolkata, West Bengal - 700092","1/1B, SREE COLONY P.O. - REGENT ESTATE, P.S. - NETAJI NAGAR, WARD NO - 99, KOLKATA  MUNICIPAL CORPORATION, Kolkata, West Bengal - 700092",pin_700092
22822035000077,22822035000080,20,20,98.54,"20,BIDHANNAGAR ROAD,SHOP NO-39,KOLKATA 700067,WARD-013,BR-III, BOROUGH- III, KOLKATA  MUNICIPAL CORPORATION, Kolkata, West Bengal - 700067","20,BIDHANNAGAR ROAD,SHOP NO-15,KOLKATA 700067,WARD-013,BR-III, BOROUGH- III, KOLKATA  MUNICIPAL CORPORATION, Kolkata, West Bengal - 700067",pin_700067
22824033000054,22824033000151,95/1/2,95/1/2,93.9,"95/1/2/H/19,COSSIPORE ROAD, COSSIPORE , BOROUGH- I, KOLKATA  MUNICIPAL CORPORATION, Kolkata, West Bengal - 700002","95/1/2/H/10, COSSIPORE ROAD, BOROUGH- I, KOLKATA  MUNICIPAL CORPORATION, Kolkata, West Bengal - 700002",pin_700002
22818019009882,22817019002369,187,187,92.13,"187, VIVEKANANDA ROAD, STALL NO-506, WARD-27, BR-IV, BOROUGH- I, KOLKATA  MUNICIPAL CORPORATION, Kolkata, West Bengal - 700006","187, VIVEKANANDA ROAD STALL NO-559, WARD-27, KOL-700006, BOROUGH-IV, KOLKATA  MUNICIPAL CORPORATION, Kolkata, West Bengal - 700006",pin_700006
22824039000391,22821039001352,105/1,105/1,93.33,"105/1, DR. GIRINDRA SEKHAR BOSE ROAD, KMC WARD NO - 067, BOROUGH- VII, KOLKATA  MUNICIPAL CORPORATION, Kolkata, West Bengal - 700039","105/1 DR. GIRINDRA SEKHAR BOSE ROAD, WARD NO-067, BOROUGH- VII, KOLKATA  MUNICIPAL CORPORATION, Kolkata, West Bengal - 700039",pin_700039
22821038000495,22819044000433,32,32,98.45,"32 Anandapur,Mundapara, BOROUGH-VI, KOLKATA  MUNICIPAL CORPORATION, Kolkata, West Bengal - 700107","32 Anandapur,Mundapara, BOROUGH-XII, KOLKATA  MUNICIPAL CORPORATION, Kolkata, West Bengal - 700107",pin_700107
22823041000430,22818019000816,3,3,91.43,"3/H/7, IBRAHIM ROAD, WARD NO.77, BOROUGH- IX, KOLKATA  MUNICIPAL CORPORATION, Kolkata, West Bengal - 700023","3/H/1,IBRAHIM ROAD,WARD NO.77, BOROUGH- IX, KOLKATA  MUNICIPAL CORPORATION, Kolkata, West Bengal - 700023",pin_700023
12825019002421,12825019002422,123,123,90.62,"123,BOSEPUKUR PURBAPARA GROUND FLOOR AND 2ND FLOOR, WARD NO. 107, KOLKATA  MUNICIPAL CORPORATION, Kolkata, West Bengal - 700107","123,BOSEPUKUR ROAD PURBAPARA,GROND FLOOR AND 4TH FLOOR, WARD NO. 107, KOLKATA  MUNICIPAL CORPORATION, Kolkata, West Bengal - 700107",pin_700107
12821019000044,12822019001441,36B,36B,92.73,"36B, MOTILAL NEHRU ROAD, WARD NO 85, BR VIII, KOLKATA  MUNICIPAL CORPORATION, Kolkata, West Bengal - 700029","36B, MOTILAL NEHRU ROAD, KMC WARD NO- 085, BR- VIIII, KOLKATA  MUNICIPAL CORPORATION, Kolkata, West Bengal - 700029",pin_700029
22821033000265,22822033000142,45/4A,45/4A,91.13,"45/4A, RANI HARSHAMUKHI ROAD, WARD- 004, KOLKATA- 700002, BOROUGH- I, KOLKATA  MUNICIPAL CORPORATION, Kolkata, West Bengal - 700002","45/4A, RANI HARSHAMUKHI ROAD, KMC WARD NO 04, BOROUGH- I, KOLKATA  MUNICIPAL CORPORATION, Kolkata, West Bengal - 700002",pin_700002
22825047000155,22825047000176,134,134,95.38,"J-407, AZAHAR MOLLA BAGAN LANE, GARDEN REACH, WARD NO.134, BOROUGH- XV, KOLKATA  MUNICIPAL CORPORATION, Kolkata, West Bengal - 700024","J-420/A, AZHAR MOLLA BAGAN, GARDEN REACH, WARD NO.134, BOROUGH- XV, KOLKATA  MUNICIPAL CORPORATION, Kolkata, West Bengal - 700024",pin_700024
22824035000312,22824035000439,137,137,90.78,"137/A MANICKTALA MAIN ROAD, GHOSH BAGAN, KANKURGACHI, WARD NO. 32, BOROUGH- III, KOLKATA  MUNICIPAL CORPORATION, Kolkata, West Bengal - 700054","137/A, GROUND FLOOR MANICKTALA MAIN ROAD KANKURGACHI, GHOSH BAGAN, BOROUGH- III, KOLKATA  MUNICIPAL CORPORATION, Kolkata, West Bengal - 700054",pin_700054
22825041000179,22825041000208,1,1,99.34,"1, TARATALA ROAD, HEMANTA BOSE MARKET BRACE BRIDGE, STALL NO-194, WARD NO.80, BOROUGH- IX, KOLKATA  MUNICIPAL CORPORATION, Kolkata, West Bengal - 700088","1, TARATALA ROAD, HEMANTA BOSE MARKET BRACE BRIDGE, STALL NO-219, WARD NO.80, BOROUGH- IX, KOLKATA  MUNICIPAL CORPORATION, Kolkata, West Bengal - 700088",pin_700088
22822042000381,22822042000151,43,43,91.04,"43, JHEEL ROAD, PAL BAZAR, VIVEK NAGAR, WARD NO. 92, BOROUGH - X, KOLKATA, BOROUGH-X, KOLKATA  MUNICIPAL CORPORATION, Kolkata, West Bengal - 700075","43, JHEEL ROAD, WARD NO. 92, BOROUGH - X, KOLKATA, BOROUGH-X, KOLKATA  MUNICIPAL CORPORATION, Kolkata, West Bengal - 700075",pin_700075
22823039000045,22823039000240,2/1,2/1,97.4,"2/1, BRICK FIELD LANE, TILJALA, TILJALA S.O., WARD NO-66, , BOROUGH- VII, KOLKATA  MUNICIPAL CORPORATION, Kolkata, West Bengal - 700039","2/1, BRICK FIELD LANE, TILJALA, TILJALA S.O., WARD NO- 66, , BOROUGH- VII, KOLKATA  MUNICIPAL CORPORATION, Kolkata, West Bengal - 700039",pin_700039
22821044000013,22826044000253,18,18,91.04,"18 NASKAR PARA,18 GARFA NASKAR PARA ROAD,WARD NO-106,KOLKATA-700078, BOROUGH-XII, KOLKATA  MUNICIPAL CORPORATION, Kolkata, West Bengal - 700078","18 NASKAR PARA,18 GARFA NASKAR PARA,WARD NO-106,KOLKATA 700078, BOROUGH-XII, KOLKATA  MUNICIPAL CORPORATION, Kolkata, West Bengal - 700078",pin_700078
22821036000245,22819036000236,123/1/1,123/1/1,91.03,"123/1/1,ACHARYA PRAFULLA CHANDRA ROAD,STALL NO.616,KOLKATA 700006,WARD-027,BR-IV, BOROUGH-IV, KOLKATA  MUNICIPAL CORPORATION, Kolkata, West Bengal - 700006","123/1/1,ACHARYA PRAFULLA CHANDRA ROAD,STALL NO 623/C/2,KOLKATA 700006,WARD-027,BR-IV, BOROUGH-IV, KOLKATA  MUNICIPAL CORPORATION, Kolkata, West Bengal - 700006",pin_700006
12824019000352,12824019002098,19,19,90.32,"19 DR. LALIT BANERJEE SARANI,GROUND FLOOR,WARD - 47, KOLKATA  MUNICIPAL CORPORATION, Kolkata, West Bengal - 700073","19 DR. LALIT BANERJEE SARANI. GROUND FLOOR, KOLKATA  MUNICIPAL CORPORATION, Kolkata, West Bengal - 700073",pin_700073
22824044000465,22825044000287,1283/1,1283/1,94.24,"1283/1 LASKARHAT KOLKATA, BOROUGH-XII, KOLKATA  MUNICIPAL CORPORATION, Kolkata, West Bengal - 700039","1283/1 LASKARHAT , BOROUGH-XII, KOLKATA  MUNICIPAL CORPORATION, Kolkata, West Bengal - 700039",pin_700039
12817019001804,12822019002396,7,7,90.57,"7, JAWAHARLAL NEHRU ROAD, WARD - 046, KOLKATA  MUNICIPAL CORPORATION, Kolkata, West Bengal - 700013","7, JAWAHARLAL NEHRU ROAD, GROUND FLOOR, WARD NO. 046, KOLKATA  MUNICIPAL CORPORATION, Kolkata, West Bengal - 700013",pin_700013
12822019000946,12822019000919,67/39,67/39,90.7,"67/39 STRAND ROAD, KOLKATA  MUNICIPAL CORPORATION, Kolkata, West Bengal - 700006","67/39 STRAND ROAD. WARD NO. 021, KOLKATA  MUNICIPAL CORPORATION, Kolkata, West Bengal - 700006",pin_700006
22825035000151,22825035000142,163/1A,163/1A,95.87,"163/1A, MANICKTALA MAIN ROAD, MD. ISMAIL MARKET, WARD NO- 31,  STALL NO- VEG- 9/78, BOROUGH- III, KOLKATA  MUNICIPAL CORPORATION, Kolkata, West Bengal - 700054","163/1A, MANICKTALA MAIN ROAD, MD. ISMAIL MARKET, WARD NO- 31,  STALL NO- VEG- 12/81, BOROUGH- III, KOLKATA  MUNICIPAL CORPORATION, Kolkata, West Bengal - 700054",pin_700054
22821034000621,12817019002642,1A,1A,93.33,"1A, R G KAR ROAD, WARD No.012, BOROUGH-II, KOLKATA  MUNICIPAL CORPORATION, Kolkata, West Bengal - 700004","1A, R. G. KAR ROAD, WARD NO. 012, BOROUGH-II., KOLKATA  MUNICIPAL CORPORATION, Kolkata, West Bengal - 700004",pin_700004
22818036000293,22823036000177,187,187,90.43,"187, VIVEKANANDA ROAD, STALL NO-174-B, WARD-27, BOROUGH-IV, KOLKATA  MUNICIPAL CORPORATION, Kolkata, West Bengal - 700006","187, VIVEKANANDA ROAD, WARD NO.- 27., BOROUGH-IV, KOLKATA  MUNICIPAL CORPORATION, Kolkata, West Bengal - 700006",pin_700006
22823033000294,12823019002273,22/1,22/1,93.85,"22/1, BARRACKPORE TRUNK ROAD, KOL - 2, WARD - 006, BOROUGH - I, BOROUGH- I, KOLKATA  MUNICIPAL CORPORATION, Kolkata, West Bengal - 700002","22/1, BARRACKPORE TRUNK ROAD, KOL - 2, WARD - 001. BOROUGH - I, KOLKATA  MUNICIPAL CORPORATION, Kolkata, West Bengal - 700002",pin_700002
22822041000376,22821041000178,74,74,94.66,"M-1, ORPHANGUNGE MARKET (ORPHANGUNGE ROAD), WARD NO.74, BOROUGH- IX, KOLKATA  MUNICIPAL CORPORATION, Kolkata, West Bengal - 700023","SEC A-7, ORPHANGUNGE MARKET (ORPHANGUNGE ROAD), WARD NO.74, BOROUGH- IX, KOLKATA  MUNICIPAL CORPORATION, Kolkata, West Bengal - 700023",pin_700023
22821045000572,12822019002226,117,117,94.98,"117 BROJEN MUKHERJEE ROAD,MAIL-12/1,BROJEN MUKHERJEE ROAD,WARD NO-119,KOL-700034, BOROUGH-X III, KOLKATA  MUNICIPAL CORPORATION, Kolkata, West Bengal - 700034","117 BROJEN MUKHERJEE ROAD,MAIL-12/1,BROJEN MUKHERJEE ROAD,WARD NO-119,KOL-700034, KOLKATA  MUNICIPAL CORPORATION, Kolkata, West Bengal - 700034",pin_700034
22825041000169,22825041000316,1,1,94.98,"1, TARATALA ROAD, HEMANTA BOSE MARKET BRACE BRIDGE STALL NO.74, WARD NO.80, BOROUGH- IX, KOLKATA  MUNICIPAL CORPORATION, Kolkata, West Bengal - 700088","1, TARATALA ROAD, HEMANTA BASU MARKET BRACE BRIDGE, STALL NO-67, WARD NO.80, BOROUGH- IX, KOLKATA  MUNICIPAL CORPORATION, Kolkata, West Bengal - 700088",pin_700088
12825019001827,12825019002345,167,167,96.35,"167, NETAJI SUBHAS ROAD, RAJAKATRA, GROUND FLOOR. ROOM NO 232, KMC WARD NO 022, BOROUGH IV, KOLKATA  MUNICIPAL CORPORATION, Kolkata, West Bengal - 700007","167, NETAJI SUBHAS ROAD, RAJAKATRA, GROUND FLOOR, ROOM NO 28, WARD NO 022, BOROUGH - IV, KOLKATA  MUNICIPAL CORPORATION, Kolkata, West Bengal - 700007",pin_700007
22821040000895,22821040000925,47B,47B,92.93,"47B, HAZRA ROAD, WARD NO. 069, BOROUGH- VIII, KOLKATA  MUNICIPAL CORPORATION, Kolkata, West Bengal - 700019","47B, HAZRA ROAD, BOROUGH- VIII, KOLKATA  MUNICIPAL CORPORATION, Kolkata, West Bengal - 700019",pin_700019
22817019004417,22824041000072,27B,27B,92.38,"27B,RAM KAMAL STREET,WARD  NO.76, BOROUGH- IX, KOLKATA  MUNICIPAL CORPORATION, Kolkata, West Bengal - 700023","27B, RAM KAMAL STREET,WARD-76, BOROUGH- IX, KOLKATA  MUNICIPAL CORPORATION, Kolkata, West Bengal - 700023",pin_700023
22823040000142,22823040000157,65/1,65/1,96.14,"65/1, SARAT BOSE ROAD, LANSDOWN MARKET, STALL NO- B-7, WARD NO- 72, BOROUGH- VIII, KOLKATA  MUNICIPAL CORPORATION, Kolkata, West Bengal - 700025","65/1, SARAT BOSE ROAD, LANSDOWN MARKET, STALL NO C-3, WARD NO- 72, BOROUGH- VIII, KOLKATA  MUNICIPAL CORPORATION, Kolkata, West Bengal - 700025",pin_700025
12822019000030,12823019001182,188/1/1,188/1/1,96.91,"188/1/1 N S C BOSE ROAD,WARD NO-98, KOLKATA  MUNICIPAL CORPORATION, Kolkata, West Bengal - 700040","188/1/1 N.S C BOSE ROAD, WARD NO-098, KOLKATA  MUNICIPAL CORPORATION, Kolkata, West Bengal - 700040",pin_700040
22822037000431,22823037000066,110/1,110/1,95.69,"110/1/A RAJA RAMMOHAN SARANI 1ST FLOOR KOLKATA, BOROUGH- V, KOLKATA  MUNICIPAL CORPORATION, Kolkata, West Bengal - 700009","110/1/A 1ST FLOOR RAJA RAMMOHAN SARANI, BOROUGH- V, KOLKATA  MUNICIPAL CORPORATION, Kolkata, West Bengal - 700009",pin_700009
22821035000623,22826035000031,132A/1E,132A/1E,92.25,"132A/1E RAJA RAJENDRALAL MITRA ROAD, WARD NO-034, BOROUGH- III, KOLKATA  MUNICIPAL CORPORATION, Kolkata, West Bengal - 700085","132A/1E RAJA RAJENDRALAL MITRA ROAD, UNDER KMC WARD NO. 34, BOROUGH- III, KOLKATA  MUNICIPAL CORPORATION, Kolkata, West Bengal - 700085",pin_700085
22821048000497,22821048000132,276,276,92.31,"276, DIAMOND PARK, DIAMOND HARBOUR ROAD, BOROUGH-XVI, KOLKATA  MUNICIPAL CORPORATION, Kolkata, West Bengal - 700104","276, DIAMOND HARBOUR ROAD, DIAMOND PARK, JOKA, WARD NO-144, BOROUGH-XVI, KOLKATA  MUNICIPAL CORPORATION, Kolkata, West Bengal - 700104",pin_700104
22823041000429,22824041000367,49/5,49/5,98.69,"49/5/H/214, KARL MARX SARANI, WARD NO.79, BOROUGH- IX, KOLKATA  MUNICIPAL CORPORATION, Kolkata, West Bengal - 700023","49/5/H/10, KARL MARX SARANI, WARD NO.79, BOROUGH- IX, KOLKATA  MUNICIPAL CORPORATION, Kolkata, West Bengal - 700023",pin_700023
22818036000305,22822036000169,187,187,91.63,"187, VIVEKANANDA ROAD, STALL NO-39, WARD-27, BOROUGH-IV, KOLKATA  MUNICIPAL CORPORATION, Kolkata, West Bengal - 700006","187, VIVEKANANDA ROAD, STALL NO-96 , KOLKATA-700006, WARD-27, BOROUGH-IV, KOLKATA  MUNICIPAL CORPORATION, Kolkata, West Bengal - 700006",pin_700006
22825035000154,22825035000139,163/1A,163/1A,92.7,"163/1A, MANICKTALA MAIN ROAD, MD. ISMAIL MARKET, WARD NO- 31,  STALL NO- FIS- 14/58, BOROUGH- III, KOLKATA  MUNICIPAL CORPORATION, Kolkata, West Bengal - 700054","163/1A, MANICKTALA MAIN ROAD, MD. ISMAIL MARKET, WARD NO- 31,  STALL NO- VEG- 7/74, BOROUGH- III, KOLKATA  MUNICIPAL CORPORATION, Kolkata, West Bengal - 700054",pin_700054
22821038000133,22822038000148,156,156,93.45,"156 ACHARYYA JAGADISH BOSE ROAD, ENTALLY MARKET, ST. NO. CH(P) 48, GROUND FLOOR, WARD NO. 054, BOROUGH-VI, KOLKATA  MUNICIPAL CORPORATION, Kolkata, West Bengal - 700014","156 ACHARYYA JAGADISH BOSE ROAD, ENTALLY MARKET, ST. NO. MISC(P) 73, GROUND FLOOR, WARD NO. 054, BOROUGH-VI, KOLKATA  MUNICIPAL CORPORATION, Kolkata, West Bengal - 700014",pin_700014
12824019001453,12825019001488,48,48,90.71,"48, CANAL WEST ROAD NO.012, KOLKATA  MUNICIPAL CORPORATION, Kolkata, West Bengal - 700004","48, CANAL WEST ROAD, WARD No. 012, KOLKATA  MUNICIPAL CORPORATION, Kolkata, West Bengal - 700004",pin_700004
22826041000091,22825041000248,1,1,94.7,"1, TARATALA ROAD, HEMANTA BASU MARKET, BRACE BRIDGE, STALL NO-44, WARD NO.80, BOROUGH- IX, KOLKATA  MUNICIPAL CORPORATION, Kolkata, West Bengal - 700088","1, TARATALA ROAD, HEMANTA BOSE MARKET BRACE BRIDGE, STALL NO-123, WARD NO.80, BOROUGH- IX, KOLKATA  MUNICIPAL CORPORATION, Kolkata, West Bengal - 700088",pin_700088
22820036000268,22820036000060,187,187,95.97,"187,VIVEKANANDA ROAD,STALL NO-152,KOLKATA 700006,WARD-027,BR-IV, BOROUGH-IV, KOLKATA  MUNICIPAL CORPORATION, Kolkata, West Bengal - 700006","187,VIVEKANANDA ROAD,SHOP NO-100,KOLKATA 700006,WARD-027,BR-IV, BOROUGH-IV, KOLKATA  MUNICIPAL CORPORATION, Kolkata, West Bengal - 700006",pin_700006
22822040000550,22821040000228,206B,206B,94.69,"206B SHYAMAPROSAD MUKHERJEE ROAD, WARD NO - 88, BOROUGH- VIII, KOLKATA  MUNICIPAL CORPORATION, Kolkata, West Bengal - 700026","206B, SHYAMAPROSAD MUKHERJEE ROAD WARD NO,088, BOROUGH- VIII, KOLKATA  MUNICIPAL CORPORATION, Kolkata, West Bengal - 700026",pin_700026
12818019005312,12825019000537,55,55,90.37,"55, BIPLABI RASH BEHARI BASU ROAD , 2ND FLOOR, BLOCK-H, ROOM NO-5 WARD NO-45, KOLKATA  MUNICIPAL CORPORATION, Kolkata, West Bengal - 700001","55, BIPLABI RASH BEHARY BASU ROAD, 3RD FLOOR, ROOM NO. A-1, WARD NO-45, KOLKATA  MUNICIPAL CORPORATION, Kolkata, West Bengal - 700001",pin_700001
22825034000100,22822034000119,12,12,92.09,"B/21B/H/1,R.G.KAR ROAD WARD NO.12, BOROUGH-II, KOLKATA  MUNICIPAL CORPORATION, Kolkata, West Bengal - 700004","B/22/H/5,ULTADANGA ROAD WARD NO.12, BOROUGH-II, KOLKATA  MUNICIPAL CORPORATION, Kolkata, West Bengal - 700004",pin_700004
22826037000034,22824037000127,153,153,94.29,"153, BAITHAKKHANA ROAD, WARD - 49, BOROUGH- V, KOLKATA  MUNICIPAL CORPORATION, Kolkata, West Bengal - 700009","153 BAITAKKHANA ROAD, WARD-49, BOROUGH- V, KOLKATA  MUNICIPAL CORPORATION, Kolkata, West Bengal - 700009",pin_700009
12822019002915,12824019002173,7,7,93.33,"7, HO-CHI-MINH SARANI, 1ST FLOOR, UNIT NO-B 1, WARD NO-63, KOLKATA  MUNICIPAL CORPORATION, Kolkata, West Bengal - 700071","7, HO-CHI-MONH SARANI, 1ST FLOOR, WARD NO-63, KOLKATA  MUNICIPAL CORPORATION, Kolkata, West Bengal - 700071",pin_700071
22823033000234,22823033000337,45/4A,45/4A,91.43,"45/4A.RANI HARSHAMUKHI ROAD, BOROUGH- I, KOLKATA  MUNICIPAL CORPORATION, Kolkata, West Bengal - 700002","45/4A, RANI HARSHAMUKHI ROAD,WARD-4, BOROUGH- I, KOLKATA  MUNICIPAL CORPORATION, Kolkata, West Bengal - 700002",pin_700002
12822019000739,12821019000230,48B,48B,94.42,"48B, BARRACPORE TRUNK ROAD, WARD NO- 2, KOLKATA  MUNICIPAL CORPORATION, Kolkata, West Bengal - 700050","48B, BARRACKPORE TRUNK ROAD, WARD-2, KOLKATA  MUNICIPAL CORPORATION, Kolkata, West Bengal - 700050",pin_700050
22821038000291,22823038000100,6A,6A,90.76,"6A SURENDRA NATH BANERJEE ROAD, GR. FLOOR, WARD NO .046, BOROUGH-VI, KOLKATA  MUNICIPAL CORPORATION, Kolkata, West Bengal - 700013","6A, S N BANERJEE ROAD, GROUND FLOOR, WARD - 46, BOROUGH-VI, KOLKATA  MUNICIPAL CORPORATION, Kolkata, West Bengal - 700013",pin_700013
22826035000026,12826019000442,100A,100A,90.83,"100A, MANICKTALA MAIN ROAD, BLOCK-B1, SHOP NO. 7, BOROUGH- III, KOLKATA  MUNICIPAL CORPORATION, Kolkata, West Bengal - 700054","100A, MANICKTALA MAIN ROAD, B-1, SHOP No. 7, KOLKATA  MUNICIPAL CORPORATION, Kolkata, West Bengal - 700054",pin_700054
12822019001121,12822019001419,123/1/1,123/1/1,98.25,"123/1/1,ACHARYA PRAFULLA CHANDRA ROAD,MANIKTALA BAZAR,GROUND FLOOR STALL NO-292,KOLKATA 700006,WARD-027,BR-IV, KOLKATA  MUNICIPAL CORPORATION, Kolkata, West Bengal - 700006","123/1/1,ACHARYA PRAFULLA CHANDRA ROAD,MANIKTALA BAZAR,GROUND FLOOR STALL NO-418,KOLKATA 700006,WARD-027,BR-IV, KOLKATA  MUNICIPAL CORPORATION, Kolkata, West Bengal - 700006",pin_700006
22821041000449,22825041000004,55,55,95.57,"55, CHETLA ROAD WARD NO 82, BOROUGH- IX, KOLKATA  MUNICIPAL CORPORATION, Kolkata, West Bengal - 700027","55, CHETLA ROAD, WARD NO.82, BOROUGH- IX, KOLKATA  MUNICIPAL CORPORATION, Kolkata, West Bengal - 700027",pin_700027
22822036000240,22822036000235,9/4,9/4,98.78,"9/4,BEADON STREET,ANATH BABU BAZAR,GROUND FLOOR STALL NO-331,KOLKATA 700006,WARD-026,BR-IV, BOROUGH-IV, KOLKATA  MUNICIPAL CORPORATION, Kolkata, West Bengal - 700006","9/4,BEADON STREET,ANATH BABU BAZAR,GROUND FLOOR STALL NO-119,KOLKATA 700006,WARD-026,BR-IV, BOROUGH-IV, KOLKATA  MUNICIPAL CORPORATION, Kolkata, West Bengal - 700006",pin_700006
22822039000368,22819039000300,1,1,94.12,"1 SHAKESPEARE SARANI , WARD NO.- 063, BOROUGH- VII, KOLKATA  MUNICIPAL CORPORATION, Kolkata, West Bengal - 700071","1, SHAKESPEARE SARANI, WARD NO-63, BOROUGH- VII, KOLKATA  MUNICIPAL CORPORATION, Kolkata, West Bengal - 700071",pin_700071
22820036000257,22821036000229,123/1/1,123/1/1,91.91,"123/1/1,ACHARYA PRAFULLA CHANDRA ROAD,STALL NO-258,KOLKATA 700006,WARD-027,BR-IV, BOROUGH-IV, KOLKATA  MUNICIPAL CORPORATION, Kolkata, West Bengal - 700006","123/1/1,ACHARYA PRAFULLA CHANDRA ROAD, STALL NO 374,KOLKATA 700006,WARD-027,BR-IV, BOROUGH-IV, KOLKATA  MUNICIPAL CORPORATION, Kolkata, West Bengal - 700006",pin_700006
22824042000366,22824042000383,61,61,96.62,"61 NO P.A.SHAH ROAD, TOLLYGUNGE KOLABAGAN K I T BAZAR SAMITI, STALL NO- 51, BOROUGH-X, KOLKATA  MUNICIPAL CORPORATION, Kolkata, West Bengal - 700033","61 NO P.A.SHAH ROAD, TOLLYGUNGE KOLABAGAN K I T BAZAR SAMITI, STALL NO - 73,, BOROUGH-X, KOLKATA  MUNICIPAL CORPORATION, Kolkata, West Bengal - 700033",pin_700033
12819019000410,12821019002202,256,256,90.35,"256 PRASANTA ROY ROAD,MAIL-7/3 PRASANTA ROY ROAD,WARD NO-123,KOL-700008, KOLKATA  MUNICIPAL CORPORATION, Kolkata, West Bengal - 700008","256, PRASANTA  ROY ROAD(MAIL-7/3, PRASANTA ROY ROAD), WARD NO-123, KOLKATA  MUNICIPAL CORPORATION, Kolkata, West Bengal - 700008",pin_700008
22822043000211,22822043000209,142E,142E,98.25,"142E,GARFA MAIN ROAD,GARFA SHIB MANDIR BAZAR,STALL NO.-G-14,WARD-104, BOROUGH- XI, KOLKATA  MUNICIPAL CORPORATION, Kolkata, West Bengal - 700075","142E,GARFA MAIN ROAD,GARFA SHIB MANDIR BAZAR,STALL NO.-119,WARD-104, BOROUGH- XI, KOLKATA  MUNICIPAL CORPORATION, Kolkata, West Bengal - 700075",pin_700075
22820040000302,22821040000866,16/2M,16/2M,90.24,"16/2M, DOVER TERRACE, GROUND FLOOR, KOLKATA-19, WARD NO.85, BOROUGH- VIII, KOLKATA  MUNICIPAL CORPORATION, Kolkata, West Bengal - 700019","16/2M, DOVER TERRACE, GROUND FLOOR, BOROUGH- VIII, KOLKATA  MUNICIPAL CORPORATION, Kolkata, West Bengal - 700019",pin_700019
12820019001068,12819019000952,35A,35A,93.67,"35A, SHYAMAPROSAD MUKHERJEE ROAD, WARD NO- 72, BR- VIII, KOLKATA  MUNICIPAL CORPORATION, Kolkata, West Bengal - 700025","35A/B, SHYAMA PRASAD MUKHERJEE ROAD, WARD NO- 72, BR- VIII, KOLKATA  MUNICIPAL CORPORATION, Kolkata, West Bengal - 700025",pin_700025
22822035000551,12825019001978,8A,8A,92.47,"8A, MOULANA ABUL KALAM AZAD SARANI, SHOP NO-4, WARD NO-29, BOROUGH-III, BOROUGH- III, KOLKATA  MUNICIPAL CORPORATION, Kolkata, West Bengal - 700011","8A, MOULANA ABUL KALAM AZAD SARANI, SHOP NO-04, WARD NO-29, BOROUGH-III, KOLKATA  MUNICIPAL CORPORATION, Kolkata, West Bengal - 700011",pin_700011
22824040000031,22824040000102,104,104,91.03,"104, RASH BEHARI AVENUE, LAKE ROAD MARKET, STALL NO- 34, BL.MISC 1, KMC WARD NO - 087, BOROUGH- VIII, KOLKATA  MUNICIPAL CORPORATION, Kolkata, West Bengal - 700029","104, RASH BEHARI AVENUE, SHOP NO CVF (T) 3, LAKE ROAD MARKET WARD NO- 087, BOROUGH- VIII, KOLKATA  MUNICIPAL CORPORATION, Kolkata, West Bengal - 700029",pin_700029
22826041000055,22825041000189,1,1,91.99,"1, TARATALA ROAD, HEMANTA BASU MARKET BRACE BRIDGE, STALL NO-83, WARD NO.80, BOROUGH- IX, KOLKATA  MUNICIPAL CORPORATION, Kolkata, West Bengal - 700088","1, TARATALA ROAD, HEMANTA BOSE MARKET BRACE BRIDGE, WARD NO.80, BOROUGH- IX, KOLKATA  MUNICIPAL CORPORATION, Kolkata, West Bengal - 700088",pin_700088
22821036000551,22818019003437,103,103,94.55,"103, RAJA RAMMOHAN SARANI, WARD No.038, BOROUGH-IV, KOLKATA  MUNICIPAL CORPORATION, Kolkata, West Bengal - 700009","103, RAJA RAMMOHAN SARANI, WARD-38, BOROUGH-IV, KOLKATA  MUNICIPAL CORPORATION, Kolkata, West Bengal - 700009",pin_700009
22824040000232,22820040000314,42/6/1,42/6/1,94.22,"42/6/1, PADDAPUKUR ROAD, WARD NO. 069, BOROUGH- VIII, KOLKATA  MUNICIPAL CORPORATION, Kolkata, West Bengal - 700020","42/6/1 PADDAPUKUR ROAD WARD NO,069, BOROUGH- VIII, KOLKATA  MUNICIPAL CORPORATION, Kolkata, West Bengal - 700020",pin_700020
22825035000154,22825035000147,163/1A,163/1A,94.9,"163/1A, MANICKTALA MAIN ROAD, MD. ISMAIL MARKET, WARD NO- 31,  STALL NO- FIS- 14/58, BOROUGH- III, KOLKATA  MUNICIPAL CORPORATION, Kolkata, West Bengal - 700054","163/1A, MANICKTALA MAIN ROAD, MD. ISMAIL MARKET, WARD NO- 31,  STALL NO- FRT-1/88, BOROUGH- III, KOLKATA  MUNICIPAL CORPORATION, Kolkata, West Bengal - 700054",pin_700054
22822038000503,22823038000279,38/1,38/1,96.43,"38/1 NILMONY HALDER LANE KMC WARD NO-46, BOROUGH-VI, KOLKATA  MUNICIPAL CORPORATION, Kolkata, West Bengal - 700013","38/1, NILMONI HALDER LANE, WARD NO-46, BOROUGH-VI, KOLKATA  MUNICIPAL CORPORATION, Kolkata, West Bengal - 700013",pin_700013
22823037000003,22823037000269,8/1,8/1,95.06,"8/1, KIRON SANKAR ROY ROAD, GROUND FLOOR, SHOP NO. 4, WARD-045, BOROUGH- V, KOLKATA  MUNICIPAL CORPORATION, Kolkata, West Bengal - 700001","8/1, KIRON SANKAR ROY ROAD, GROUND FLOOR, WARD NO 045, BOROUGH- V, KOLKATA  MUNICIPAL CORPORATION, Kolkata, West Bengal - 700001",pin_700001
22821041000146,22823041000065,39/1A,39/1A,91.7,"39/1A MOMINPORE ROAD,WARD NO-78,KOLKATA-700023, BOROUGH- IX, KOLKATA  MUNICIPAL CORPORATION, Kolkata, West Bengal - 700023","39/1A, MOMINPORE ROAD, WARD NO.78, BOROUGH- IX, KOLKATA  MUNICIPAL CORPORATION, Kolkata, West Bengal - 700023",pin_700023
22821037000343,22823037000053,22B,22B,90.4,"22B RABINDRA SARANI STALL NO G38 KMC WARD NO-43, BOROUGH- V, KOLKATA  MUNICIPAL CORPORATION, Kolkata, West Bengal - 700073","22B, RABINDRA SARANI, STALL NO. - 13, KMC WARD NO. - 43, BOROUGH- V, KOLKATA  MUNICIPAL CORPORATION, Kolkata, West Bengal - 700073",pin_700073
22821036000150,22820036000288,123/1/1,123/1/1,96.75,"123/1/1,ACHARYA PRAFULLA CHANDRA ROAD(STALL NO-306)KOLKATA 700006,WARD-027,BR-IV, BOROUGH-IV, KOLKATA  MUNICIPAL CORPORATION, Kolkata, West Bengal - 700006","123/1/1,ACHARYA PRAFULLA CHANDRA ROAD,STALL NO-282,KOLKATA 700006,WARD-027,BR-IV, BOROUGH-IV, KOLKATA  MUNICIPAL CORPORATION, Kolkata, West Bengal - 700006",pin_700006
22822036000224,12822019001656,187,187,94.97,"187,VIVEKANANDA ROAD,MANIKTALA BAZAR,GROUND FLOOR STALL NO-68,KOLKATA 700006,WARD-027,BR-IV, BOROUGH-IV, KOLKATA  MUNICIPAL CORPORATION, Kolkata, West Bengal - 700006","187,VIVEKANANDA ROAD,MANIKTALA BAZAR,GROUND FLOOR STALL NO-35,KOLKATA 700006,WARD-027,BR-IV, KOLKATA  MUNICIPAL CORPORATION, Kolkata, West Bengal - 700006",pin_700006
22820036000208,22820036000268,187,187,97.81,"187,VIVEKANANDA ROAD,STALL NO-483,KOLKATA 700006,WARD-027,BR-IV, BOROUGH-IV, KOLKATA  MUNICIPAL CORPORATION, Kolkata, West Bengal - 700006","187,VIVEKANANDA ROAD,STALL NO-152,KOLKATA 700006,WARD-027,BR-IV, BOROUGH-IV, KOLKATA  MUNICIPAL CORPORATION, Kolkata, West Bengal - 700006",pin_700006
22822038000563,22825038000017,45,45,96.62,"45 ROYD STREET, WARD NO -61, BOROUGH-VI, KOLKATA  MUNICIPAL CORPORATION, Kolkata, West Bengal - 700016","45, ROYD STREET, KMC WARD NO 061, BOROUGH-VI, KOLKATA  MUNICIPAL CORPORATION, Kolkata, West Bengal - 700016",pin_700016
22818019013556,22816019000643,231,231,91.38,"231.MAHARSHI DEBENDRA ROAD KOLKATA-700007 WARD-022, BOROUGH-IV, KOLKATA  MUNICIPAL CORPORATION, Kolkata, West Bengal - 700007","231,MAHARSHI DEBENDRA ROAD,WARD-22, BOROUGH-IV, KOLKATA  MUNICIPAL CORPORATION, Kolkata, West Bengal - 700007",pin_700007
22824038000023,12824019000605,156,156,92.04,"156 ACHARYYA JAGADISH BOSE ROAD, ENTALLY MARKET, STALL. NO. CH P 58, GROUND FLOOR, WARD NO. 054, BOROUGH-VI, KOLKATA  MUNICIPAL CORPORATION, Kolkata, West Bengal - 700014","156 ACHARYYA JAGADISH BOSE ROAD, ENTALLY MARKET, STALL NO. S.B.(P) 23, GROUND FLOOR, WARD NO 054, BOROUGH VI, KOLKATA  MUNICIPAL CORPORATION, Kolkata, West Bengal - 700014",pin_700014
22822036000177,22823036000266,187,187,90.15,"187 VIVEKANANDA ROAD,STALL NO-120,KOLKATA 700006,WARD-027, BOROUGH-IV, KOLKATA  MUNICIPAL CORPORATION, Kolkata, West Bengal - 700006","187, VIVEKANANDA ROAD,STALL NO. 536,KOLKATA 700006,WARD-027, BOROUGH-IV, KOLKATA  MUNICIPAL CORPORATION, Kolkata, West Bengal - 700006",pin_700006
22822046000349,22824046000125,855,855,91.16,"855 JOYRAMPUR JALA ROAD, BOROUGH-XIV, KOLKATA  MUNICIPAL CORPORATION, Kolkata, West Bengal - 700060","855 JOYRAMPUR JALA ROAD, MAIL- 27 MAY ROAD, BOROUGH-XIV, KOLKATA  MUNICIPAL CORPORATION, Kolkata, West Bengal - 700060",pin_700060
22822036000018,22823036000210,167,167,90.1,"167 NETAJI SUBHAS ROAD, 1ST FLOOR ROOM NO. P-28/1, KMC WARD NO 022, BOROUGH-IV, KOLKATA  MUNICIPAL CORPORATION, Kolkata, West Bengal - 700007","167 NETAJI SUBHAS ROAD, GATE NO. 6, 1ST FLOOR, ROOM NO. P-29A, KMC. WARD NO. 22, BOROUGH-IV, KOLKATA  MUNICIPAL CORPORATION, Kolkata, West Bengal - 700007",pin_700007
22818036000199,22823036000177,187,187,92.98,"187 VIVEKANANDA ROAD STALL NO- 168, WARD- 27, BOROUGH-IV, KOLKATA  MUNICIPAL CORPORATION, Kolkata, West Bengal - 700006","187, VIVEKANANDA ROAD, WARD NO.- 27., BOROUGH-IV, KOLKATA  MUNICIPAL CORPORATION, Kolkata, West Bengal - 700006",pin_700006
22821036000187,22819036000450,123/1/1,123/1/1,98.38,"123/1/1,ACHARYA PRAFULLA CHANDRA ROAD,STALL NO-418,KOLKATA 700006,WARD-027,BR-IV, BOROUGH-IV, KOLKATA  MUNICIPAL CORPORATION, Kolkata, West Bengal - 700006","123/1/1,ACHARYA PRAFULLA CHANDRA ROAD,STALL NO-281B,KOLKATA 700006,WARD-027,BR-IV, BOROUGH-IV, KOLKATA  MUNICIPAL CORPORATION, Kolkata, West Bengal - 700006",pin_700006
12821019002013,12823019000790,71,71,96.44,"71 BIPLABI RASH BEHARI BASU ROAD H-7 GROUND FLOOR KMC WARD NO-42, KOLKATA  MUNICIPAL CORPORATION, Kolkata, West Bengal - 700001","71, BIPLABI RASH BEHARI BASU ROAD, H-7, GROUND FLOOR, WARD NO-42,, KOLKATA  MUNICIPAL CORPORATION, Kolkata, West Bengal - 700001",pin_700001
22824045000126,22826045000137,136/2,136/2,95.19,"136/2, ROY BAHADUR ROAD,WARD-120, BOROUGH-X III, KOLKATA  MUNICIPAL CORPORATION, Kolkata, West Bengal - 700034","136/2 ROY BAHADUR ROAD, BOROUGH-X III, KOLKATA  MUNICIPAL CORPORATION, Kolkata, West Bengal - 700034",pin_700034
22821038000427,22817019005738,8,8,95.68,"8, GORA CHAND ROAD, GROUND FLOOR, KOLKATA 700014, WARD 060 BR VI, BOROUGH-VI, KOLKATA  MUNICIPAL CORPORATION, Kolkata, West Bengal - 700014","8 GORA CHAND ROAD GROUND FLOOR KOLKATA 700014_x000d_
WARD 60 BR VI, BOROUGH-VI, KOLKATA  MUNICIPAL CORPORATION, Kolkata, West Bengal - 700014",pin_700014
22821033000672,22818019013155,2B,2B,92.5,"2B, KRISHNA LAL DAS ROAD, WARD- 006, KOLKATA- 700002, BOROUGH- I, KOLKATA  MUNICIPAL CORPORATION, Kolkata, West Bengal - 700002","2B, KRISHNALAL DAS ROAD, KOLKATA- 700002, BOROUGH- I, KOLKATA  MUNICIPAL CORPORATION, Kolkata, West Bengal - 700002",pin_700002
22821036000554,22820036000077,123/1/1,123/1/1,96.67,"123/1/1,ACHARYA PRAFULLA CHANDRA ROAD,SHOP NO-366,KOLKATA 700006,WARD-027, BOROUGH-IV, KOLKATA  MUNICIPAL CORPORATION, Kolkata, West Bengal - 700006","123/1/1,ACHARYA PRAFULLA CHANDRA ROAD,SHOP NO-462,KOLKATA 700006,WARD-027,BR-IV, BOROUGH-IV, KOLKATA  MUNICIPAL CORPORATION, Kolkata, West Bengal - 700006",pin_700006
12822019001469,12826019000333,28A,28A,97.38,"28A, MAHIM HALDER STREET, WARD 83, KOLKATA  MUNICIPAL CORPORATION, Kolkata, West Bengal - 700026","28A MAHIM HALDER STREET WARD NO 83, KOLKATA  MUNICIPAL CORPORATION, Kolkata, West Bengal - 700026",pin_700026
22822036000239,22822036000249,9/4,9/4,98.47,"9/4,BEADON STREET,ANATH BABU BAZAR,GROUND FLOOR STALL NO-171,KOLKATA 700006,WARD-026,BR-IV, BOROUGH-IV, KOLKATA  MUNICIPAL CORPORATION, Kolkata, West Bengal - 700006","9/4,BEADON STREET,ANATH BABU BAZAR,GROUND FLOOR STALL NO-20,KOLKATA 700006,WARD-026,BR-IV, BOROUGH-IV, KOLKATA  MUNICIPAL CORPORATION, Kolkata, West Bengal - 700006",pin_700006
22822041000246,22825041000314,1,1,93.14,"1, TARATALA ROAD, BRACE BRIDGE, HEMANTA BASU MARKET, STALL NO-191, BOROUGH- IX, KOLKATA  MUNICIPAL CORPORATION, Kolkata, West Bengal - 700088","1, TARATALA ROAD, HEMANTA BASU MARKET BRACE BRIDGE, WARD NO.80, BOROUGH- IX, KOLKATA  MUNICIPAL CORPORATION, Kolkata, West Bengal - 700088",pin_700088
22822037000360,22824037000205,29B,29B,95.81,"29B, BENIATOLA LANE WARD NO-040, BOROUGH- V, KOLKATA  MUNICIPAL CORPORATION, Kolkata, West Bengal - 700009","29B BENIATOLA LANE WARD NO-40, BR-V , BOROUGH- V, KOLKATA  MUNICIPAL CORPORATION, Kolkata, West Bengal - 700009",pin_700009
22823035000183,22823035000281,16/1,16/1,96.36,"16/1/H/28, BIPLABI BARIN GHOSE SARANI, BOROUGH- III, KOLKATA  MUNICIPAL CORPORATION, Kolkata, West Bengal - 700067","16/1 BIPLABI BARIN GHOSH SARANI, BOROUGH- III, KOLKATA  MUNICIPAL CORPORATION, Kolkata, West Bengal - 700067",pin_700067
22822039000564,22819039000698,104,104,97.76,"104 , CHRISTOPHER ROAD , WARD NO.-059, BOROUGH- VII, KOLKATA  MUNICIPAL CORPORATION, Kolkata, West Bengal - 700046","104 , CHRISTOPHER ROAD, WARD NO-59, BOROUGH- VII, KOLKATA  MUNICIPAL CORPORATION, Kolkata, West Bengal - 700046",pin_700046
22825035000156,22825035000186,163/1A,163/1A,93.29,"163/1A, MANICKTALA MAIN ROAD, MD. ISMAIL MARKET, WARD NO- 31,  STALL NO- FIS- 7/51, BOROUGH- III, KOLKATA  MUNICIPAL CORPORATION, Kolkata, West Bengal - 700054","163/1A, MANICKTALA MAIN ROAD, MD. ISMAIL MARKET, WARD NO- 31, STALL NO- WL S1/32, BOROUGH- III, KOLKATA  MUNICIPAL CORPORATION, Kolkata, West Bengal - 700054",pin_700054
22825041000179,22825041000264,1,1,94.7,"1, TARATALA ROAD, HEMANTA BOSE MARKET BRACE BRIDGE, STALL NO-194, WARD NO.80, BOROUGH- IX, KOLKATA  MUNICIPAL CORPORATION, Kolkata, West Bengal - 700088","1, TARATALA ROAD, HEMANTA BASU MARKET BRACE BRIDGE, STALL NO-238, WARD NO.80, BOROUGH- IX, KOLKATA  MUNICIPAL CORPORATION, Kolkata, West Bengal - 700088",pin_700088
22821046000074,22821046000269,211,211,96.33,"211 UPENDRA NATH BANERJEE ROAD, KOL-60, BOROUGH-XIV, KOLKATA  MUNICIPAL CORPORATION, Kolkata, West Bengal - 700060","211  UPENDRA NATH BANERJEE ROAD, BOROUGH-XIV, KOLKATA  MUNICIPAL CORPORATION, Kolkata, West Bengal - 700060",pin_700060
22821034000053,22822034000386,400,400,94.98,"400,RABINDRA SARANI WARD NO.18, BOROUGH-II, KOLKATA  MUNICIPAL CORPORATION, Kolkata, West Bengal - 700006","400,RABINDRA SARANI SHOP NO- 2 WARD NO.18, BOROUGH-II, KOLKATA  MUNICIPAL CORPORATION, Kolkata, West Bengal - 700006",pin_700006
22821034000498,22819034000024,76,76,97.06,"76, BIDHAN SARANI,WARD No.016, BOROUGH-II, KOLKATA  MUNICIPAL CORPORATION, Kolkata, West Bengal - 700006","76,BIDHAN SARANI WARD NO.16, BOROUGH-II, KOLKATA  MUNICIPAL CORPORATION, Kolkata, West Bengal - 700006",pin_700006
12819019001076,12823019000663,45,45,91.46,"45, KAZI PARA ROAD, WARD NO-129, KOLKATA  MUNICIPAL CORPORATION, Kolkata, West Bengal - 700060","45 KAZI PARA ROAD,WARD NO-129,KOLKATA-700060, KOLKATA  MUNICIPAL CORPORATION, Kolkata, West Bengal - 700060",pin_700060
22819033000367,22822033000157,484,484,91.56,"484, RABINDRA SARANI, SOVA BAZAR, WARD NO-9,, BOROUGH- I, KOLKATA  MUNICIPAL CORPORATION, Kolkata, West Bengal - 700005","484, RABINDRA SARANI, WARD No.009, BOROUGH- I, KOLKATA  MUNICIPAL CORPORATION, Kolkata, West Bengal - 700005",pin_700005
22825035000151,22825035000187,163/1A,163/1A,93.29,"163/1A, MANICKTALA MAIN ROAD, MD. ISMAIL MARKET, WARD NO- 31,  STALL NO- VEG- 9/78, BOROUGH- III, KOLKATA  MUNICIPAL CORPORATION, Kolkata, West Bengal - 700054","163/1A, MANICKTALA MAIN ROAD, MD. ISMAIL MARKET, WARD NO- 31, STALL NO- KSN-1/76, BOROUGH- III, KOLKATA  MUNICIPAL CORPORATION, Kolkata, West Bengal - 700054",pin_700054
22825035000161,22825035000187,163/1A,163/1A,93.29,"163/1A, MANICKTALA MAIN ROAD, MD. ISMAIL MARKET, WARD NO- 31,  STALL NO- FIS- S/49, BOROUGH- III, KOLKATA  MUNICIPAL CORPORATION, Kolkata, West Bengal - 700054","163/1A, MANICKTALA MAIN ROAD, MD. ISMAIL MARKET, WARD NO- 31, STALL NO- KSN-1/76, BOROUGH- III, KOLKATA  MUNICIPAL CORPORATION, Kolkata, West Bengal - 700054",pin_700054
22825035000157,22825035000176,163/1A,163/1A,94.9,"163/1A, MANICKTALA MAIN ROAD, MD. ISMAIL MARKET, WARD NO- 31,  STALL NO- FIS- 6/50, BOROUGH- III, KOLKATA  MUNICIPAL CORPORATION, Kolkata, West Bengal - 700054","163/1A, MANICKTALA MAIN ROAD, MD. ISMAIL MARKET, WARD NO- 31, STALL NO- GRU- 2/35, BOROUGH- III, KOLKATA  MUNICIPAL CORPORATION, Kolkata, West Bengal - 700054",pin_700054
22825035000161,22825035000185,163/1A,163/1A,93.29,"163/1A, MANICKTALA MAIN ROAD, MD. ISMAIL MARKET, WARD NO- 31,  STALL NO- FIS- S/49, BOROUGH- III, KOLKATA  MUNICIPAL CORPORATION, Kolkata, West Bengal - 700054","163/1A, MANICKTALA MAIN ROAD, MD. ISMAIL MARKET, WARD NO- 31, STALL NO- CHN-2/43, BOROUGH- III, KOLKATA  MUNICIPAL CORPORATION, Kolkata, West Bengal - 700054",pin_700054
12821019002496,12816019000088,1,1,92.45,"1, CHANDITOLA BRANCH ROAD, WARD NO-116, PS- BEHALA, KOLKATA  MUNICIPAL CORPORATION, Kolkata, West Bengal - 700053","1, CHANDITALA BRANCH ROAD, 
WARD NO.116, KOLKATA  MUNICIPAL CORPORATION, Kolkata, West Bengal - 700053",pin_700053
22821035000696,22822035000043,1/1/9,1/1/9,93.39,"1/1/9 DR PANCHANAN MITRA LANE, KOLKATA 700085, BOROUGH- III, KOLKATA  MUNICIPAL CORPORATION, Kolkata, West Bengal - 700085","1/1/9 DR PANCHANAN MITRA LANE, KOLKATA-700085, BOROUGH- III, KOLKATA  MUNICIPAL CORPORATION, Kolkata, West Bengal - 700085",pin_700085
12817019001700,12817019002556,9,9,95.69,"9, CROOKED LANE, THIRD FLOOR, SUIT NO - 2, WARD - 46, BOROUGH - VI, KOLKATA  MUNICIPAL CORPORATION, Kolkata, West Bengal - 700069","9, CROOKED LANE, 3RD FLOOR, SUIT NO - 21, WARD - 46, BOROUGH - VI, KOLKATA  MUNICIPAL CORPORATION, Kolkata, West Bengal - 700069",pin_700069
22819036000179,22820036000063,187,187,98.54,"187,VIVEKANANDA ROAD,STALL NO-130,KOLKATA 700006,WARD-027,BR-IV, BOROUGH-IV, KOLKATA  MUNICIPAL CORPORATION, Kolkata, West Bengal - 700006","187,VIVEKANANDA ROAD,STALL NO-481,KOLKATA 700006,WARD-027,BR-IV, BOROUGH-IV, KOLKATA  MUNICIPAL CORPORATION, Kolkata, West Bengal - 700006",pin_700006
12822019000635,12823019002173,69/1A/2,69/1A/2,96.55,"69/1A/2, CHETLA ROAD, WARD NO.82, BR-IX, KOLKATA  MUNICIPAL CORPORATION, Kolkata, West Bengal - 700027","69/1A/2, CHETLA ROAD, WARD NO. 82, BR-IX, KOLKATA  MUNICIPAL CORPORATION, Kolkata, West Bengal - 700027",pin_700027
22825041000180,22825041000228,1,1,95.02,"1, TARATALA ROAD, HEMANTA BOSE MARKET BRACE BRIDGE, STALL NO-348, WARD NO.80, BOROUGH- IX, KOLKATA  MUNICIPAL CORPORATION, Kolkata, West Bengal - 700088","1, TARATALA ROAD, HEMANTA BASU MARKET BRACE BRIDGE, STALL NO-96, WARD NO.80, BOROUGH- IX, KOLKATA  MUNICIPAL CORPORATION, Kolkata, West Bengal - 700088",pin_700088
22820037000041,22824037000180,6A,6A,94.22,"6A TARA CHAND DUTT STREET WARD NO-43, BOROUGH- V, KOLKATA  MUNICIPAL CORPORATION, Kolkata, West Bengal - 700073","6A, TARA CHAND DUTTA STREET, WARD NO - 43, BOROUGH- V, KOLKATA  MUNICIPAL CORPORATION, Kolkata, West Bengal - 700073",pin_700073
12824019001022,12824019002434,10/1/1A,10/1/1A,93.56,"10/1/1A NEPAL BHATTACHARJEE STREET , 1ST FLOOR,  WARD NO - 083, KOLKATA  MUNICIPAL CORPORATION, Kolkata, West Bengal - 700026","10/1/1A NEPAL BHATTACHARJEE STREET, WARD NO -083, KOLKATA  MUNICIPAL CORPORATION, Kolkata, West Bengal - 700026",pin_700026
22821033000742,22821033000763,9,9,96.24,"9, GOPAL CHANDRA CHATTERJE ROAD, WARD-001, KOLKATA- 700002, BOROUGH- I, KOLKATA  MUNICIPAL CORPORATION, Kolkata, West Bengal - 700002","9, GOPAL CHANDRA CHATTERJEE ROAD, WARD- 001, KOLKATA- 700002, BOROUGH- I, KOLKATA  MUNICIPAL CORPORATION, Kolkata, West Bengal - 700002",pin_700002
12820019001226,12820019001289,52,52,96.44,"52, BECKBAGAN ROW, WARD NO. 069, BOROUGH-VIII, KOLKATA - 700017., KOLKATA  MUNICIPAL CORPORATION, Kolkata, West Bengal - 700017","52, BECK BAGAN ROW, WARD NO. 069, BOROUGH-VIII, KOLKATA - 700017., KOLKATA  MUNICIPAL CORPORATION, Kolkata, West Bengal - 700017",pin_700017
12822019001727,12824019001327,67/1,67/1,95.48,"67/1, RANI HARSHAMUKHI ROAD, WARD- 004, KOLKATA  MUNICIPAL CORPORATION, Kolkata, West Bengal - 700002","67/1, RANI HARSHAMUKHI ROAD, WARD-004, KOLKATA  MUNICIPAL CORPORATION, Kolkata, West Bengal - 700002",pin_700002
22821036000577,22822036000150,187,187,98.77,"187,VIVEKANANDA ROAD,MANICKTALA PRIVATE MARKET STALL NO 178,KOLKATA 700006,WARD-027,BR-IV, BOROUGH-IV, KOLKATA  MUNICIPAL CORPORATION, Kolkata, West Bengal - 700006","187,VIVEKANANDA ROAD,MANICKTALA PRIVATE MARKET STALL NO 160,KOLKATA 700006,WARD-027,BR-IV, BOROUGH-IV, KOLKATA  MUNICIPAL CORPORATION, Kolkata, West Bengal - 700006",pin_700006
12817019000841,12816019001623,164/1,164/1,90.42,"164/1,MANICKTALA MAIN ROAD,MANI SQUARE MALL,SHOP-216,2ND FLOOR,
WARD NO-31, KOLKATA  MUNICIPAL CORPORATION, Kolkata, West Bengal - 700054","164/1,MANICKTALA MAIN ROAD,MANISQUARE MALL,4TH FLOOR,WARD NO.31, KOLKATA  MUNICIPAL CORPORATION, Kolkata, West Bengal - 700054",pin_700054
22823039000092,22826039000021,1,1,90.46,"1, DHAPA ROAD, HATGACHIA , WARD No.058, BOROUGH- VII, KOLKATA  MUNICIPAL CORPORATION, Kolkata, West Bengal - 700105","1, DHAPA ROAD, HATGACHIA, NEAR MANGOLIK, WARD NO-58, BOROUGH- VII, KOLKATA  MUNICIPAL CORPORATION, Kolkata, West Bengal - 700105",pin_700105
22826041000005,22823041000216,1,1,93.69,"1, TARATALA ROAD, HEMANTA BASU MARKET BRACE BRIDGE, STALL NO-, WARD NO.80, BOROUGH- IX, KOLKATA  MUNICIPAL CORPORATION, Kolkata, West Bengal - 700088","1, TARATALA ROAD, HEMANTA BOSE MARKET, BRACE BRIDGE, STALL NO-304, WARD NO- 80, BOROUGH- IX, KOLKATA  MUNICIPAL CORPORATION, Kolkata, West Bengal - 700088",pin_700088
22825034000055,22822034000316,13,13,93.95,"13,DURGA CHARAN MITRA STREET WARD NO.18, BOROUGH-II, KOLKATA  MUNICIPAL CORPORATION, Kolkata, West Bengal - 700006","13,DURGA CHARAN MITRA STREET, BOROUGH-II, KOLKATA  MUNICIPAL CORPORATION, Kolkata, West Bengal - 700006",pin_700006
22821036000268,12818019005456,9/4,9/4,90.12,"9/4,BEADON STREET,STALL NO-169,KOLKATA 700006,WARD-026,BR-IV, BOROUGH-IV, KOLKATA  MUNICIPAL CORPORATION, Kolkata, West Bengal - 700006","9/4,BEADON STREET,ROOM NO-4,KOLKATA 700006,WARD-026,BR-IV, KOLKATA  MUNICIPAL CORPORATION, Kolkata, West Bengal - 700006",pin_700006
22826041000105,22822041000278,78,78,92.12,"B/18/2/H/11, MOMINPORE ROAD, GROUND FLOOR, WARD NO.78, BOROUGH- IX, KOLKATA  MUNICIPAL CORPORATION, Kolkata, West Bengal - 700023","B/18/1/H/7, MOMINPORE ROAD, WARD NO.78, BOROUGH- IX, KOLKATA  MUNICIPAL CORPORATION, Kolkata, West Bengal - 700023",pin_700023
22825035000156,22825035000188,163/1A,163/1A,94.57,"163/1A, MANICKTALA MAIN ROAD, MD. ISMAIL MARKET, WARD NO- 31,  STALL NO- FIS- 7/51, BOROUGH- III, KOLKATA  MUNICIPAL CORPORATION, Kolkata, West Bengal - 700054","163/1A, MANICKTALA MAIN ROAD, MD. ISMAIL MARKET, WARD NO- 31, STALL NO- GRO-5/39, BOROUGH- III, KOLKATA  MUNICIPAL CORPORATION, Kolkata, West Bengal - 700054",pin_700054
12825019002532,12822019001703,39B,39B,94.26,"39B, ABDUL HALIM LANE, KOLKATA 700016, WARD 062 BR VI, KOLKATA  MUNICIPAL CORPORATION, Kolkata, West Bengal - 700016","39B, ABDUL HALIM LANE, GROUND FLOOR, KOLKATA 700016, WARD 062 BR VI, KOLKATA  MUNICIPAL CORPORATION, Kolkata, West Bengal - 700016",pin_700016
22823046000012,22824046000334,6,6,96.52,"6 C BANOMALI GHOSAL LANE, BOROUGH-XIV, KOLKATA  MUNICIPAL CORPORATION, Kolkata, West Bengal - 700034","6/E/A, BANOMALI GHOSAL LANE, BOROUGH-XIV, KOLKATA  MUNICIPAL CORPORATION, Kolkata, West Bengal - 700034",pin_700034
22821046000153,12823019001801,257/8A,257/8A,92.47,"257/8A, SARSUNA MAIN ROAD, BOROUGH-XIV, KOLKATA  MUNICIPAL CORPORATION, Kolkata, West Bengal - 700061","257/8A SARSUNA MAIN ROAD, KOLKATA  MUNICIPAL CORPORATION, Kolkata, West Bengal - 700061",pin_700061
22819039000447,22822039000275,47,47,91.46,"47, USTAD ENAYET KHAN AVENUE, PARK CIRCUS MARKET, STALL NO. P-6, GROUND FLOOR, WD-64, BR-VII, BOROUGH- VII, KOLKATA  MUNICIPAL CORPORATION, Kolkata, West Bengal - 700017","47, USTAD ENAYET KHAN AVENUE, PARK CIRCUS MARKET STALL NO. FISH (P)36, WD-64, BR-VII, BOROUGH- VII, KOLKATA  MUNICIPAL CORPORATION, Kolkata, West Bengal - 700017",pin_700017
12824019001858,12819019000852,36F,36F,90.06,"36F, TOPSIA ROAD KOLKATA 700039, KOLKATA  MUNICIPAL CORPORATION, Kolkata, West Bengal - 700039","36F, TOPSIA ROAD, KOLKATA  MUNICIPAL CORPORATION, Kolkata, West Bengal - 700039",pin_700039
12822019000459,12825019000416,178A,178A,92.0,"178A, RAJA DINENDRA STREET, WARD No.012, KOLKATA  MUNICIPAL CORPORATION, Kolkata, West Bengal - 700004","178A,RAJA DINENDRA STREET WARD NO.12 , KOLKATA  MUNICIPAL CORPORATION, Kolkata, West Bengal - 700004",pin_700004
22818036000234,22818019009872,187,187,90.98,"187 VIVEKANANDA ROAD, STALL NO- 157, WARD- 27, BOROUGH-IV, KOLKATA  MUNICIPAL CORPORATION, Kolkata, West Bengal - 700006","187, VIVEKANANDA ROAD, STALL NO-531, WARD-27, BR-IV, BOROUGH- I, KOLKATA  MUNICIPAL CORPORATION, Kolkata, West Bengal - 700006",pin_700006
12819019003326,12817019003032,13/7,13/7,95.6,"13/7 DIAMOND HARBOUR ROAD, KOLKATA  MUNICIPAL CORPORATION, Kolkata, West Bengal - 700104","13/7 DIAMOND HARBOUR ROAD,KOL-104, KOLKATA  MUNICIPAL CORPORATION, Kolkata, West Bengal - 700104",pin_700104
22820041000102,22825041000044,15,15,90.61,"15 SAMBHUNATH PANDIT STREET, GROUND FLOOR, WARD NO. 071, BOROUGH- IX, KOLKATA  MUNICIPAL CORPORATION, Kolkata, West Bengal - 700025","15, SAMBHUNATH PANDIT STREET, WARD NO.71, BOROUGH- IX, KOLKATA  MUNICIPAL CORPORATION, Kolkata, West Bengal - 700025",pin_700025
22824037000173,22823037000235,166,166,92.05,"166/H/84, KESHAB CHANDRA SEN STREET, ward no 37, BOROUGH- V, KOLKATA  MUNICIPAL CORPORATION, Kolkata, West Bengal - 700009","166/H/13 KESHAB CHANDRA SEN STREET,WARD - 37, BOROUGH- V, KOLKATA  MUNICIPAL CORPORATION, Kolkata, West Bengal - 700009",pin_700009
22822036000263,22823036000160,187,187,90.78,"187, VIVEKANANDA ROAD, MANICKTALA PRIVATE MARKET , STALL NO 184, WARD No.027, BOROUGH-IV, KOLKATA  MUNICIPAL CORPORATION, Kolkata, West Bengal - 700006","187, VIVEKANANDA ROAD, MANICKTALA MARKET, STALL NO.-84, WARD NO.- 27., BOROUGH-IV, KOLKATA  MUNICIPAL CORPORATION, Kolkata, West Bengal - 700006",pin_700006
22824040000127,22820040000281,184A,184A,90.84," 184A, SHYAMA PRASAD MUKHERJEE ROAD, WARD NO. 88, BOROUGH- VIII, KOLKATA  MUNICIPAL CORPORATION, Kolkata, West Bengal - 700026","184A, SHYAMA PROSAD MUKHERJEE ROAD, WARD - 88, BOROUGH - VIII, BOROUGH- VIII, KOLKATA  MUNICIPAL CORPORATION, Kolkata, West Bengal - 700026",pin_700026
22821040000223,22824040000238,180A,180A,95.57,"180A SARAT BOSE ROAD, BOROUGH- VIII, KOLKATA  MUNICIPAL CORPORATION, Kolkata, West Bengal - 700029","180A SARAT BOSE ROAD, WARD-90, BOROUGH- VIII, KOLKATA  MUNICIPAL CORPORATION, Kolkata, West Bengal - 700029",pin_700029
22820037000122,22821037000624,55,55,99.07,"55, BIPLABI RASH BIHARI BASU ROAD, BOROUGH- V, KOLKATA  MUNICIPAL CORPORATION, Kolkata, West Bengal - 700001","55, BIPLABI RASH BEHARI BASU ROAD, BOROUGH- V, KOLKATA  MUNICIPAL CORPORATION, Kolkata, West Bengal - 700001",pin_700001
12818019006017,12819019000732,33/33/1,33/33/1,94.9,"33/33/1, CHETLA CENTRAL ROAD, SHOP NO-137, KOLKATA-27, WARD NO.82, BR-IX, KOLKATA  MUNICIPAL CORPORATION, Kolkata, West Bengal - 700027","33/33/1, CHETLA CENTRAL ROAD, KOLKATA-27, WARD NO.82, BR-IX, KOLKATA  MUNICIPAL CORPORATION, Kolkata, West Bengal - 700027",pin_700027
22825039000284,22825039000261,46,46,91.77,"46. SHAKESPEARE SARANI,PARK STREET WARD NO- 63, BOROUGH- VII, KOLKATA  MUNICIPAL CORPORATION, Kolkata, West Bengal - 700071","46, SHAKESPARE SARANI, WARD NO-63, BOROUGH- VII, KOLKATA  MUNICIPAL CORPORATION, Kolkata, West Bengal - 700071",pin_700071
22818019014179,22826045000118,151,151,94.5,"151,DIAMOND HARBOUR ROAD,KOL-34, BOROUGH-X III, KOLKATA  MUNICIPAL CORPORATION, Kolkata, West Bengal - 700034","151,DIAMOND HARBOUR ROAD,WARD-119, BOROUGH-X III, KOLKATA  MUNICIPAL CORPORATION, Kolkata, West Bengal - 700034",pin_700034
22821034000411,22822034000128,3,3,94.68,"3, GULU OSTAGAR LANE, BOROUGH-II, KOLKATA  MUNICIPAL CORPORATION, Kolkata, West Bengal - 700006","3, GAURI SANKAR LANE, BOROUGH-II, KOLKATA  MUNICIPAL CORPORATION, Kolkata, West Bengal - 700006",pin_700006
22821035000342,22821035000303,96,96,94.62,"96, MOULANA ABUL KALAM AZAD SARANI, STALL NO-163, WARD NO-31, BOROUGH- III, KOLKATA  MUNICIPAL CORPORATION, Kolkata, West Bengal - 700054","96, MOULANA ABUL KALAM AZAD SARANI, STALL NO-166, BOROUGH- III, KOLKATA  MUNICIPAL CORPORATION, Kolkata, West Bengal - 700054",pin_700054
22817019002367,12817019002315,187,187,91.87,"187, VIVEKANANDA ROAD STALL NO-558, WARD-27, KOL-700006, BOROUGH-IV, KOLKATA  MUNICIPAL CORPORATION, Kolkata, West Bengal - 700006","187 VIVEKANANDA ROAD STALL NO- 560, WARD-27, KOL-700006, KOLKATA  MUNICIPAL CORPORATION, Kolkata, West Bengal - 700006",pin_700006
22820036000260,22819036000412,123,123,94.56,"123,ACHARYA PRAFULLA CHANDRA ROAD,STALL NO-196,KOLKATA 700006,WARD-027, BOROUGH-IV, KOLKATA  MUNICIPAL CORPORATION, Kolkata, West Bengal - 700006","123,ACHARYA PRAFULLA CHANDRA ROAD(STALL NO-457)KOLKATA 700006,WARD-027,BR-IV, BOROUGH-IV, KOLKATA  MUNICIPAL CORPORATION, Kolkata, West Bengal - 700006",pin_700006
22825041000170,22825041000180,1,1,98.01,"1, TARATALA ROAD, HEMANTA BOSE MARKET BRACE BRIDGE, STALL NO-260, WARD NO.80, BOROUGH- IX, KOLKATA  MUNICIPAL CORPORATION, Kolkata, West Bengal - 700088","1, TARATALA ROAD, HEMANTA BOSE MARKET BRACE BRIDGE, STALL NO-348, WARD NO.80, BOROUGH- IX, KOLKATA  MUNICIPAL CORPORATION, Kolkata, West Bengal - 700088",pin_700088
22826041000057,12822019000959,21C,21C,93.47,"21C, MOMINPORE ROAD, WARD NO.78, BOROUGH- IX, KOLKATA  MUNICIPAL CORPORATION, Kolkata, West Bengal - 700023","21C, MOMINPORE ROAD, WARD NO.78, KOLKATA  MUNICIPAL CORPORATION, Kolkata, West Bengal - 700023",pin_700023
22825035000183,22825035000176,163/1A,163/1A,93.29,"163/1A, MANICKTALA MAIN ROAD, MD. ISMAIL MARKET, WARD NO- 31, STALL NO- CHN-1/42, BOROUGH- III, KOLKATA  MUNICIPAL CORPORATION, Kolkata, West Bengal - 700054","163/1A, MANICKTALA MAIN ROAD, MD. ISMAIL MARKET, WARD NO- 31, STALL NO- GRU- 2/35, BOROUGH- III, KOLKATA  MUNICIPAL CORPORATION, Kolkata, West Bengal - 700054",pin_700054
22826033000027,22822033000118,15/1B/1A,15/1B/1A,97.56,"15/1B/1A, PAIKPARA RAJA MANINDRA ROAD, WARD NO-4, BOROUGH- I, KOLKATA  MUNICIPAL CORPORATION, Kolkata, West Bengal - 700037","15/1B/1A, PAIKPARA RAJA MANINDRA ROAD, WARD No.004, BOROUGH- I, KOLKATA  MUNICIPAL CORPORATION, Kolkata, West Bengal - 700037",pin_700037
22818019002664,12818019001253,111,111,94.87,"111,MOULANA ABUL KALAM AZAD SARANI KOLKATA-700054, BOROUGH- I, KOLKATA  MUNICIPAL CORPORATION, Kolkata, West Bengal - 700054","111,MOULANA ABUL KALAM AZAD SARANI KOLKATA-700054, KOLKATA  MUNICIPAL CORPORATION, Kolkata, West Bengal - 700054",pin_700054
22822038000135,22820038000088,054,054,96.64,"SB(P) 22, ENTALLY MARKET, 156 A.J.C. BOSE ROAD, GROUND FLOOR, WARD NO. 054, BOROUGH-VI, KOLKATA  MUNICIPAL CORPORATION, Kolkata, West Bengal - 700014","S.B (P) 21, ENTALLY MARKET, 156 A.J.C. BOSE ROAD, GROUND FLOOR, WARD NO. 054, BOROUGH-VI, KOLKATA  MUNICIPAL CORPORATION, Kolkata, West Bengal - 700014",pin_700014
12821019001016,12821019000892,8,8,93.78,"8, DR SURESH CHANDRA BANERJEE ROAD,WARD NO-35, BOROUGH-III, KOLKATA  MUNICIPAL CORPORATION, Kolkata, West Bengal - 700085","8,DR. SURESH CHANDRA BANERJEE ROAD, BOROUGH-III, WARD NO-35, KOLKATA  MUNICIPAL CORPORATION, Kolkata, West Bengal - 700085",pin_700085
22825037000026,22825037000031,6,6,91.8,"6 HARI SARKAR LANE KMC WARD NO 41, UNION BANK OF INDIA NEAR MARBLE PALACE, , BOROUGH- V, KOLKATA  MUNICIPAL CORPORATION, Kolkata, West Bengal - 700007","6 HARI SARKAR LANE GROUND FLOOR UNITED BANK OF INDIA WARD NO 41 NEAR MARBLE PALACE, BOROUGH- V, KOLKATA  MUNICIPAL CORPORATION, Kolkata, West Bengal - 700007",pin_700007
22823041000154,12821019002872,4/1,4/1,93.83,"4/1 SHAMBHUNATH PANDIT STREET,WARD-71, KOLKATA-700020, BOROUGH- IX, KOLKATA  MUNICIPAL CORPORATION, Kolkata, West Bengal - 700020","4/1 SAMBHUNATH PANDIT STREET, WARD-71, KOLKATA-700020, KOLKATA  MUNICIPAL CORPORATION, Kolkata, West Bengal - 700020",pin_700020
12820019000698,12820019001077,41/1A,41/1A,95.97,"41/1A, SARAT BOSE ROAD, WARD NO. 070, BOROUGH-VIII, KOLKATA - 700020., KOLKATA  MUNICIPAL CORPORATION, Kolkata, West Bengal - 700020","41/1A, SARAT BOSE ROAD, 1ST FLOOR, WARD NO. 070, BOROUGH-VIII, KOLKATA - 700020., KOLKATA  MUNICIPAL CORPORATION, Kolkata, West Bengal - 700020",pin_700020
12823019000485,12825019001675,16,16,90.1,"16 BAITAKKHANA ROAD KMC WARD NO-49, KOLKATA  MUNICIPAL CORPORATION, Kolkata, West Bengal - 700009","16, BAITHAKKHANA ROAD WARD NO-49 BOROUGH -V , KOLKATA  MUNICIPAL CORPORATION, Kolkata, West Bengal - 700009",pin_700009
22826035000098,22822035000149,16/1/1,16/1/1,96.5,"16/1/1/H/17/1, BIPLABI BARIN GHOSH SARANI, WARD NO-14, BOROUGH- III, KOLKATA  MUNICIPAL CORPORATION, Kolkata, West Bengal - 700067","16/1/1/H/41, BIPLABI BARIN GHOSH SARANI, WARD No.014, BOROUGH- III, KOLKATA  MUNICIPAL CORPORATION, Kolkata, West Bengal - 700067",pin_700067
12822019000362,12819019000961,187,187,91.06,"187,VIVEKANANDA ROAD,STALL-535,KOLKATA 700006,WARD-027,BR-IV, KOLKATA  MUNICIPAL CORPORATION, Kolkata, West Bengal - 700006","187,VIVEKANANDA ROAD,STALL NO-53,KOLKATA 700006,WARD-027,BR-IV, KOLKATA  MUNICIPAL CORPORATION, Kolkata, West Bengal - 700006",pin_700006
22823040000242,22824040000087,9,9,91.51,"9, BHAGABATI LANE, KALIGHAT, SHOP NO 66, WARD NO- 83, BOROUGH- VIII, KOLKATA  MUNICIPAL CORPORATION, Kolkata, West Bengal - 700026","9 BHAGABATI LANE, KALIGHAT SHOP NO 83 NEAR GATE NO- 3 WARD NO- 83, BOROUGH- VIII, KOLKATA  MUNICIPAL CORPORATION, Kolkata, West Bengal - 700026",pin_700026
22818019005319,22821036000372,63,63,90.84,"63, KALI KRISHNA TAGORE STREET, WARD NO-022, KOLKATA:-700007, BOROUGH- I, KOLKATA  MUNICIPAL CORPORATION, Kolkata, West Bengal - 700007","63, KALI KRISHNA TAGORE STREET, WARD NO-022, BOROUGH-IV, KOLKATA  MUNICIPAL CORPORATION, Kolkata, West Bengal - 700007",pin_700007
12822019001077,12824019000979,122,122,93.88,"122 RAM NARAYAN MUKHERJEE ROAD, KOLKATA  MUNICIPAL CORPORATION, Kolkata, West Bengal - 700061","122 RAM NARAYAN MUKHERJEE ROAD, WARD- 127 , KOLKATA  MUNICIPAL CORPORATION, Kolkata, West Bengal - 700061",pin_700061
22822042000763,22824042000773,68,68,90.53,"68/I/423 RAJA SUBODH CHANDRA MULLICK ROAD, BOROUGH-X, KOLKATA  MUNICIPAL CORPORATION, Kolkata, West Bengal - 700092","68/G/500 RAJA SUBODH CHANDRA MULLICK ROAD KOLKATA 700092, BOROUGH-X, KOLKATA  MUNICIPAL CORPORATION, Kolkata, West Bengal - 700092",pin_700092
22820039000060,22822039000568,1,1,92.12,"1 HAGACHIA DHAPA ROAD, KOLKATA 700105, WARD NO 58, BOROUGH- VII, KOLKATA  MUNICIPAL CORPORATION, Kolkata, West Bengal - 700105","1 DHAPA ROAD, HATGACHIA, KMC WARD NO 058, BOROUGH- VII, KOLKATA  MUNICIPAL CORPORATION, Kolkata, West Bengal - 700105",pin_700105
22823035000224,22824035000272,1/2,1/2,91.61,"1/2/H/30, K. G. BOSE SARANI, K.G BOSE SARANI S.O, WARD NO.-35, , BOROUGH- III, KOLKATA  MUNICIPAL CORPORATION, Kolkata, West Bengal - 700085","1/2/H/18, K.G. BOSE SARANI, K.G BOSE SARANI S.O, KOLKATA, WARD NO- 35, , BOROUGH- III, KOLKATA  MUNICIPAL CORPORATION, Kolkata, West Bengal - 700085",pin_700085
22825046000288,22826046000089,12/2,12/2,90.74,"12/2 NETAJI SUBHASH ROAD, WARD- 131, BOROUGH-XIV, KOLKATA  MUNICIPAL CORPORATION, Kolkata, West Bengal - 700034","12/2 NETAJI SUBHASH ROAD  BEHALA, BOROUGH-XIV, KOLKATA  MUNICIPAL CORPORATION, Kolkata, West Bengal - 700034",pin_700034
22822041000081,22824041000349,2/1,2/1,93.33,"2/1 NAWAB ALI LANE, BOROUGH- IX, KOLKATA  MUNICIPAL CORPORATION, Kolkata, West Bengal - 700023","2/1 BANGALI SHA WARSHI LANE, BOROUGH- IX, KOLKATA  MUNICIPAL CORPORATION, Kolkata, West Bengal - 700023",pin_700023
12821019002305,12821019001592,55,55,95.39,"55, BIPLABI RASH BEHARY BASU ROAD, 1ST FLOOR, BLOCK NO. E, ROOM NO - 2,3 & 4, WARD NO - 45, KOLKATA  MUNICIPAL CORPORATION, Kolkata, West Bengal - 700001","55, BIPLABI RASH BEHARY BASU ROAD, 1ST FLOOR, BLOCK - E, ROOM NO - 12, 13 & 14, WARD NO 45, KOLKATA  MUNICIPAL CORPORATION, Kolkata, West Bengal - 700001",pin_700001
22825035000147,22825035000162,163/1A,163/1A,95.51,"163/1A, MANICKTALA MAIN ROAD, MD. ISMAIL MARKET, WARD NO- 31,  STALL NO- FRT-1/88, BOROUGH- III, KOLKATA  MUNICIPAL CORPORATION, Kolkata, West Bengal - 700054","163/1A, MANICKTALA MAIN ROAD, MD. ISMAIL MARKET, WARD NO- 31,  STALL NO- FD- 5/09, BOROUGH- III, KOLKATA  MUNICIPAL CORPORATION, Kolkata, West Bengal - 700054",pin_700054
22823036000197,22821036000416,104A,104A,93.33,"104A ACHARYA PRAFULLA CHANDRA ROAD, WARD NO.38, GROUND FLOOR, BOROUGH-IV, KOLKATA  MUNICIPAL CORPORATION, Kolkata, West Bengal - 700009","104A, ACHARYA PRAFULLA CHANDRA ROAD, WARD NO-38, BOROUGH-IV, KOLKATA  MUNICIPAL CORPORATION, Kolkata, West Bengal - 700009",pin_700009
22821045000521,22821045000209,225,225,92.55,"225 S.N Roy Road , BOROUGH-X III, KOLKATA  MUNICIPAL CORPORATION, Kolkata, West Bengal - 700038","225 S.N. ROY ROAD, BOROUGH-X III, KOLKATA  MUNICIPAL CORPORATION, Kolkata, West Bengal - 700038",pin_700038
22825041000085,12822019002476,48,48,90.48,"48/B/H/15, KARL MARX SARANI, WARD NO-79, BOROUGH- IX, KOLKATA  MUNICIPAL CORPORATION, Kolkata, West Bengal - 700023","48/B, KARL MARX SARANI, WARD NO.79, KOLKATA  MUNICIPAL CORPORATION, Kolkata, West Bengal - 700023",pin_700023
22822039000491,22822039000284,7/1,7/1,90.65,"7/1, BELIAGHATA ROAD, WARD NO-57, BOROUGH- VII, KOLKATA  MUNICIPAL CORPORATION, Kolkata, West Bengal - 700015","7/1, GURIPARA ROAD, WARD NO-57, BOROUGH- VII, KOLKATA  MUNICIPAL CORPORATION, Kolkata, West Bengal - 700015",pin_700015
22821041000303,22820041000329,49/5,49/5,90.1,"49/5/H/4, KARL MARX DARANI, BOROUGH- IX, KOLKATA  MUNICIPAL CORPORATION, Kolkata, West Bengal - 700023","49/5/H/90 KARL MARX SARANI, BOROUGH- IX, KOLKATA  MUNICIPAL CORPORATION, Kolkata, West Bengal - 700023",pin_700023
22825041000246,22825041000242,1,1,98.01,"1, TARATALA ROAD, HEMANTA BASU MARKET BRACE BRIDGE, STALL NO-319, WARD NO.80, BOROUGH- IX, KOLKATA  MUNICIPAL CORPORATION, Kolkata, West Bengal - 700088","1, TARATALA ROAD, HEMANTA BASU MARKET BRACE BRIDGE, STALL NO-242, WARD NO.80, BOROUGH- IX, KOLKATA  MUNICIPAL CORPORATION, Kolkata, West Bengal - 700088",pin_700088
22825041000179,22825041000257,1,1,95.36,"1, TARATALA ROAD, HEMANTA BOSE MARKET BRACE BRIDGE, STALL NO-194, WARD NO.80, BOROUGH- IX, KOLKATA  MUNICIPAL CORPORATION, Kolkata, West Bengal - 700088","1, TARATALA ROAD, HEMANTA BASU MARKET BRACE BRIDGE, STALL NO-416, WARD NO.80, BOROUGH- IX, KOLKATA  MUNICIPAL CORPORATION, Kolkata, West Bengal - 700088",pin_700088
22817019004427,22824041000059,49/5,49/5,93.02,"49/5/H/194,KARL MARX SARANI,WARD NO.79, BOROUGH- IX, KOLKATA  MUNICIPAL CORPORATION, Kolkata, West Bengal - 700023","49/5/H/103,KARL MARX SARANI, BOROUGH- IX, KOLKATA  MUNICIPAL CORPORATION, Kolkata, West Bengal - 700023",pin_700023
22821039000383,22821038000295,6,6,95.83,"6, HARALAL DAS STREET, BOROUGH- VII, KOLKATA  MUNICIPAL CORPORATION, Kolkata, West Bengal - 700014","6, HARALAL DAS STREET, BOROUGH-VI, KOLKATA  MUNICIPAL CORPORATION, Kolkata, West Bengal - 700014",pin_700014
22820036000080,22822036000118,187,187,94.85,"187,VIVEKANANDA ROAD(ROOM NO-21)KOLKATA 700006,WARD-027,BR-IV, BOROUGH-IV, KOLKATA  MUNICIPAL CORPORATION, Kolkata, West Bengal - 700006","187,VIVEKANANDA ROAD(STALL NO.185)KOLKATA 700006,WARD-027,BR-IV, BOROUGH-IV, KOLKATA  MUNICIPAL CORPORATION, Kolkata, West Bengal - 700006",pin_700006
22825041000199,22825041000271,1,1,95.02,"1, TARATALA ROAD, HEMANTA BOSE MARKET BRACE BRIDGE, STALL NO-64, WARD NO.80, BOROUGH- IX, KOLKATA  MUNICIPAL CORPORATION, Kolkata, West Bengal - 700088","1, TARATALA ROAD, HEMANTA BASU MARKET BRACE BRIDGE, STALL NO-251, WARD NO.80, BOROUGH- IX, KOLKATA  MUNICIPAL CORPORATION, Kolkata, West Bengal - 700088",pin_700088
22821037000203,12825019002043,165A,165A,90.48,"165A BATAKKHANA ROAD WARD NO -49, BOROUGH- V, KOLKATA  MUNICIPAL CORPORATION, Kolkata, West Bengal - 700009","165A, BAITAKKHANA ROAD, KMC WARD NO. - 049, KOLKATA  MUNICIPAL CORPORATION, Kolkata, West Bengal - 700009",pin_700009
12824019000605,12823019001667,156,156,92.86,"156 ACHARYYA JAGADISH BOSE ROAD, ENTALLY MARKET, STALL NO. S.B.(P) 23, GROUND FLOOR, WARD NO 054, BOROUGH VI, KOLKATA  MUNICIPAL CORPORATION, Kolkata, West Bengal - 700014","156 ACHARYYA JAGADISH BOSE ROAD, ENTALLY MARKET, STALL NO CH P 29, GROUND FLOOR,WARD NO. 054, BOROUGH VI, KOLKATA  MUNICIPAL CORPORATION, Kolkata, West Bengal - 700014",pin_700014
22821036000088,12824019000525,123/1/1,123/1/1,93.96,"123/1/1,ACHARYA PRAFULLA CHANDRA ROAD,STALL NO.-281A,KOLKATA 700006,WARD-027,BR-IV, BOROUGH-IV, KOLKATA  MUNICIPAL CORPORATION, Kolkata, West Bengal - 700006","123/1/1,ACHARYA PRAFULLA CHANDRA ROAD,STALL NO-422,KOLKATA 700006,WARD-027,BR-IV, KOLKATA  MUNICIPAL CORPORATION, Kolkata, West Bengal - 700006",pin_700006
22823042000420,22824042000590,68,68,95.2,"68/E/615 RAJA  SUBODH CHANDRA MULLICK ROAD, BOROUGH-X, KOLKATA  MUNICIPAL CORPORATION, Kolkata, West Bengal - 700092","68/I/403 RAJA SUBODH CHANDRA MULLICK ROAD , BOROUGH-X, KOLKATA  MUNICIPAL CORPORATION, Kolkata, West Bengal - 700092",pin_700092
22821036000015,22820036000256,9/4,9/4,98.5,"9/4,BEADON STREET,STALL NO-79,KOLKATA 700006,WARD-026,BR-IV, BOROUGH-IV, KOLKATA  MUNICIPAL CORPORATION, Kolkata, West Bengal - 700006","9/4,BEADON STREET,STALL NO-83,KOLKATA 700006,WARD-026,BR-IV, BOROUGH-IV, KOLKATA  MUNICIPAL CORPORATION, Kolkata, West Bengal - 700006",pin_700006
12821019002210,12826019000410,145,145,92.5,"145, RASH BEHARI AVENUE 6TH FLOOR, WARD NO -85, BR VIII , KOLKATA  MUNICIPAL CORPORATION, Kolkata, West Bengal - 700029","145, RASH BEHARI AVENUE, 6TH FLOOR, KMC WARD NO-085 BR- VIII, KOLKATA  MUNICIPAL CORPORATION, Kolkata, West Bengal - 700029",pin_700029
22818019016673,22821038000432,1/1A,1/1A,95.69,"1/1A, CREMATORIUM STREET, GR. FLOOR, KOL-14, WARD NO. 061, BOROUGH-VI, KOLKATA  MUNICIPAL CORPORATION, Kolkata, West Bengal - 700014","1/1A, CREMATORIUM STREET, GR. FLOOR , WARD NO. 061, BOROUGH-VI, KOLKATA  MUNICIPAL CORPORATION, Kolkata, West Bengal - 700014",pin_700014
22821048000412,12822019000611,45,45,92.9,"45 DIAMOND HARBOUR ROAD, BOROUGH-XVI, KOLKATA  MUNICIPAL CORPORATION, Kolkata, West Bengal - 700008","45 DIAMOND HARBOUR ROAD, KOLKATA  MUNICIPAL CORPORATION, Kolkata, West Bengal - 700008",pin_700008
22821036000245,22819036000450,123/1/1,123/1/1,97.73,"123/1/1,ACHARYA PRAFULLA CHANDRA ROAD,STALL NO.616,KOLKATA 700006,WARD-027,BR-IV, BOROUGH-IV, KOLKATA  MUNICIPAL CORPORATION, Kolkata, West Bengal - 700006","123/1/1,ACHARYA PRAFULLA CHANDRA ROAD,STALL NO-281B,KOLKATA 700006,WARD-027,BR-IV, BOROUGH-IV, KOLKATA  MUNICIPAL CORPORATION, Kolkata, West Bengal - 700006",pin_700006
22823039000188,22826039000123,223A,223A,93.47,"223A TILJALA ROAD, BOROUGH- VII, KOLKATA  MUNICIPAL CORPORATION, Kolkata, West Bengal - 700046","223A, TILJALA ROAD, WARD NO-65, BOROUGH- VII, KOLKATA  MUNICIPAL CORPORATION, Kolkata, West Bengal - 700046",pin_700046
12821019003207,12825019001936,19A,19A,92.57,"19A CHETLA HAT ROAD, KOLKATA  MUNICIPAL CORPORATION, Kolkata, West Bengal - 700027","19A, CHETLA HAT ROAD, WARD NO.74, KOLKATA  MUNICIPAL CORPORATION, Kolkata, West Bengal - 700027",pin_700027
22821036000051,12824019001460,22/1,22/1,92.46,"22/1, BIDHAN SARANI,WARD NO.-38., BOROUGH-IV, KOLKATA  MUNICIPAL CORPORATION, Kolkata, West Bengal - 700006","22/1, BIDHAN SARANI, WARD NO-38, KOLKATA  MUNICIPAL CORPORATION, Kolkata, West Bengal - 700006",pin_700006
22826041000005,22826041000092,1,1,98.67,"1, TARATALA ROAD, HEMANTA BASU MARKET BRACE BRIDGE, STALL NO-, WARD NO.80, BOROUGH- IX, KOLKATA  MUNICIPAL CORPORATION, Kolkata, West Bengal - 700088","1, TARATALA ROAD, HEMANTA BASU MARKET, BRACE BRIDGE, STALL NO-249, WARD NO.80, BOROUGH- IX, KOLKATA  MUNICIPAL CORPORATION, Kolkata, West Bengal - 700088",pin_700088
22821036000735,22821036000606,187,187,90.18,"187,VIVEKANANDA ROAD(STALL NO-289)KOLKATA 700006,WARD-027,BR-IV, BOROUGH-IV, KOLKATA  MUNICIPAL CORPORATION, Kolkata, West Bengal - 700006","187,VIVEKANANDA ROAD,STALL NO. 477,KOLKATA 700006,WARD-027,BR-IV, BOROUGH-IV, KOLKATA  MUNICIPAL CORPORATION, Kolkata, West Bengal - 700006",pin_700006
22821035000124,22823035000223,59,59,92.31,"59, HEM CHANDRA NASKAR ROAD, GROUND FLOOR, BOROUGH- III, KOLKATA  MUNICIPAL CORPORATION, Kolkata, West Bengal - 700010","59 HEM CHANDRA NASKAR ROAD GROUND FLOOR WARD NUMBER-34, BOROUGH- III, KOLKATA  MUNICIPAL CORPORATION, Kolkata, West Bengal - 700010",pin_700010
12824019001414,12824019001562,9/4,9/4,96.19,"9/4 BEADON STREET,STALL NO-332,WARD NO-26,, KOLKATA  MUNICIPAL CORPORATION, Kolkata, West Bengal - 700006","9/4 BEADON STREET,STALL NO-77,WARD NO-26,KMC, KOLKATA  MUNICIPAL CORPORATION, Kolkata, West Bengal - 700006",pin_700006
22822039000573,22820039000046,35/3/1,35/3/1,93.53,"35/3/1 TOPSIA ROAD, BOROUGH- VII, KOLKATA  MUNICIPAL CORPORATION, Kolkata, West Bengal - 700039","35/3/1, TOPSIA ROAD, WARD NO-66, BOROUGH- VII, KOLKATA  MUNICIPAL CORPORATION, Kolkata, West Bengal - 700039",pin_700039
22822042001178,22826042000241,36/2,36/2,90.27,"36/2 PRINCE GOLAM MOHAMMED SHSH ROAD, BOROUGH-X, KOLKATA  MUNICIPAL CORPORATION, Kolkata, West Bengal - 700033","36/2 PRINCE GOLAM MD SHAH ROAD, WARD NO -094, BOROUGH-X, KOLKATA  MUNICIPAL CORPORATION, Kolkata, West Bengal - 700033",pin_700033
22822036000112,12821019001787,231,231,91.08,"231 MAHARSHI DEBENDRA ROAD WARD NO-22, BOROUGH-IV, KOLKATA  MUNICIPAL CORPORATION, Kolkata, West Bengal - 700007","231, MAHARSHI DEBENDRA ROAD, WARD No.022, KOLKATA  MUNICIPAL CORPORATION, Kolkata, West Bengal - 700007",pin_700007
22821036000042,22821036000124,9/4,9/4,98.13,"9/4,BEADON STREET,STALL NO-90,KOLKATA 700006,WARD-026,BR-IV, BOROUGH-IV, KOLKATA  MUNICIPAL CORPORATION, Kolkata, West Bengal - 700006","9/4,BEADON STREET,STALL NO-136,KOLKATA 700006,WARD-026,BR-IV, BOROUGH-IV, KOLKATA  MUNICIPAL CORPORATION, Kolkata, West Bengal - 700006",pin_700006
22825035000162,22825035000169,163/1A,163/1A,94.23,"163/1A, MANICKTALA MAIN ROAD, MD. ISMAIL MARKET, WARD NO- 31,  STALL NO- FD- 5/09, BOROUGH- III, KOLKATA  MUNICIPAL CORPORATION, Kolkata, West Bengal - 700054","163/1A, MANICKTALA MAIN ROAD, MD. ISMAIL MARKET, WARD NO-31, STALL NO- VRG- 3/70, BOROUGH- III, KOLKATA  MUNICIPAL CORPORATION, Kolkata, West Bengal - 700054",pin_700054
12824019000838,12824019000839,46/1A,46/1A,99.25,"46/1A,STRAND ROAD,GROUND FLOOR,ROOM NO-31,KOLKATA 700007,WARD-022,BR-IV, KOLKATA  MUNICIPAL CORPORATION, Kolkata, West Bengal - 700007","46/1A,STRAND ROAD,GROUND FLOOR,ROOM NO-12,KOLKATA 700007,WARD-022,BR-IV, KOLKATA  MUNICIPAL CORPORATION, Kolkata, West Bengal - 700007",pin_700007
22822034000086,12822019001254,172C,172C,92.59,"172C APC ROAD, BOROUGH-II, KOLKATA  MUNICIPAL CORPORATION, Kolkata, West Bengal - 700004","172C APC ROAD, KOLKATA  MUNICIPAL CORPORATION, Kolkata, West Bengal - 700004",pin_700004
12822019002425,12822019001341,71,71,93.92,"71, BIPLABI RASH BEHARI BASU ROAD, GROUND FLOOR, ROOM NO. - G-1 & C-36, KMC WARD NO. - 42, KOLKATA  MUNICIPAL CORPORATION, Kolkata, West Bengal - 700001","71, BIPLABI RASH BEHARI BASU ROAD, GROUND FLOOR, ROOM NO. - D-26, KMC WARD NO. - 42, KOLKATA  MUNICIPAL CORPORATION, Kolkata, West Bengal - 700001",pin_700001
22824040000126,22825040000219,9,9,95.41,"9, BHAGABATI LANE, KALIGHAT, SHOP NO- 59, GATE NO- 02, WARD NO- 83, BOROUGH- VIII, KOLKATA  MUNICIPAL CORPORATION, Kolkata, West Bengal - 700026","9 BHAGABATI LANE KALIGHAT, SHOP NO- 72, GATE NO- 3, WARD NO- 83, BOROUGH- VIII, KOLKATA  MUNICIPAL CORPORATION, Kolkata, West Bengal - 700026",pin_700026
22825041000179,22825041000248,1,1,98.68,"1, TARATALA ROAD, HEMANTA BOSE MARKET BRACE BRIDGE, STALL NO-194, WARD NO.80, BOROUGH- IX, KOLKATA  MUNICIPAL CORPORATION, Kolkata, West Bengal - 700088","1, TARATALA ROAD, HEMANTA BOSE MARKET BRACE BRIDGE, STALL NO-123, WARD NO.80, BOROUGH- IX, KOLKATA  MUNICIPAL CORPORATION, Kolkata, West Bengal - 700088",pin_700088
22825041000171,22825041000315,1,1,95.68,"1, TARATALA ROAD, HEMANTA BOSE MARKET BRACE BRIDGE, STALL NO-27, WARD NO.80, BOROUGH- IX, KOLKATA  MUNICIPAL CORPORATION, Kolkata, West Bengal - 700088","1, TARATALA ROAD, HEMANTA BASU MARKET BRACE BRIDGE, STALL NO-289, WARD NO.80, BOROUGH- IX, KOLKATA  MUNICIPAL CORPORATION, Kolkata, West Bengal - 700088",pin_700088
22825041000294,22821041000777,1,1,92.04,"1, TARATALA ROAD, HEMANTA BASU MARKET BRACE BRIDGE, STALL NO-315, WARD NO.80, BOROUGH- IX, KOLKATA  MUNICIPAL CORPORATION, Kolkata, West Bengal - 700088","1 TARATALA ROAD BRACE BRIDGE HEMANTA BASU MARKET, STALL NO. 185, BOROUGH- IX, KOLKATA  MUNICIPAL CORPORATION, Kolkata, West Bengal - 700088",pin_700088
22822041000410,22823041000173,3,3,94.5,"3, HARISH MUKHERJEE ROAD, WARD NO.71, BOROUGH- IX, KOLKATA  MUNICIPAL CORPORATION, Kolkata, West Bengal - 700020","3, HARISH MUKHERJEE ROAD,WARD-71, BOROUGH- IX, KOLKATA  MUNICIPAL CORPORATION, Kolkata, West Bengal - 700020",pin_700020
22821039001016,22823039000146,7,7,91.26,"7/S BELIAGHATA ROAD KOLKATA, BOROUGH- VII, KOLKATA  MUNICIPAL CORPORATION, Kolkata, West Bengal - 700015","7/S BELIAGHATA ROAD WARD-57, BOROUGH- VII, KOLKATA  MUNICIPAL CORPORATION, Kolkata, West Bengal - 700015",pin_700015
22820044000467,22823044000715,6,6,91.19,"6/C, MUKUNDAPUR, BOROUGH-XII, KOLKATA  MUNICIPAL CORPORATION, Kolkata, West Bengal - 700099","6/C/380  MUKUNDAPUR MAIN ROAD, BOROUGH-XII, KOLKATA  MUNICIPAL CORPORATION, Kolkata, West Bengal - 700099",pin_700099
22821036000628,22819036000473,187,187,90.91,"187,VIVEKANANDA ROAD,STALL NO-144,KOLKATA 700006,WARD-027,BR-IV, BOROUGH-IV, KOLKATA  MUNICIPAL CORPORATION, Kolkata, West Bengal - 700006","187,VIVEKANANDA ROAD,STALL NO 548A,KOLKATA 700006,WARD-027,BR-IV, BOROUGH-IV, KOLKATA  MUNICIPAL CORPORATION, Kolkata, West Bengal - 700006",pin_700006
22825041000026,22818041000097,49/5,49/5,93.6,"49/5/H/17 KARL MARX SARANI, BOROUGH- IX, KOLKATA  MUNICIPAL CORPORATION, Kolkata, West Bengal - 700023","49/5/H/189,KARL MARX SARANI, BOROUGH- IX, KOLKATA  MUNICIPAL CORPORATION, Kolkata, West Bengal - 700023",pin_700023
22825041000257,22826041000055,1,1,98.34,"1, TARATALA ROAD, HEMANTA BASU MARKET BRACE BRIDGE, STALL NO-416, WARD NO.80, BOROUGH- IX, KOLKATA  MUNICIPAL CORPORATION, Kolkata, West Bengal - 700088","1, TARATALA ROAD, HEMANTA BASU MARKET BRACE BRIDGE, STALL NO-83, WARD NO.80, BOROUGH- IX, KOLKATA  MUNICIPAL CORPORATION, Kolkata, West Bengal - 700088",pin_700088
22820040000308,12823019001068,56,56,92.61,"56 JATIN DAS ROAD KOLKATA 700029, BOROUGH- VIII, KOLKATA  MUNICIPAL CORPORATION, Kolkata, West Bengal - 700029","56 JATIN DAS ROAD KOLKATA 700029, KOLKATA  MUNICIPAL CORPORATION, Kolkata, West Bengal - 700029",pin_700029
22820036000208,22821036000646,187,187,97.44,"187,VIVEKANANDA ROAD,STALL NO-483,KOLKATA 700006,WARD-027,BR-IV, BOROUGH-IV, KOLKATA  MUNICIPAL CORPORATION, Kolkata, West Bengal - 700006","187,VIVEKANANDA ROAD,STALL NO:75,KOLKATA 700006,WARD-027,BR-IV, BOROUGH-IV, KOLKATA  MUNICIPAL CORPORATION, Kolkata, West Bengal - 700006",pin_700006
22819042000702,22821044000010,188/60/2,188/60/2,92.05,"188/60/2 Prince Anwar Shah Road, Kolkata – 700045 , BOROUGH- I, KOLKATA  MUNICIPAL CORPORATION, Kolkata, West Bengal - 700045","188/60/2 Prince Anwar Shah Road, Kolkata, BOROUGH-XII, KOLKATA  MUNICIPAL CORPORATION, Kolkata, West Bengal - 700045",pin_700045
22822041000335,22823041000317,79,79,95.69,"B/49/5/H/90, KARL MARX SARANI, WARD NO. 79, BOROUGH- IX, KOLKATA  MUNICIPAL CORPORATION, Kolkata, West Bengal - 700023","B/49/5/H/1, KARL MARX SARANI, WARD NO.79, BOROUGH- IX, KOLKATA  MUNICIPAL CORPORATION, Kolkata, West Bengal - 700023",pin_700023
22822041000245,22825041000169,1,1,90.28,"1, TARATALA ROAD, BRACE BRIDGE, HEMANTA BASU MARKET, STALL NO-42, BOROUGH- IX, KOLKATA  MUNICIPAL CORPORATION, Kolkata, West Bengal - 700088","1, TARATALA ROAD, HEMANTA BOSE MARKET BRACE BRIDGE STALL NO.74, WARD NO.80, BOROUGH- IX, KOLKATA  MUNICIPAL CORPORATION, Kolkata, West Bengal - 700088",pin_700088
22821041000353,22816019000139,7,7,91.92,"7/H/1 , CANAL ROAD, BOROUGH- IX, KOLKATA  MUNICIPAL CORPORATION, Kolkata, West Bengal - 700022","7/H/1, CANAL ROAD, WARD NO.-75, BOROUGH- IX, KOLKATA  MUNICIPAL CORPORATION, Kolkata, West Bengal - 700022",pin_700022
22820037000311,22824037000149,187,187,91.34,"187 RABINDRA SARANI GROUND FLOOR ROOM NO -28, BOROUGH- V, KOLKATA  MUNICIPAL CORPORATION, Kolkata, West Bengal - 700007","187, RABINDRA SARANI, GROUND FLOOR, ROOM NO - 13, WARD NO - 42, BOROUGH- V, KOLKATA  MUNICIPAL CORPORATION, Kolkata, West Bengal - 700007",pin_700007
22824041000350,22824041000367,49/5,49/5,93.39,"49/5/H/213, KARL MARX SARANI, KHIDDIRPORE, WARD NO.79, BOROUGH- IX, KOLKATA  MUNICIPAL CORPORATION, Kolkata, West Bengal - 700023","49/5/H/10, KARL MARX SARANI, WARD NO.79, BOROUGH- IX, KOLKATA  MUNICIPAL CORPORATION, Kolkata, West Bengal - 700023",pin_700023
22822040000373,22821040000622,33A,33A,91.63,"33A Rowland Road, BOROUGH- VIII, KOLKATA  MUNICIPAL CORPORATION, Kolkata, West Bengal - 700020","33A Rowland Road, Elgin LR Sarani, BOROUGH- VIII, KOLKATA  MUNICIPAL CORPORATION, Kolkata, West Bengal - 700020",pin_700020
22821037000141,12821019002939,77,77,93.33,"77, NETAJI SUBHAS ROAD, BOROUGH- V, KOLKATA  MUNICIPAL CORPORATION, Kolkata, West Bengal - 700001","77, NETAJI SUBHAS ROAD, KOLKATA  MUNICIPAL CORPORATION, Kolkata, West Bengal - 700001",pin_700001
12823019001674,12825019000068,9/1A,9/1A,97.49,"9/1A, MARTIN PARA, UTTAR PANCHANNAGRAM, KOLKATA  MUNICIPAL CORPORATION, Kolkata, West Bengal - 700100","9/1A MARTIN PARA UTTAR PACHANNAGRAM, , KOLKATA  MUNICIPAL CORPORATION, Kolkata, West Bengal - 700100",pin_700100
22821041000234,22824041000152,1,1,90.51,"1, TARATALA ROAD , BRACE BRIDGE, HEMANTA BASU MARKET ,STALL NO. 43 , KOLKATA -700 088, BOROUGH- IX, KOLKATA  MUNICIPAL CORPORATION, Kolkata, West Bengal - 700088","1, TARATALA ROAD, HEMANTA BASU MARKET, STALL NO. 43, BRACE BRIDGE, KOLKATA 700088, BOROUGH- IX, KOLKATA  MUNICIPAL CORPORATION, Kolkata, West Bengal - 700088",pin_700088
22825035000151,22825035000143,163/1A,163/1A,95.87,"163/1A, MANICKTALA MAIN ROAD, MD. ISMAIL MARKET, WARD NO- 31,  STALL NO- VEG- 9/78, BOROUGH- III, KOLKATA  MUNICIPAL CORPORATION, Kolkata, West Bengal - 700054","163/1A, MANICKTALA MAIN ROAD, MD. ISMAIL MARKET, WARD NO- 31,  STALL NO- VEG- 11/80, BOROUGH- III, KOLKATA  MUNICIPAL CORPORATION, Kolkata, West Bengal - 700054",pin_700054
22816019000638,12816019001884,432/1,432/1,91.82,"432/1, DIAMOND HARBOUR ROAD, WARD NO-124, BOROUGH-X III, KOLKATA  MUNICIPAL CORPORATION, Kolkata, West Bengal - 700063","432/1 , DIAMOND HARBOUR ROAD, WARD NO-124, KOLKATA  MUNICIPAL CORPORATION, Kolkata, West Bengal - 700063",pin_700063
22819038000184,22820038000056,32,32,93.97,"32, S. N. BANERJEE ROAD, WARD - 052, GROUND FLOOR, BOROUGH-VI, KOLKATA  MUNICIPAL CORPORATION, Kolkata, West Bengal - 700013","32, S. N. BANERJEE ROAD, WARD - 052, BOROUGH-VI, KOLKATA  MUNICIPAL CORPORATION, Kolkata, West Bengal - 700013",pin_700013
12822019001876,12825019002565,37A/1,37A/1,93.52,"37A/1, BARRACKPORE TRUNK ROAD, KOLKATA, WARD NO. 001, KOLKATA  MUNICIPAL CORPORATION, Kolkata, West Bengal - 700002","37A/1, BARRACKPORE TRUNK ROAD, WARD- 001, KOLKATA  MUNICIPAL CORPORATION, Kolkata, West Bengal - 700002",pin_700002
22822037000538,22822037000218,153,153,93.64,"153, BAITAKKHANA  ROAD, Ward - 49, BOROUGH- V, KOLKATA  MUNICIPAL CORPORATION, Kolkata, West Bengal - 700009","153, BAITAKKHANA ROAD, KMC WARD NO. - 49, BOROUGH- V, KOLKATA  MUNICIPAL CORPORATION, Kolkata, West Bengal - 700009",pin_700009
22821044000502,22816019001028,34,34,90.74,"34 RAJA SUBODH MALLICK ROAD, BOROUGH-XII, KOLKATA  MUNICIPAL CORPORATION, Kolkata, West Bengal - 700084","34,RAJA SUBODH MALLICK ROAD,WARD NO.101, BOROUGH-XII, KOLKATA  MUNICIPAL CORPORATION, Kolkata, West Bengal - 700084",pin_700084
22818019016781,22818019009878,187,187,96.12,"187, VIVEKANANDA ROAD, STALL NO-562A, WARD-27, KOL-6, BR-IV, BOROUGH- I, KOLKATA  MUNICIPAL CORPORATION, Kolkata, West Bengal - 700006","187, VIVEKANANDA ROAD, STALL NO-520, WARD-27, BR-IV, BOROUGH- I, KOLKATA  MUNICIPAL CORPORATION, Kolkata, West Bengal - 700006",pin_700006
22824037000173,22825037000211,166,166,92.05,"166/H/84, KESHAB CHANDRA SEN STREET, ward no 37, BOROUGH- V, KOLKATA  MUNICIPAL CORPORATION, Kolkata, West Bengal - 700009","166/H/73 KESHAB CHANDRA SEN STREET,WARD - 37, BOROUGH- V, KOLKATA  MUNICIPAL CORPORATION, Kolkata, West Bengal - 700009",pin_700009
12822019000677,12823019001983,5A,5A,99.32,"5A, Iswar Mondal Lane, China Town, Tangar, Ward No-58, Borough No-VII, Kolkata-700046, KOLKATA  MUNICIPAL CORPORATION, Kolkata, West Bengal - 700046","5A, Iswar Mondal Lane, China Town, Tangra, Ward No-58, Borough No-VII, Kolkata-700046, KOLKATA  MUNICIPAL CORPORATION, Kolkata, West Bengal - 700046",pin_700046
22822040000228,12818019004524,19A,19A,90.21,"19A, PADDAPUKUR ROAD, WARD NO-070, BOROUGH- VIII, BOROUGH- VIII, KOLKATA  MUNICIPAL CORPORATION, Kolkata, West Bengal - 700020","19A, PADDAPUKUR ROAD, WARD NO- 70, BOROUGH- VIII, KOLKATA  MUNICIPAL CORPORATION, Kolkata, West Bengal - 700020",pin_700020
22823040000052,22821040000786,180,180,92.97,"180 KALIGHAT ROAD MARKET STALL NOU/L 14 Ward No 83, BOROUGH- VIII, KOLKATA  MUNICIPAL CORPORATION, Kolkata, West Bengal - 700026","180, KALIGHAT ROAD MARKET STALL NO- 139, WARD NO- 83, BOROUGH- VIII, KOLKATA  MUNICIPAL CORPORATION, Kolkata, West Bengal - 700026",pin_700026
22821042001196,22825042000732,2/139,2/139,92.13,"2/139 BIJOY GARH, BOROUGH-X, KOLKATA  MUNICIPAL CORPORATION, Kolkata, West Bengal - 700032","2/139 BEJOYGARH , BOROUGH-X, KOLKATA  MUNICIPAL CORPORATION, Kolkata, West Bengal - 700032",pin_700032
22825035000139,22825035000188,163/1A,163/1A,93.29,"163/1A, MANICKTALA MAIN ROAD, MD. ISMAIL MARKET, WARD NO- 31,  STALL NO- VEG- 7/74, BOROUGH- III, KOLKATA  MUNICIPAL CORPORATION, Kolkata, West Bengal - 700054","163/1A, MANICKTALA MAIN ROAD, MD. ISMAIL MARKET, WARD NO- 31, STALL NO- GRO-5/39, BOROUGH- III, KOLKATA  MUNICIPAL CORPORATION, Kolkata, West Bengal - 700054",pin_700054
22820036000256,12818019005456,9/4,9/4,90.48,"9/4,BEADON STREET,STALL NO-83,KOLKATA 700006,WARD-026,BR-IV, BOROUGH-IV, KOLKATA  MUNICIPAL CORPORATION, Kolkata, West Bengal - 700006","9/4,BEADON STREET,ROOM NO-4,KOLKATA 700006,WARD-026,BR-IV, KOLKATA  MUNICIPAL CORPORATION, Kolkata, West Bengal - 700006",pin_700006
12816019002055,12821019001203,204,204,96.52,"204, MAHARSHI DEVENDRA ROAD, WARD NO.21, KOLKATA  MUNICIPAL CORPORATION, Kolkata, West Bengal - 700006","204 MAHARSHI DEBENDRA ROAD WARD NO.204, KOLKATA  MUNICIPAL CORPORATION, Kolkata, West Bengal - 700006",pin_700006
22819036000179,22821036000364,187,187,99.27,"187,VIVEKANANDA ROAD,STALL NO-130,KOLKATA 700006,WARD-027,BR-IV, BOROUGH-IV, KOLKATA  MUNICIPAL CORPORATION, Kolkata, West Bengal - 700006","187,VIVEKANANDA ROAD,STALL NO-133,KOLKATA 700006,WARD-027,BR-IV, BOROUGH-IV, KOLKATA  MUNICIPAL CORPORATION, Kolkata, West Bengal - 700006",pin_700006
22821039000540,12819019000610,31,31,92.08,"31, CHOWRINGHEE ROAD, WARD NO.63, BOROUGH- VII, KOLKATA  MUNICIPAL CORPORATION, Kolkata, West Bengal - 700016","31, CHOWRINGHEE ROAD, WARD NO-63, KOLKATA  MUNICIPAL CORPORATION, Kolkata, West Bengal - 700016",pin_700016
12825019000507,12818019002931,67/50,67/50,91.28,"67/50, STRAND ROAD, WARD NO-22, BOROUGH-IV, KOLKATA  MUNICIPAL CORPORATION, Kolkata, West Bengal - 700007","67/50
STRAND ROAD
WARD NO-021, KOLKATA  MUNICIPAL CORPORATION, Kolkata, West Bengal - 700007",pin_700007
22821040000562,22825040000234,20A,20A,93.6,"20A LAKE VIEW ROAD, BOROUGH- VIII, KOLKATA  MUNICIPAL CORPORATION, Kolkata, West Bengal - 700029","20A LAKE VIEW ROAD, Ward no 086, BOROUGH- VIII, KOLKATA  MUNICIPAL CORPORATION, Kolkata, West Bengal - 700029",pin_700029
12820019001678,12825019001640,170B,170B,91.62,"170B BAITAKKHANA ROAD, KOLKATA  MUNICIPAL CORPORATION, Kolkata, West Bengal - 700009","170B BAITHAKKHANA ROAD WARD NO-49 , KOLKATA  MUNICIPAL CORPORATION, Kolkata, West Bengal - 700009",pin_700009
22823043000102,22824043000131,7,7,91.43,"7,GARFA 4TH LANE,SANTOSHPUR,KOLKATA,WARD NO- 104, BOROUGH- XI, KOLKATA  MUNICIPAL CORPORATION, Kolkata, West Bengal - 700075","7 GARFA 4TH LANE,SANTOSHPUR,KOLKATA,WARD NO-104, BOROUGH- XI, KOLKATA  MUNICIPAL CORPORATION, Kolkata, West Bengal - 700075",pin_700075
12818019000984,12818019003519,67/47,67/47,90.81,"67/47, STRAND ROAD, KOLKATA, KOLKATA  MUNICIPAL CORPORATION, Kolkata, West Bengal - 700007","67/47, STRAND ROAD, WARD-21, KOL-7, KOLKATA  MUNICIPAL CORPORATION, Kolkata, West Bengal - 700007",pin_700007
22821036000484,22818019017466,16,16,97.46,"16,KALAKAR STREET,KOLKATA 700007,WARD-022,BR-IV, BOROUGH-IV, KOLKATA  MUNICIPAL CORPORATION, Kolkata, West Bengal - 700007","16,KALAKAR STREET,KOLKATA 700007,WARD-022, BOROUGH-IV, KOLKATA  MUNICIPAL CORPORATION, Kolkata, West Bengal - 700007",pin_700007
22825036000068,22819036000146,13B,13B,93.07,"13B DUFF STREET, WARD NO. 27, , BOROUGH-IV, KOLKATA  MUNICIPAL CORPORATION, Kolkata, West Bengal - 700006","13B, DUFF STREET,WARD-27, BOROUGH-IV, KOLKATA  MUNICIPAL CORPORATION, Kolkata, West Bengal - 700006",pin_700006
12817019001533,12820019000431,28,28,93.94,"28, MAHARSHI DEBENDRA ROAD, WARD-22, KOLKATA  MUNICIPAL CORPORATION, Kolkata, West Bengal - 700007","28, MAHARSHI DEBENDRA ROAD, WARD NO-022, KOLKATA  MUNICIPAL CORPORATION, Kolkata, West Bengal - 700007",pin_700007
22825041000293,22825041000172,1,1,95.36,"1, TARATALA ROAD, HEMANTA BASU MARKET BRACE BRIDGE, STALL NO-261, WARD NO.80, BOROUGH- IX, KOLKATA  MUNICIPAL CORPORATION, Kolkata, West Bengal - 700088","1, TARATALA ROAD, HEMANTA BOSE MARKET BRACE BRIDGE, STALL NO-117, WARD NO.80, BOROUGH- IX, KOLKATA  MUNICIPAL CORPORATION, Kolkata, West Bengal - 700088",pin_700088
22818019001658,22825041000080,79,79,95.2,"B/49/5/H/90,KARL MARX SARANI,WARD NO.79, BOROUGH- I, KOLKATA  MUNICIPAL CORPORATION, Kolkata, West Bengal - 700023","B/49/5/H/90, KARL MARX SARANI, WARD NO.79, BOROUGH- IX, KOLKATA  MUNICIPAL CORPORATION, Kolkata, West Bengal - 700023",pin_700023
22821033000598,22821033000216,67/1,67/1,95.19,"67/1 RANI HARSHAMUKHI ROAD  KOLKATA, BOROUGH- I, KOLKATA  MUNICIPAL CORPORATION, Kolkata, West Bengal - 700002","67/1 RANI HARSHAMUKHI ROAD, BOROUGH- I, KOLKATA  MUNICIPAL CORPORATION, Kolkata, West Bengal - 700002",pin_700002
22822035000138,22821035000231,6,6,93.81,"6/D, SURAH SECOND LANE,, BOROUGH- III, KOLKATA  MUNICIPAL CORPORATION, Kolkata, West Bengal - 700010","6/D, SURAH 2ND LANE, BOROUGH- III, KOLKATA  MUNICIPAL CORPORATION, Kolkata, West Bengal - 700010",pin_700010
22823042000753,22821042001218,102,102,92.37,"102 RAJA SUBODH CHANDRA MULLICK ROAD, KMC WARD NO- 100, BOROUGH-X, KOLKATA  MUNICIPAL CORPORATION, Kolkata, West Bengal - 700047","102 RAJA SUBODH CHANDRA MULLICK ROAD, BOROUGH-X, KOLKATA  MUNICIPAL CORPORATION, Kolkata, West Bengal - 700047",pin_700047
22825041000183,22825041000199,1,1,98.67,"1, TARATALA ROAD, HEMANTA BOSE MARKET BRACE BRIDGE, STALL NO-80, WARD NO.80, BOROUGH- IX, KOLKATA  MUNICIPAL CORPORATION, Kolkata, West Bengal - 700088","1, TARATALA ROAD, HEMANTA BOSE MARKET BRACE BRIDGE, STALL NO-64, WARD NO.80, BOROUGH- IX, KOLKATA  MUNICIPAL CORPORATION, Kolkata, West Bengal - 700088",pin_700088
12825019000159,12825019000467,477,477,94.51,"477 LASKARHAT , TAGORE PARK, KOLKATA  MUNICIPAL CORPORATION, Kolkata, West Bengal - 700039","477 LASKARHAT TAGORE PARK KASBA, KOLKATA  MUNICIPAL CORPORATION, Kolkata, West Bengal - 700039",pin_700039
22821036000187,22821036000190,123/1/1,123/1/1,98.38,"123/1/1,ACHARYA PRAFULLA CHANDRA ROAD,STALL NO-418,KOLKATA 700006,WARD-027,BR-IV, BOROUGH-IV, KOLKATA  MUNICIPAL CORPORATION, Kolkata, West Bengal - 700006","123/1/1,ACHARYA PRAFULLA CHANDRA ROAD, STALL NO-310,KOLKATA 700006,WARD-027,BR-IV, BOROUGH-IV, KOLKATA  MUNICIPAL CORPORATION, Kolkata, West Bengal - 700006",pin_700006
22821042001501,22825042000183,15,15,91.17,"15, NETAJI SUBHAS CHANDRA BOSE ROAD,  ROOM NO. 67, GROUND FLOOR, WD-97, BR-X, BOROUGH-X, KOLKATA  MUNICIPAL CORPORATION, Kolkata, West Bengal - 700040","15, NETAJI SUBHAS CHANDRA BOSE ROAD, GROUND FLOOR, WARD NO. 97, BOROUGH-X, KOLKATA  MUNICIPAL CORPORATION, Kolkata, West Bengal - 700040",pin_700040
22825035000152,22825035000183,163/1A,163/1A,93.29,"163/1A, MANICKTALA MAIN ROAD, MD. ISMAIL MARKET, WARD NO- 31,  STALL NO- VEG- 8/77, BOROUGH- III, KOLKATA  MUNICIPAL CORPORATION, Kolkata, West Bengal - 700054","163/1A, MANICKTALA MAIN ROAD, MD. ISMAIL MARKET, WARD NO- 31, STALL NO- CHN-1/42, BOROUGH- III, KOLKATA  MUNICIPAL CORPORATION, Kolkata, West Bengal - 700054",pin_700054
22823040000242,22824040000179,9,9,90.76,"9, BHAGABATI LANE, KALIGHAT, SHOP NO 66, WARD NO- 83, BOROUGH- VIII, KOLKATA  MUNICIPAL CORPORATION, Kolkata, West Bengal - 700026","9 BHAGABATI LANE, SHOP NO - 80, GATE NO - 3, BOROUGH- VIII, KOLKATA  MUNICIPAL CORPORATION, Kolkata, West Bengal - 700026",pin_700026
22821035000113,22822035000305,96,96,91.11,"96,MOULANA ABUL KALAM AZAD SARANI, STALL NO-82, WARD NO-31, BOROUGH- III, KOLKATA  MUNICIPAL CORPORATION, Kolkata, West Bengal - 700054","96, MOULANA ABUL KALAM AZAD SARANI, STALL NO-227, WARD NO-31, BOROUGH- III, KOLKATA  MUNICIPAL CORPORATION, Kolkata, West Bengal - 700054",pin_700054
22819041000250,22821041000857,8,8,94.12,"8, MAYURBHANJ ROAD, KOLKATA-23, WARD NO.78, BOROUGH- IX, KOLKATA  MUNICIPAL CORPORATION, Kolkata, West Bengal - 700023","8, MAURBHANJ ROAD, WARD NO.78, BOROUGH- IX, KOLKATA  MUNICIPAL CORPORATION, Kolkata, West Bengal - 700023",pin_700023
22817019003796,12816019001059,64A,64A,93.16,"64A, HEMANTA BASU SARANI, GROUND FLOOR, WARD - 46, BOROUGH-VI, KOLKATA  MUNICIPAL CORPORATION, Kolkata, West Bengal - 700001","64A, HEMANTA BASU SARANI, GROUND FLOOR, WARD- 046, KOLKATA  MUNICIPAL CORPORATION, Kolkata, West Bengal - 700001",pin_700001
22825035000149,22825035000188,163/1A,163/1A,93.59,"163/1A, MANICKTALA MAIN ROAD, MD. ISMAIL MARKET, WARD NO- 31,  STALL NO- VEG-2/69, BOROUGH- III, KOLKATA  MUNICIPAL CORPORATION, Kolkata, West Bengal - 700054","163/1A, MANICKTALA MAIN ROAD, MD. ISMAIL MARKET, WARD NO- 31, STALL NO- GRO-5/39, BOROUGH- III, KOLKATA  MUNICIPAL CORPORATION, Kolkata, West Bengal - 700054",pin_700054
22819037000112,12820019001682,6,6,90.82,"6,BAITHAKKHANA 2ND LANE,_x000d_
WARD-49, BOROUGH- V, KOLKATA  MUNICIPAL CORPORATION, Kolkata, West Bengal - 700009","6,BAITHAKKHANA 2ND LANE, WARD-49, KOLKATA  MUNICIPAL CORPORATION, Kolkata, West Bengal - 700009",pin_700009
22825041000179,22826041000005,1,1,95.65,"1, TARATALA ROAD, HEMANTA BOSE MARKET BRACE BRIDGE, STALL NO-194, WARD NO.80, BOROUGH- IX, KOLKATA  MUNICIPAL CORPORATION, Kolkata, West Bengal - 700088","1, TARATALA ROAD, HEMANTA BASU MARKET BRACE BRIDGE, STALL NO-, WARD NO.80, BOROUGH- IX, KOLKATA  MUNICIPAL CORPORATION, Kolkata, West Bengal - 700088",pin_700088
22820036000256,12820019000399,9/4,9/4,93.75,"9/4,BEADON STREET,STALL NO-83,KOLKATA 700006,WARD-026,BR-IV, BOROUGH-IV, KOLKATA  MUNICIPAL CORPORATION, Kolkata, West Bengal - 700006","9/4,BEADON STREET,STALL NO-19/3,KOLKATA 700006,WARD-026,BR-IV, KOLKATA  MUNICIPAL CORPORATION, Kolkata, West Bengal - 700006",pin_700006
22823042000363,22823042000599,78/1,78/1,93.94,"78/1 N.S.C BOSE ROAD, BOROUGH-X, KOLKATA  MUNICIPAL CORPORATION, Kolkata, West Bengal - 700040","78/1 N.S.C BOSE ROAD,WARD NO-097, BOROUGH-X, KOLKATA  MUNICIPAL CORPORATION, Kolkata, West Bengal - 700040",pin_700040
22818036000196,22818036000202,187,187,92.62,"187 VIVEKANANDA ROAD, STALL NO- 36, WARD- 27_x000d_
, BOROUGH-IV, KOLKATA  MUNICIPAL CORPORATION, Kolkata, West Bengal - 700006","187 VIVEKANANDA ROAD STALL NO- 165, WARD- 27, BOROUGH-IV, KOLKATA  MUNICIPAL CORPORATION, Kolkata, West Bengal - 700006",pin_700006
22821041000854,22822041000559,1,1,95.21,"1, TARATALA ROAD ,  HEMANTA BASU MARKET BRACE BRIDGE , STALL NO.127, KOLKATA 700088, BOROUGH- IX, KOLKATA  MUNICIPAL CORPORATION, Kolkata, West Bengal - 700088","1, TARATALA ROAD, HEMANTA BASU MARKET, BRACE BRIDGE, STALL NO. 127 KOLKATA  700088, BOROUGH- IX, KOLKATA  MUNICIPAL CORPORATION, Kolkata, West Bengal - 700088",pin_700088
12824019000773,12823019001667,156,156,95.24,"156 ACHARYYA JAGADISH BOSE ROAD, ENTALLY MARKET, STALL NO.S.B.(P) 16A, GROUND FLOOR,WARD NO. 054, BOROUGH VI, KOLKATA  MUNICIPAL CORPORATION, Kolkata, West Bengal - 700014","156 ACHARYYA JAGADISH BOSE ROAD, ENTALLY MARKET, STALL NO CH P 29, GROUND FLOOR,WARD NO. 054, BOROUGH VI, KOLKATA  MUNICIPAL CORPORATION, Kolkata, West Bengal - 700014",pin_700014
22821039000195,22823039000316,1A/1A,1A/1A,91.28,"1A/1A SIL LANE, BOROUGH- VII, KOLKATA  MUNICIPAL CORPORATION, Kolkata, West Bengal - 700015","1A/1A SIL LANE , WARD NO.-056, BOROUGH- VII, KOLKATA  MUNICIPAL CORPORATION, Kolkata, West Bengal - 700015",pin_700015
22821036000035,22821036000151,123,123,91.39,"123,ACHARYA PRAFULLA CHANDRA ROAD,STALL NO 284,KOLKATA 700006,WARD-027,BR-IV, BOROUGH-IV, KOLKATA  MUNICIPAL CORPORATION, Kolkata, West Bengal - 700006","123,ACHARYA PRAFULLA CHANDRA ROAD, STALL NO-224, KOLKATA 700006,WARD-027,BR-IV, BOROUGH-IV, KOLKATA  MUNICIPAL CORPORATION, Kolkata, West Bengal - 700006",pin_700006
22820036000268,22822036000034,187,187,91.51,"187,VIVEKANANDA ROAD,STALL NO-152,KOLKATA 700006,WARD-027,BR-IV, BOROUGH-IV, KOLKATA  MUNICIPAL CORPORATION, Kolkata, West Bengal - 700006","187,VIVEKANANDA ROAD,STALL-515,KOLKATA 700006,WARD-027,BR-IV, BOROUGH-IV, KOLKATA  MUNICIPAL CORPORATION, Kolkata, West Bengal - 700006",pin_700006
22825041000169,22825041000179,1,1,98.0,"1, TARATALA ROAD, HEMANTA BOSE MARKET BRACE BRIDGE STALL NO.74, WARD NO.80, BOROUGH- IX, KOLKATA  MUNICIPAL CORPORATION, Kolkata, West Bengal - 700088","1, TARATALA ROAD, HEMANTA BOSE MARKET BRACE BRIDGE, STALL NO-194, WARD NO.80, BOROUGH- IX, KOLKATA  MUNICIPAL CORPORATION, Kolkata, West Bengal - 700088",pin_700088
22822037000547,22822037000381,10,10,93.72,"10 KIRAN SHANKAR ROY ROAD, BOROUGH- V, KOLKATA  MUNICIPAL CORPORATION, Kolkata, West Bengal - 700001","10, KIRON SANKAR ROY ROAD, WARD-45, BOROUGH- V, KOLKATA  MUNICIPAL CORPORATION, Kolkata, West Bengal - 700001",pin_700001
22825036000102,22823035000100,3D,3D,90.75,"3D/H/11 DR. M. N. CHATTERJEE SARANI KOLKATA, BOROUGH-IV, KOLKATA  MUNICIPAL CORPORATION, Kolkata, West Bengal - 700009","3D/H/7, DR M. N. CHATTERJEE SARANI, BOROUGH- III, KOLKATA  MUNICIPAL CORPORATION, Kolkata, West Bengal - 700009",pin_700009
22822033000455,22825033000232,540,540,92.08,"540 RABINDRA SARANI, KMC WARD NO 08, BOROUGH- I, KOLKATA  MUNICIPAL CORPORATION, Kolkata, West Bengal - 700003","540 RABINDRA SARANI, BOROUGH- I, KOLKATA  MUNICIPAL CORPORATION, Kolkata, West Bengal - 700003",pin_700003
22822042000684,22826042000059,74/10/147,74/10/147,92.78,"74/10/147, SRI RAM THAKUR ROAD, FORMERLY J.C.ROAD, KMC WARD NO - 096, BOROUGH-X, KOLKATA  MUNICIPAL CORPORATION, Kolkata, West Bengal - 700092","74/10/147 SRI RAM THAKUR ROAD - FORMERLY J.C.ROAD, BOROUGH-X, KOLKATA  MUNICIPAL CORPORATION, Kolkata, West Bengal - 700092",pin_700092
22820037000319,22822037000182,65/2,65/2,93.07,"65/2 SURYA SEN STREET WARD NO-40, BOROUGH- V, KOLKATA  MUNICIPAL CORPORATION, Kolkata, West Bengal - 700009","65/2 SURYA SEN STREET , BOROUGH- V, KOLKATA  MUNICIPAL CORPORATION, Kolkata, West Bengal - 700009",pin_700009
12825019000843,12825019002336,45/1B,45/1B,99.21,"45/1B, SHAMSUL HUDA ROAD, GROUND FLOOR, P.S- KARAYA, WARD NO.-065, KOLKATA  MUNICIPAL CORPORATION, Kolkata, West Bengal - 700017","45/1B, SHAMSUL HUDA ROAD, GROUND FLOOR, P.S- KARAYA, WARD NO-65, KOLKATA  MUNICIPAL CORPORATION, Kolkata, West Bengal - 700017",pin_700017
12822019001194,12823019001419,85,85,92.86,"85, ROY BAHADUR ROAD(MAIL- 204/A, ROY BAHADUR ROAD), WARD NO-116, KOLKATA  MUNICIPAL CORPORATION, Kolkata, West Bengal - 700053","85, ROY BAHADUR ROAD(MAIL-204/A, ROY BAHADUR ROAD), WARD NO- 116, KOLKATA  MUNICIPAL CORPORATION, Kolkata, West Bengal - 700053",pin_700053
22824042000069,12819019002611,42/2,42/2,94.42,"42/2, NETAJI SUBHAS CHANDRA BOSE ROAD, WARD NO-95, BOROUGH-X, KOLKATA  MUNICIPAL CORPORATION, Kolkata, West Bengal - 700040","42/2, NETAJI SUBHAS CHANDRA BOSE ROAD, WARD NO-97, KOLKATA  MUNICIPAL CORPORATION, Kolkata, West Bengal - 700040",pin_700040
12821019001242,12822019001675,16,16,91.4,"16 BAITAKKHANA ROAD, WARD-49, KOLKATA  MUNICIPAL CORPORATION, Kolkata, West Bengal - 700009","16 BAITAKKHANA ROAD KCM WARD NO-49, KOLKATA  MUNICIPAL CORPORATION, Kolkata, West Bengal - 700009",pin_700009
22821041000753,22825041000257,1,1,91.99,"1 TARA TALA ROAD HAMANTA BASU MARKET BRACE BRIDGE STALL NO-45, BOROUGH- IX, KOLKATA  MUNICIPAL CORPORATION, Kolkata, West Bengal - 700088","1, TARATALA ROAD, HEMANTA BASU MARKET BRACE BRIDGE, STALL NO-416, WARD NO.80, BOROUGH- IX, KOLKATA  MUNICIPAL CORPORATION, Kolkata, West Bengal - 700088",pin_700088
22821036000187,12822019001110,123/1/1,123/1/1,90.61,"123/1/1,ACHARYA PRAFULLA CHANDRA ROAD,STALL NO-418,KOLKATA 700006,WARD-027,BR-IV, BOROUGH-IV, KOLKATA  MUNICIPAL CORPORATION, Kolkata, West Bengal - 700006","123/1/1,ACHARYA PRAFULLA CHANDRA ROAD,GROUND FLOOR STALL NO-443,KOLKATA 700006,WARD-027,BR-IV, KOLKATA  MUNICIPAL CORPORATION, Kolkata, West Bengal - 700006",pin_700006
22825035000162,22825035000184,163/1A,163/1A,94.87,"163/1A, MANICKTALA MAIN ROAD, MD. ISMAIL MARKET, WARD NO- 31,  STALL NO- FD- 5/09, BOROUGH- III, KOLKATA  MUNICIPAL CORPORATION, Kolkata, West Bengal - 700054","163/1A, MANICKTALA MAIN ROAD, MD. ISMAIL MARKET, WARD NO- 31, STALL NO- GRO-4/38, BOROUGH- III, KOLKATA  MUNICIPAL CORPORATION, Kolkata, West Bengal - 700054",pin_700054
22821033000432,22821036000413,1,1,96.88,"1 jogendra kaviraj row, BOROUGH- I, KOLKATA  MUNICIPAL CORPORATION, Kolkata, West Bengal - 700007","1 jogendra kaviraj row, BOROUGH-IV, KOLKATA  MUNICIPAL CORPORATION, Kolkata, West Bengal - 700007",pin_700007
12817019001295,12824019000090,1,1,95.19,"1/J/3, PICNIC GARDEN THIRD LANE, WARD NO-66, KOLKATA  MUNICIPAL CORPORATION, Kolkata, West Bengal - 700039","1/J/3, PICNIC GARDEN 3RD LANE, WARD NO-66, KOLKATA  MUNICIPAL CORPORATION, Kolkata, West Bengal - 700039",pin_700039
22822041000335,22818019006538,79,79,90.91,"B/49/5/H/90, KARL MARX SARANI, WARD NO. 79, BOROUGH- IX, KOLKATA  MUNICIPAL CORPORATION, Kolkata, West Bengal - 700023","B/49/5/H/47,KARL MARX SARANI,WARD NO.79, BOROUGH- IX, KOLKATA  MUNICIPAL CORPORATION, Kolkata, West Bengal - 700023",pin_700023
22822040000047,12820019001050,13/6B,13/6B,91.4,"13/6B ANIL MAITRA ROAD, WARD NO. 068, BOROUGH- VIII, KOLKATA  MUNICIPAL CORPORATION, Kolkata, West Bengal - 700019","13/6B, ANIL MOITRA ROAD, WARD NO- 68, BR- VIII, KOLKATA  MUNICIPAL CORPORATION, Kolkata, West Bengal - 700019",pin_700019
12824019001251,12824019001661,21K,21K,93.88,"21K, GORA CHAND ROAD, KOLKATA 700014, WARD 064 BR VII, KOLKATA  MUNICIPAL CORPORATION, Kolkata, West Bengal - 700014","21K, GORA CHAND ROAD, GROUND FLOOR, KOLKATA 700014, WARD 064, BR VII, KOLKATA  MUNICIPAL CORPORATION, Kolkata, West Bengal - 700014",pin_700014
22822035000621,22823035000011,1/2A/1A,1/2A/1A,97.1,"1/2A/1A, RAM KRISHNA NASKAR LANE, WARD NO-33, BOROUGH- III, KOLKATA  MUNICIPAL CORPORATION, Kolkata, West Bengal - 700010","1/2A/1A, RAM KRISHNA NASKAR LANE, WARD NO- 33, BOROUGH- III, KOLKATA  MUNICIPAL CORPORATION, Kolkata, West Bengal - 700010",pin_700010
12822019000210,12817019003150,231,231,90.53,"231 MAHRSHI DEBENDRA ROAD , KOLKATA  MUNICIPAL CORPORATION, Kolkata, West Bengal - 700007","231, MAHARSHI DEBENDRA ROAD, WARD NO. 22, KOLKATA  MUNICIPAL CORPORATION, Kolkata, West Bengal - 700007",pin_700007
22822041000204,22824041000350,49/5,49/5,90.98,"49/5/H/68, KARLMAX SARANI, KHIDDIRPORE, WARD NO- 79,, BOROUGH- IX, KOLKATA  MUNICIPAL CORPORATION, Kolkata, West Bengal - 700023","49/5/H/213, KARL MARX SARANI, KHIDDIRPORE, WARD NO.79, BOROUGH- IX, KOLKATA  MUNICIPAL CORPORATION, Kolkata, West Bengal - 700023",pin_700023
22822038000493,22821038000701,46C,46C,93.46,"46C RAFI AHMED KIDWAI ROAD, BOROUGH-VI, KOLKATA  MUNICIPAL CORPORATION, Kolkata, West Bengal - 700016","46C RAFI AHMED KIDWAI ROAD, KMC WARD-061, BOROUGH-VI, KOLKATA  MUNICIPAL CORPORATION, Kolkata, West Bengal - 700016",pin_700016
22825041000314,22825041000174,1,1,91.99,"1, TARATALA ROAD, HEMANTA BASU MARKET BRACE BRIDGE, WARD NO.80, BOROUGH- IX, KOLKATA  MUNICIPAL CORPORATION, Kolkata, West Bengal - 700088","1, TARATALA ROAD, HEMANTA BOSE MARKET BRACE BRIDGE, STALL NO-30, WARD NO.80, BOROUGH- IX, KOLKATA  MUNICIPAL CORPORATION, Kolkata, West Bengal - 700088",pin_700088
22825041000324,22826041000055,1,1,99.0,"1, TARATALA ROAD, HEMANTA BASU MARKET BRACE BRIDGE, STALL NO-135, WARD NO.80, BOROUGH- IX, KOLKATA  MUNICIPAL CORPORATION, Kolkata, West Bengal - 700088","1, TARATALA ROAD, HEMANTA BASU MARKET BRACE BRIDGE, STALL NO-83, WARD NO.80, BOROUGH- IX, KOLKATA  MUNICIPAL CORPORATION, Kolkata, West Bengal - 700088",pin_700088
22821036000440,22823036000049,161,161,92.31,"161, NETAJI SUBHAS ROAD, WARD NO-022, BOROUGH-IV, KOLKATA  MUNICIPAL CORPORATION, Kolkata, West Bengal - 700007","161, NETAJI SUBHAS ROAD, GROUND FLOOR, WARD No.022, BOROUGH-IV, KOLKATA  MUNICIPAL CORPORATION, Kolkata, West Bengal - 700007",pin_700007
22825041000169,22825041000263,1,1,94.98,"1, TARATALA ROAD, HEMANTA BOSE MARKET BRACE BRIDGE STALL NO.74, WARD NO.80, BOROUGH- IX, KOLKATA  MUNICIPAL CORPORATION, Kolkata, West Bengal - 700088","1, TARATALA ROAD, HEMANTA BASU MARKET BRACE BRIDGE, STALL NO-70, WARD NO.80, BOROUGH- IX, KOLKATA  MUNICIPAL CORPORATION, Kolkata, West Bengal - 700088",pin_700088
22820041000039,22821041000244,108A,108A,93.33,"108A, ASHUTOSH MUKHERJEE ROAD, KOLKATA-25, WARD NO.71, BOROUGH- IX, KOLKATA  MUNICIPAL CORPORATION, Kolkata, West Bengal - 700025","108A ASHUTOSH MUKHERJEE ROAD,WARD-71, KOLKATA-700025, BOROUGH- IX, KOLKATA  MUNICIPAL CORPORATION, Kolkata, West Bengal - 700025",pin_700025
22821036000230,22821036000152,123,123,91.75,"123,ACHARYA PRAFULLA CHANDRA ROAD, STALL NO 227,KOLKATA 700006,WARD-027,BR-IV, BOROUGH-IV, KOLKATA  MUNICIPAL CORPORATION, Kolkata, West Bengal - 700006","123,ACHARYA PRAFULLA CHANDRA ROAD, STALL NO-225, KOLKATA 700006,WARD-027,BR-IV, BOROUGH-IV, KOLKATA  MUNICIPAL CORPORATION, Kolkata, West Bengal - 700006",pin_700006
12820019000848,12823019000409,55,55,93.82,"55, BIPLABI RASH BEHARI BASU ROAD 2ND FLOOR BLOCK-G ROOM NO-6 WARD NO -45, KOLKATA  MUNICIPAL CORPORATION, Kolkata, West Bengal - 700001","55, BIPLABI RASH BEHARI BASU ROAD, 2ND FLOOR, BLOCK-F, ROOM NO-06, WARD NO-045, KOLKATA  MUNICIPAL CORPORATION, Kolkata, West Bengal - 700001",pin_700001
22825041000264,22825041000294,1,1,98.68,"1, TARATALA ROAD, HEMANTA BASU MARKET BRACE BRIDGE, STALL NO-238, WARD NO.80, BOROUGH- IX, KOLKATA  MUNICIPAL CORPORATION, Kolkata, West Bengal - 700088","1, TARATALA ROAD, HEMANTA BASU MARKET BRACE BRIDGE, STALL NO-315, WARD NO.80, BOROUGH- IX, KOLKATA  MUNICIPAL CORPORATION, Kolkata, West Bengal - 700088",pin_700088
22822038000007,22824038000259,23,23,91.06,"23 CHITTARANJAN AVENUE, WARD NO-46,  KOLKATA- 700072 , BOROUGH-VI, KOLKATA  MUNICIPAL CORPORATION, Kolkata, West Bengal - 700072","23, CHITTARANJAN AVENUE, WARD NO.46, BOROUGH-VI, KOLKATA  MUNICIPAL CORPORATION, Kolkata, West Bengal - 700072",pin_700072
22818048000146,22819048000127,590,590,94.27,"590, KAILASH GHOSH ROAD MAIL: 43/B KAILASH GHOSH ROAD KOLKATA 700008 WARD 123 BR XVI, BOROUGH-XVI, KOLKATA  MUNICIPAL CORPORATION, Kolkata, West Bengal - 700008","590, KAILASH GHOSH ROAD, MAIL- 37/1, KAILASH GHOSH ROAD, KOLKATA 700008 WARD 123, BOROUGH-XVI, KOLKATA  MUNICIPAL CORPORATION, Kolkata, West Bengal - 700008",pin_700008
22821033000441,22824033000288,2/1,2/1,93.72,"2/1/H 24, RUSTAMJI PARSI ROAD, BOROUGH- I, KOLKATA  MUNICIPAL CORPORATION, Kolkata, West Bengal - 700002","2/1/H/13 RUSTAMJEE PARSEE ROAD, BOROUGH- I, KOLKATA  MUNICIPAL CORPORATION, Kolkata, West Bengal - 700002",pin_700002
22825041000173,22823041000216,1,1,95.71,"1, TARATALA ROAD, HEMANTA BOSE MARKET BRACE BRIDGE, STALL NO-44, WARD NO.80, BOROUGH- IX, KOLKATA  MUNICIPAL CORPORATION, Kolkata, West Bengal - 700088","1, TARATALA ROAD, HEMANTA BOSE MARKET, BRACE BRIDGE, STALL NO-304, WARD NO- 80, BOROUGH- IX, KOLKATA  MUNICIPAL CORPORATION, Kolkata, West Bengal - 700088",pin_700088
22821041000671,22824041000120,49/5,49/5,98.04,"49/5/H/117 KARL MARX SARANI, BOROUGH- IX, KOLKATA  MUNICIPAL CORPORATION, Kolkata, West Bengal - 700023","49/5/H/1D, KARL MARX SARANI, BOROUGH- IX, KOLKATA  MUNICIPAL CORPORATION, Kolkata, West Bengal - 700023",pin_700023
22823041000402,22820041000282,49/5,49/5,90.83,"49/5/H/189, KARL MARX SARANI, WARD NO.79, BOROUGH- IX, KOLKATA  MUNICIPAL CORPORATION, Kolkata, West Bengal - 700023","49/5/H/53/3 KARL MARX SARANI, BOROUGH- IX, KOLKATA  MUNICIPAL CORPORATION, Kolkata, West Bengal - 700023",pin_700023
22822041000287,22823041000458,78,78,97.32,"B/4/2/H/1, MOMINPORE ROAD, WARD NO.78, BOROUGH- IX, KOLKATA  MUNICIPAL CORPORATION, Kolkata, West Bengal - 700023","B/8/3/H/5, MOMINPORE ROAD, WARD NO.78, BOROUGH- IX, KOLKATA  MUNICIPAL CORPORATION, Kolkata, West Bengal - 700023",pin_700023
22824040000188,22823040000189,65/1,65/1,92.42,"65/1, SARAT BOSE ROAD, WARD NO 72, LANDOWN MARKET, BOROUGH- VIII, KOLKATA  MUNICIPAL CORPORATION, Kolkata, West Bengal - 700025","65/1, SARAT BOSE ROAD, LANSDOWNE KMC MARKET,KMC WARD NO - 072, BOROUGH- VIII, KOLKATA  MUNICIPAL CORPORATION, Kolkata, West Bengal - 700025",pin_700025
22818019014876,22823039000317,30,30,91.24,"30, SRIDHAR ROY ROAD, WD-66, BR-VII, BOROUGH- VII, KOLKATA  MUNICIPAL CORPORATION, Kolkata, West Bengal - 700039","30 SRIDHAR ROY ROAD, WARD - 66, BOROUGH- VII, KOLKATA  MUNICIPAL CORPORATION, Kolkata, West Bengal - 700039",pin_700039
12821019002853,12823019000041,326,326,91.37,"326 M.G. ROAD, PABITRA MEGA MALL, KOLKATA  MUNICIPAL CORPORATION, Kolkata, West Bengal - 700104","326 MAHATMA GANDHI ROAD PABITRA MEGA MALL, KOLKATA  MUNICIPAL CORPORATION, Kolkata, West Bengal - 700104",pin_700104
22819045000271,22826045000059,127/1,127/1,94.06,"127/1, MAHATMA GANDHI ROAD, WARD NO-115, BOROUGH-X III, KOLKATA  MUNICIPAL CORPORATION, Kolkata, West Bengal - 700082","127/1, MAHATMA GANDHI ROAD, BOROUGH-X III, KOLKATA  MUNICIPAL CORPORATION, Kolkata, West Bengal - 700082",pin_700082
22822033000174,22822033000343,15G,15G,96.3,"15G, PAIKPARA RAJA MANINDRA ROAD, WARD- 004, KOLKATA, BOROUGH- I, KOLKATA  MUNICIPAL CORPORATION, Kolkata, West Bengal - 700037","15G, PAIKPARA RAJA MANINDRA ROAD, WARD- 004, BOROUGH- I, KOLKATA  MUNICIPAL CORPORATION, Kolkata, West Bengal - 700037",pin_700037
22822034000471,22822034000060,76/1A,76/1A,92.7,"76/1A BIDHAN SARANI, UNDER K. M. C. WARD NO. 016, BOROUGH-II, KOLKATA  MUNICIPAL CORPORATION, Kolkata, West Bengal - 700006","76/1A, BIDHAN SARANI, KMC WARD NO 016, BOROUGH-II, KOLKATA  MUNICIPAL CORPORATION, Kolkata, West Bengal - 700006",pin_700006
22822033000467,12823019000806,83C,83C,92.58,"83C, KSHUDIRAM BOSE SARANI,WARD NO-003, BOROUGH- I, KOLKATA  MUNICIPAL CORPORATION, Kolkata, West Bengal - 700037","83C, KSHUDIRAM BOSE SARANI, KMC WARD NO 03, BOROUGH - I, KOLKATA  MUNICIPAL CORPORATION, Kolkata, West Bengal - 700037",pin_700037
22821041000095,22824041000367,49/5,49/5,98.69,"49/5/H/212, KARL MARX SARANI, WARD NO.79, BOROUGH- IX, KOLKATA  MUNICIPAL CORPORATION, Kolkata, West Bengal - 700023","49/5/H/10, KARL MARX SARANI, WARD NO.79, BOROUGH- IX, KOLKATA  MUNICIPAL CORPORATION, Kolkata, West Bengal - 700023",pin_700023
22821036000735,22819036000473,187,187,90.18,"187,VIVEKANANDA ROAD(STALL NO-289)KOLKATA 700006,WARD-027,BR-IV, BOROUGH-IV, KOLKATA  MUNICIPAL CORPORATION, Kolkata, West Bengal - 700006","187,VIVEKANANDA ROAD,STALL NO 548A,KOLKATA 700006,WARD-027,BR-IV, BOROUGH-IV, KOLKATA  MUNICIPAL CORPORATION, Kolkata, West Bengal - 700006",pin_700006
22824048000410,22825048000464,145,145,99.08,"145 DIAMOND HARBOUR ROAD  WARD  123, BOROUGH-XVI, KOLKATA  MUNICIPAL CORPORATION, Kolkata, West Bengal - 700008","145 DIAMOND HARBOUR ROAD WARD - 123, BOROUGH-XVI, KOLKATA  MUNICIPAL CORPORATION, Kolkata, West Bengal - 700008",pin_700008
12820019001642,12823019001663,64/1/15A,64/1/15A,92.44,"64/1/15A, KSHUDIRAM BOSE SARANI, WARD- 003, KOLKATA- 700037, KOLKATA  MUNICIPAL CORPORATION, Kolkata, West Bengal - 700037","64/1/15A, KSHUDIRAM BOSE SARANI, WARD- 003, KOLKATA  MUNICIPAL CORPORATION, Kolkata, West Bengal - 700037",pin_700037
22822033000393,12821019002611,21,21,91.37,"21/H/16, DUM DUM ROAD, WARD- 004, BOROUGH- I, KOLKATA  MUNICIPAL CORPORATION, Kolkata, West Bengal - 700030","21/B, DUM DUM ROAD, WARD- 004, KOLKATA  MUNICIPAL CORPORATION, Kolkata, West Bengal - 700030",pin_700030
12822019001444,12820019002086,375,375,94.84,"375, PRINCE ANWAR SHAH ROAD, WARD NO-93, BOROUGH-X, KOLKATA  MUNICIPAL CORPORATION, Kolkata, West Bengal - 700068","375, PRINCE ANWAR SHAH ROAD, WARD NO-93, KOLKATA  MUNICIPAL CORPORATION, Kolkata, West Bengal - 700068",pin_700068
22821041000757,22825041000294,1,1,90.97,"1 TARA TALA ROAD HEMANTA BASU MARKET STALL NO 219 BRACE BRIDGE, BOROUGH- IX, KOLKATA  MUNICIPAL CORPORATION, Kolkata, West Bengal - 700088","1, TARATALA ROAD, HEMANTA BASU MARKET BRACE BRIDGE, STALL NO-315, WARD NO.80, BOROUGH- IX, KOLKATA  MUNICIPAL CORPORATION, Kolkata, West Bengal - 700088",pin_700088
22824038000023,12822019002013,156,156,93.49,"156 ACHARYYA JAGADISH BOSE ROAD, ENTALLY MARKET, STALL. NO. CH P 58, GROUND FLOOR, WARD NO. 054, BOROUGH-VI, KOLKATA  MUNICIPAL CORPORATION, Kolkata, West Bengal - 700014","156 ACHARYYA JAGADISH BOSE ROAD, ENTALLY MARKET, STALL NO CH(P) 67, GROUND FLOOR, WARD NO 054, BOROUGH - VI, KOLKATA  MUNICIPAL CORPORATION, Kolkata, West Bengal - 700014",pin_700014
22822036000223,22822036000227,187,187,99.09,"187,VIVEKANANDA ROAD,MANIKTALA BAZAR,GROUND FLOOR STALL NO-146,KOLKATA 700006,WARD-027,BR-IV, BOROUGH-IV, KOLKATA  MUNICIPAL CORPORATION, Kolkata, West Bengal - 700006","187,VIVEKANANDA ROAD,MANIKTALA BAZAR,GROUND FLOOR STALL NO-26,KOLKATA 700006,WARD-027,BR-IV, BOROUGH-IV, KOLKATA  MUNICIPAL CORPORATION, Kolkata, West Bengal - 700006",pin_700006
22820036000213,22822036000011,123/1/1,123/1/1,91.15,"123/1/1,ACHARYA PRAFULLA CHANDRA ROAD,STALL NO-357,KOLKATA 700006,WARD-027,BR-IV, BOROUGH-IV, KOLKATA  MUNICIPAL CORPORATION, Kolkata, West Bengal - 700006","123/1/1,ACHARYA PRAFULLA CHANDRA ROAD,STALL-629,KOLKATA 700006,WARD-027,BR-IV, BOROUGH-IV, KOLKATA  MUNICIPAL CORPORATION, Kolkata, West Bengal - 700006",pin_700006
22821036000621,22819036000473,187,187,97.83,"187,VIVEKANANDA ROAD,STALL NO : 44,KOLKATA 700006,WARD-027,BR-IV, BOROUGH-IV, KOLKATA  MUNICIPAL CORPORATION, Kolkata, West Bengal - 700006","187,VIVEKANANDA ROAD,STALL NO 548A,KOLKATA 700006,WARD-027,BR-IV, BOROUGH-IV, KOLKATA  MUNICIPAL CORPORATION, Kolkata, West Bengal - 700006",pin_700006
22824038000090,12821019001267,118,118,94.53,"118, SURENDRA NATH BANERJEE ROAD, GROUND FLOOR, WARD NO - 52, BOROUGH-VI, KOLKATA  MUNICIPAL CORPORATION, Kolkata, West Bengal - 700013","118 SURRENDRA NATH BANERJEE ROAD, GROUND FLOOR, WARD NO - 52, KOLKATA  MUNICIPAL CORPORATION, Kolkata, West Bengal - 700013",pin_700013
12822019001378,12823019001564,32,32,97.08,"32,MAHARANI INDIRA DEBI ROAD, MAIL:-19, MAHARANI INDIRA DEBI ROAD, WARD-129, KOLKATA  MUNICIPAL CORPORATION, Kolkata, West Bengal - 700060","32,MAHARANI INDIRA DEBI ROAD, MAIL- 19, MAHARANI INDIRA DEBI ROAD, WARD-129, KOLKATA  MUNICIPAL CORPORATION, Kolkata, West Bengal - 700060",pin_700060
22823041000283,22824041000350,49/5,49/5,97.66,"49/5/H/214, KARL MARX SARANI, KHIDDERPORE, WARD NO-79, BOROUGH- IX, KOLKATA  MUNICIPAL CORPORATION, Kolkata, West Bengal - 700023","49/5/H/213, KARL MARX SARANI, KHIDDIRPORE, WARD NO.79, BOROUGH- IX, KOLKATA  MUNICIPAL CORPORATION, Kolkata, West Bengal - 700023",pin_700023
22821035000150,22821035000259,31B,31B,91.32,"31B, HEM CHANDRA NASKAR ROAD, WARD NO-34, BOROUGH- III, KOLKATA  MUNICIPAL CORPORATION, Kolkata, West Bengal - 700010","31B,HEM CHANDRA NASKAR ROAD, BOROUGH- III, KOLKATA  MUNICIPAL CORPORATION, Kolkata, West Bengal - 700010",pin_700010
22821040000863,22824040000258,68,68,92.23,"68 PC  SORCAR SARANI, BOROUGH- VIII, KOLKATA  MUNICIPAL CORPORATION, Kolkata, West Bengal - 700019","68, P C SORCAR SARANI, WARD NO-68, BOROUGH- VIII, KOLKATA  MUNICIPAL CORPORATION, Kolkata, West Bengal - 700019",pin_700019
22821046000312,22820046000330,1,1,92.86,"1, KEDAR CHATTERJEE LANE, ROOM NO 7B, BOROUGH-XIV, KOLKATA  MUNICIPAL CORPORATION, Kolkata, West Bengal - 700034","1, KEDAR CHATTERJEE LANE, WARD NO- 130, BOROUGH-XIV, KOLKATA  MUNICIPAL CORPORATION, Kolkata, West Bengal - 700034",pin_700034
12820019001446,12817019000314,54A,54A,94.23,"54A, KALI KRISHNA TAGORE STREET,
WARD NO -23, KOLKATA  MUNICIPAL CORPORATION, Kolkata, West Bengal - 700007","54A, KALI KRISHNA TAGORE STREET, WARD-21, KOLKATA  MUNICIPAL CORPORATION, Kolkata, West Bengal - 700007",pin_700007
22820035000152,22820035000046,200A,200A,90.74,"200A, SATIN SEN SARANI,KOLKATA, BOROUGH- III, KOLKATA  MUNICIPAL CORPORATION, Kolkata, West Bengal - 700054","200A, SATIN SEN SARANI, WARD NO-31, BOROUGH- III, KOLKATA  MUNICIPAL CORPORATION, Kolkata, West Bengal - 700054",pin_700054
12822019002940,12816019002186,204,204,93.47,"204,MAHARSHI DEBENDRA ROAD,GROUND FLOOR,GATE NO-1,KOLKATA 700006,WARD-021,BR-IV, KOLKATA  MUNICIPAL CORPORATION, Kolkata, West Bengal - 700006","204,MAHARSHI DEBENDRA ROAD,GROUND FLOOR ROOM NO-12,BLOCK-E,KOLKATA 700006,WARD-021,BR-IV, KOLKATA  MUNICIPAL CORPORATION, Kolkata, West Bengal - 700006",pin_700006
22823038000180,12817019000576,11A,11A,91.24,"11A, SIDO - KANHU DAHAR, WARD 46, , BOROUGH-VI, KOLKATA  MUNICIPAL CORPORATION, Kolkata, West Bengal - 700069","11A, SIDO KANU DAHAR, WARD - 046, BOROUGH - VI , KOLKATA  MUNICIPAL CORPORATION, Kolkata, West Bengal - 700069",pin_700069
22821042000331,22821042001638,141/10,141/10,99.1,"141/10/A PRINCE GOLAM HOSSAIN SHAH RO, BOROUGH-X, KOLKATA  MUNICIPAL CORPORATION, Kolkata, West Bengal - 700032","141/10/A PRINCE GOLAM HOSSAIN SHAH ROAD, BOROUGH-X, KOLKATA  MUNICIPAL CORPORATION, Kolkata, West Bengal - 700032",pin_700032
22821045000013,22823045000099,18/1,18/1,91.26,"18/1, SOURAN ROY RD, WARD NO-120, BOROUGH-X III, KOLKATA  MUNICIPAL CORPORATION, Kolkata, West Bengal - 700034","18/1 SOURIN ROY ROAD, BOROUGH-X III, KOLKATA  MUNICIPAL CORPORATION, Kolkata, West Bengal - 700034",pin_700034
22824033000147,12817019001220,484,484,90.45,"484, RABINDRA SARANI.WARD NO-009, BOROUGH- I, KOLKATA  MUNICIPAL CORPORATION, Kolkata, West Bengal - 700005","484, RABINDRA SARANI, WARD NO.9, KOLKATA  MUNICIPAL CORPORATION, Kolkata, West Bengal - 700005",pin_700005
12823019002620,12823019002651,13,13,90.11,"13/H/46 MAURBHANJ ROAD , KOLKATA  MUNICIPAL CORPORATION, Kolkata, West Bengal - 700023","13/H/26, MAURBHANJ ROAD, WARD NO.78, KOLKATA  MUNICIPAL CORPORATION, Kolkata, West Bengal - 700023",pin_700023
22821036000190,22819036000236,123/1/1,123/1/1,90.73,"123/1/1,ACHARYA PRAFULLA CHANDRA ROAD, STALL NO-310,KOLKATA 700006,WARD-027,BR-IV, BOROUGH-IV, KOLKATA  MUNICIPAL CORPORATION, Kolkata, West Bengal - 700006","123/1/1,ACHARYA PRAFULLA CHANDRA ROAD,STALL NO 623/C/2,KOLKATA 700006,WARD-027,BR-IV, BOROUGH-IV, KOLKATA  MUNICIPAL CORPORATION, Kolkata, West Bengal - 700006",pin_700006
12821019001456,12822019002665,34,34,91.26,"34, KARL MARX SARANI, WARD NO.77, BR-IX, KOLKATA  MUNICIPAL CORPORATION, Kolkata, West Bengal - 700023","34, KARL MARX SARANI, IST FLOOR, WARD NO.77, KOLKATA  MUNICIPAL CORPORATION, Kolkata, West Bengal - 700023",pin_700023
22822036000181,22822036000263,187,187,93.65,"187, VIVEKANANDA ROAD, MANICKTALA PRIVATE MARKET, STALL NO.176, WARD NO.027, BOROUGH-IV, KOLKATA  MUNICIPAL CORPORATION, Kolkata, West Bengal - 700006","187, VIVEKANANDA ROAD, MANICKTALA PRIVATE MARKET , STALL NO 184, WARD No.027, BOROUGH-IV, KOLKATA  MUNICIPAL CORPORATION, Kolkata, West Bengal - 700006",pin_700006
22820042000568,12819019002665,35,35,91.63,"35, Dhakuria Station Road, Dhakuria, Kolkata-700031, BOROUGH-X, KOLKATA  MUNICIPAL CORPORATION, Kolkata, West Bengal - 700031","35, Dahakuria Station Road, Kolkata-700031, WARD NO 92, BOROUGH-X, KOLKATA  MUNICIPAL CORPORATION, Kolkata, West Bengal - 700031",pin_700031
22826033000013,22824033000169,96,96,90.4,"96/H/23/4, COSSIPORE ROAD, COSSIPORE, KOLKATA, WARD NO-1,, BOROUGH- I, KOLKATA  MUNICIPAL CORPORATION, Kolkata, West Bengal - 700002","96/H/26 COSSIPORE ROAD, KOLKATA, WARD NO- 1, , BOROUGH- I, KOLKATA  MUNICIPAL CORPORATION, Kolkata, West Bengal - 700002",pin_700002
22825041000228,22825041000324,1,1,98.34,"1, TARATALA ROAD, HEMANTA BASU MARKET BRACE BRIDGE, STALL NO-96, WARD NO.80, BOROUGH- IX, KOLKATA  MUNICIPAL CORPORATION, Kolkata, West Bengal - 700088","1, TARATALA ROAD, HEMANTA BASU MARKET BRACE BRIDGE, STALL NO-135, WARD NO.80, BOROUGH- IX, KOLKATA  MUNICIPAL CORPORATION, Kolkata, West Bengal - 700088",pin_700088
22821036000168,22821036000190,123/1/1,123/1/1,98.06,"123/1/1,ACHARYA PRAFULLA CHANDRA ROAD,STALL NO-423B,KOLKATA 700006,WARD-027,BR-IV, BOROUGH-IV, KOLKATA  MUNICIPAL CORPORATION, Kolkata, West Bengal - 700006","123/1/1,ACHARYA PRAFULLA CHANDRA ROAD, STALL NO-310,KOLKATA 700006,WARD-027,BR-IV, BOROUGH-IV, KOLKATA  MUNICIPAL CORPORATION, Kolkata, West Bengal - 700006",pin_700006
22823038000169,12817019001446,3A,3A,90.29,"3A, HUMAYAN PLACE, WARD 46, BOROUGH-VI, KOLKATA  MUNICIPAL CORPORATION, Kolkata, West Bengal - 700087","3A, HUMAYAN PLACE, WARD - 046, BOROUGH - VI , KOLKATA  MUNICIPAL CORPORATION, Kolkata, West Bengal - 700087",pin_700087
22825035000162,22825035000170,163/1A,163/1A,91.37,"163/1A, MANICKTALA MAIN ROAD, MD. ISMAIL MARKET, WARD NO- 31,  STALL NO- FD- 5/09, BOROUGH- III, KOLKATA  MUNICIPAL CORPORATION, Kolkata, West Bengal - 700054","163/1A, MANICKTALA MAIN ROAD, MD. ISMAIL MARKET, WARD NO-31, STALL NO- VRG- 13/82, BOROUGH- III, KOLKATA  MUNICIPAL CORPORATION, Kolkata, West Bengal - 700054",pin_700054
12821019001545,12824019000247,43,43,94.92,"43, JHEEL ROAD, WARD NO-92, KOLKATA  MUNICIPAL CORPORATION, Kolkata, West Bengal - 700075","43, JHEEL ROAD, WARD NO. 92, KOLKATA  MUNICIPAL CORPORATION, Kolkata, West Bengal - 700075",pin_700075
22823034000198,22825034000133,16,16,97.54,"B/19C/H/6 GOABAGAN STREET, UNDER KMC WARD NO. 16, BOROUGH-II, KOLKATA  MUNICIPAL CORPORATION, Kolkata, West Bengal - 700006","B/19E/H/5 GOABAGAN STREET, UNDER KMC WORD NO. 16, BOROUGH-II, KOLKATA  MUNICIPAL CORPORATION, Kolkata, West Bengal - 700006",pin_700006
12824019000729,12823019000378,37A,37A,91.7,"37A,SATIN SEN SARANI, SHOP NO-C-13,KOLKATA 700054,WARD-014,BR-III, KOLKATA  MUNICIPAL CORPORATION, Kolkata, West Bengal - 700054","37A,SATIN SEN SARANI (SHOP NO.B-6)KOLKATA 700054,WARD-014,BR-III, KOLKATA  MUNICIPAL CORPORATION, Kolkata, West Bengal - 700054",pin_700054
22822038000205,22824038000010,16,16,97.87,"Stall No 16, CH (P), Entally Market, 156, A J C Bose Road, Ward 54 , BOROUGH-VI, KOLKATA  MUNICIPAL CORPORATION, Kolkata, West Bengal - 700014","Stall No 16 CH (P), Entally Market, 156, A. J. C Bose Road, Ward 54, BOROUGH-VI, KOLKATA  MUNICIPAL CORPORATION, Kolkata, West Bengal - 700014",pin_700014
22825035000147,22825035000171,163/1A,163/1A,91.03,"163/1A, MANICKTALA MAIN ROAD, MD. ISMAIL MARKET, WARD NO- 31,  STALL NO- FRT-1/88, BOROUGH- III, KOLKATA  MUNICIPAL CORPORATION, Kolkata, West Bengal - 700054","163/1A, MANICKTALA MAIN ROAD, MD. ISMAIL MARKET, WARD NO-31, STALL NO- VRG- 1/68, BOROUGH- III, KOLKATA  MUNICIPAL CORPORATION, Kolkata, West Bengal - 700054",pin_700054
22825041000324,22826041000005,1,1,99.0,"1, TARATALA ROAD, HEMANTA BASU MARKET BRACE BRIDGE, STALL NO-135, WARD NO.80, BOROUGH- IX, KOLKATA  MUNICIPAL CORPORATION, Kolkata, West Bengal - 700088","1, TARATALA ROAD, HEMANTA BASU MARKET BRACE BRIDGE, STALL NO-, WARD NO.80, BOROUGH- IX, KOLKATA  MUNICIPAL CORPORATION, Kolkata, West Bengal - 700088",pin_700088
22823037000206,22825037000220,33,33,92.52,"33 COLLEGE STREET, WARD - 48, BOROUGH- V, KOLKATA  MUNICIPAL CORPORATION, Kolkata, West Bengal - 700012","33, COLLEGE STREET, KMC WARD NO. - 048, BOROUGH- V, KOLKATA  MUNICIPAL CORPORATION, Kolkata, West Bengal - 700012",pin_700012
22824033000239,12817019002121,47A,47A,92.89,"47A, BARRACKPORE TRUNK ROAD, UNDER KMC WARD NO. 01, BOROUGH- I, KOLKATA  MUNICIPAL CORPORATION, Kolkata, West Bengal - 700050","47A, BARRACKPORE TRUNK ROAD, WARD NO. 001, BOROUGH-I., KOLKATA  MUNICIPAL CORPORATION, Kolkata, West Bengal - 700050",pin_700050
22825035000139,22825035000186,163/1A,163/1A,93.29,"163/1A, MANICKTALA MAIN ROAD, MD. ISMAIL MARKET, WARD NO- 31,  STALL NO- VEG- 7/74, BOROUGH- III, KOLKATA  MUNICIPAL CORPORATION, Kolkata, West Bengal - 700054","163/1A, MANICKTALA MAIN ROAD, MD. ISMAIL MARKET, WARD NO- 31, STALL NO- WL S1/32, BOROUGH- III, KOLKATA  MUNICIPAL CORPORATION, Kolkata, West Bengal - 700054",pin_700054
22823040000154,22823040000149,65/1,65/1,98.26,"65/1, SARAT BOSE ROAD, LANSDOWN MARKET, STALL NO- B/16, WARD NO- 72, BOROUGH- VIII, KOLKATA  MUNICIPAL CORPORATION, Kolkata, West Bengal - 700025","65/1, SARAT BOSE ROAD, STALL NO- B-11 LANSDOWN MARKET, WARD NO- 72, BOROUGH- VIII, KOLKATA  MUNICIPAL CORPORATION, Kolkata, West Bengal - 700025",pin_700025
22820036000281,22819036000449,123,123,98.67,"123,ACHARYA PRAFULLA CHANDRA ROAD,STALL NO-456,KOLKATA 700006,WARD-027,BR-IV, BOROUGH-IV, KOLKATA  MUNICIPAL CORPORATION, Kolkata, West Bengal - 700006","123,ACHARYA PRAFULLA CHANDRA ROAD,STALL NO-444,KOLKATA 700006,WARD-027,BR-IV, BOROUGH-IV, KOLKATA  MUNICIPAL CORPORATION, Kolkata, West Bengal - 700006",pin_700006
22820035000028,22822035000089,150/13,150/13,91.27,"150/13,DR.SURESH CHANDRA BANERJEE ROAD, WARD NO-34, BOROUGH- III, KOLKATA  MUNICIPAL CORPORATION, Kolkata, West Bengal - 700010","150/13 DR SURESH CHANDRA BANERJEE ROAD, WARD NO.34, BOROUGH- III, KOLKATA  MUNICIPAL CORPORATION, Kolkata, West Bengal - 700010",pin_700010
22822036000087,22822036000123,167,167,91.55,"167 NETAJI SUBHAS ROAD (GROUND FLOOR,ROOM NO-240A), KMC WARD NO 22, BOROUGH-IV, KOLKATA  MUNICIPAL CORPORATION, Kolkata, West Bengal - 700007","167 NETAJI SUBHAS ROAD, (GROUND FLOOR, ROOM NO-242/1), KMC WARD NO  022, BOROUGH-IV, KOLKATA  MUNICIPAL CORPORATION, Kolkata, West Bengal - 700007",pin_700007
12822019000153,12825019001002,43,43,92.23,"43, JHEEL ROAD, PAUL BAZAR , WARD NO. 092, KOLKATA  MUNICIPAL CORPORATION, Kolkata, West Bengal - 700075","43 JHEEL ROAD, WARD NO - 092, KOLKATA  MUNICIPAL CORPORATION, Kolkata, West Bengal - 700075",pin_700075
22823038000057,22823038000010,054,054,91.41,"ACHARYYA JAGADISH BOSE ROAD, S.B.(P) 18, ENTALLY MARKET, GROUND FLOOR, WARD NO. 054, BOROUGH-VI, KOLKATA  MUNICIPAL CORPORATION, Kolkata, West Bengal - 700014","STALL NO. CH(P) 74, ENTALLY MARKET, 156 ACHARYYA JAGADISH BOSE ROAD, GROUND FLOOR, WARD NO. 054, BOROUGH-VI, KOLKATA  MUNICIPAL CORPORATION, Kolkata, West Bengal - 700014",pin_700014
22820039000424,22822039000823,6/1,6/1,91.67,"6/1, GURIPARA ROAD, WD-057, KOLKATA-700015., BOROUGH- VII, KOLKATA  MUNICIPAL CORPORATION, Kolkata, West Bengal - 700015","6/1, GURIPARA ROAD, BR. - 057, KOLKATA-700015, BOROUGH- VII, KOLKATA  MUNICIPAL CORPORATION, Kolkata, West Bengal - 700015",pin_700015
22822035000653,22822035000365,16/1,16/1,98.01,"16/1/H/34, BIPLABI BARIN GHOSH SARANI, WARD NO-14, BOROUGH- III, KOLKATA  MUNICIPAL CORPORATION, Kolkata, West Bengal - 700067","16/1/H/34, BIPLABI BARIN GHOSH SARANI, WARD No.014, BOROUGH- III, KOLKATA  MUNICIPAL CORPORATION, Kolkata, West Bengal - 700067",pin_700067
22821033000542,22823037000112,8,8,92.02,"8 OLD POST OFFICE STREET WARD 45, BOROUGH- I, KOLKATA  MUNICIPAL CORPORATION, Kolkata, West Bengal - 700001","8, OLD POST OFFICE STREET,WARD-45, BOROUGH- V, KOLKATA  MUNICIPAL CORPORATION, Kolkata, West Bengal - 700001",pin_700001
22821038000234,22820038000056,32,32,91.63,"32, SURENDRANATH BANERJEE ROAD, WARD NO - 52, BOROUGH-VI, KOLKATA  MUNICIPAL CORPORATION, Kolkata, West Bengal - 700013","32, S. N. BANERJEE ROAD, WARD - 052, BOROUGH-VI, KOLKATA  MUNICIPAL CORPORATION, Kolkata, West Bengal - 700013",pin_700013
22819037000228,22826037000067,11,11,90.49,"11, NILRATAN SARKAR ROAD (CREEK ROW) GROUND FLOOR, BOROUGH- V, KOLKATA  MUNICIPAL CORPORATION, Kolkata, West Bengal - 700014","11 SIR NILRATAN SARKAR ROAD GROUND FLOOR ,CREEK ROW KMC WARD NO-50, BOROUGH- V, KOLKATA  MUNICIPAL CORPORATION, Kolkata, West Bengal - 700014",pin_700014
12818019004484,12816019002374,44B,44B,95.38,"44B, KALI KRISHNA TAGORE STREET, WARD-22, KOLKATA  MUNICIPAL CORPORATION, Kolkata, West Bengal - 700007","44B, KALI KRISHNA TAGORE STREET, KOLKATA  MUNICIPAL CORPORATION, Kolkata, West Bengal - 700007",pin_700007
22820036000268,22821036000646,187,187,98.17,"187,VIVEKANANDA ROAD,STALL NO-152,KOLKATA 700006,WARD-027,BR-IV, BOROUGH-IV, KOLKATA  MUNICIPAL CORPORATION, Kolkata, West Bengal - 700006","187,VIVEKANANDA ROAD,STALL NO:75,KOLKATA 700006,WARD-027,BR-IV, BOROUGH-IV, KOLKATA  MUNICIPAL CORPORATION, Kolkata, West Bengal - 700006",pin_700006
22820037000078,22821037000235,114,114,92.16,"114 RABINDRA SARANI,WARD-43, BOROUGH- V, KOLKATA  MUNICIPAL CORPORATION, Kolkata, West Bengal - 700007","114 RABINDRA SARANI,4TH FLOOR, BOROUGH- V, KOLKATA  MUNICIPAL CORPORATION, Kolkata, West Bengal - 700007",pin_700007
22823040000038,22823040000280,225C,225C,98.72,"225C ACH JAGADISH BOSE ROAD, WARD NO - 69, BOROUGH- VIII, KOLKATA  MUNICIPAL CORPORATION, Kolkata, West Bengal - 700020","225C, ACH JAGADISH BOSE ROAD, WARD NO 69, BOROUGH- VIII, KOLKATA  MUNICIPAL CORPORATION, Kolkata, West Bengal - 700020",pin_700020
22820036000267,22821036000268,9/4,9/4,98.14,"9/4,BEADON STREET,STALL NO-83/1,KOLKATA 700006,WARD-026,BR-IV, BOROUGH-IV, KOLKATA  MUNICIPAL CORPORATION, Kolkata, West Bengal - 700006","9/4,BEADON STREET,STALL NO-169,KOLKATA 700006,WARD-026,BR-IV, BOROUGH-IV, KOLKATA  MUNICIPAL CORPORATION, Kolkata, West Bengal - 700006",pin_700006
22819033000063,22821033000470,40B,40B,93.33,"40B, PRAMANICK GHAT ROAD, WARD NO. 001, BOROUGH- I, KOLKATA  MUNICIPAL CORPORATION, Kolkata, West Bengal - 700036","40B, PRAMANICK GHAT ROAD, BOROUGH- I, KOLKATA  MUNICIPAL CORPORATION, Kolkata, West Bengal - 700036",pin_700036
22825035000152,22825035000176,163/1A,163/1A,92.99,"163/1A, MANICKTALA MAIN ROAD, MD. ISMAIL MARKET, WARD NO- 31,  STALL NO- VEG- 8/77, BOROUGH- III, KOLKATA  MUNICIPAL CORPORATION, Kolkata, West Bengal - 700054","163/1A, MANICKTALA MAIN ROAD, MD. ISMAIL MARKET, WARD NO- 31, STALL NO- GRU- 2/35, BOROUGH- III, KOLKATA  MUNICIPAL CORPORATION, Kolkata, West Bengal - 700054",pin_700054
22823040000293,22824040000021,178A,178A,92.42,"178A, SARAT BOSE ROAD PS-RABINDRA SAROBAR, WARD NO-90 , BOROUGH- VIII, KOLKATA  MUNICIPAL CORPORATION, Kolkata, West Bengal - 700029","178A, SARAT BOSE ROAD, GROUND FLOOR, P.S-RABINDRA SAROBAR, WARD NO-70, BOROUGH- VIII, KOLKATA  MUNICIPAL CORPORATION, Kolkata, West Bengal - 700029",pin_700029
22820041000047,22823041000415,49/5,49/5,94.5,"49/5/H/190, KARL MARX SARANI, KOLKATA-23, BOROUGH- IX, KOLKATA  MUNICIPAL CORPORATION, Kolkata, West Bengal - 700023","49/5/H/190, KARL MARX SARANI, BOROUGH- IX, KOLKATA  MUNICIPAL CORPORATION, Kolkata, West Bengal - 700023",pin_700023
22821035000659,22826035000001,16/1/1,16/1/1,94.02,"16/1/1/H/50, BIPLABI BARIN GHOSH SARANI, WARD NO-14, BOROUGH- III, KOLKATA  MUNICIPAL CORPORATION, Kolkata, West Bengal - 700067","16/1/1/H/2, BIPLABI BARIN GHOSH SARANI, WARD  014, BOROUGH- III, KOLKATA  MUNICIPAL CORPORATION, Kolkata, West Bengal - 700067",pin_700067
22821040000672,22825040000191,104,104,92.78,"104, RASH BEHARI AVENUE, LAKE ROAD MARKET, STALL NO 01, KMC WARD NO 087, BOROUGH- VIII, KOLKATA  MUNICIPAL CORPORATION, Kolkata, West Bengal - 700029","104 RASH BEHARI AVENUE, LAKE ROAD MARKET STALL NO- 51, WARD NO- 87, BOROUGH- VIII, KOLKATA  MUNICIPAL CORPORATION, Kolkata, West Bengal - 700029",pin_700029
22820040000360,22822040000479,51/1A,51/1A,91.6,"51/1A, SATISH MUKHERJEE ROAD, KOL-26, WARD NO.84, BOROUGH- VIII, KOLKATA  MUNICIPAL CORPORATION, Kolkata, West Bengal - 700026","51/1A, SATISH MUKHERJEE ROAD WARD-84, BOROUGH- VIII, KOLKATA  MUNICIPAL CORPORATION, Kolkata, West Bengal - 700026",pin_700026
22822042000233,22822042001033,8/5,8/5,96.75,"8/5, GANESH BANERJEE LANE, DHAKURIA,  WARD NO-92, , BOROUGH-X, KOLKATA  MUNICIPAL CORPORATION, Kolkata, West Bengal - 700031","8/5, GANESH BANERJEE LANE, DHAKURIA, WARD NO.- 92, , BOROUGH-X, KOLKATA  MUNICIPAL CORPORATION, Kolkata, West Bengal - 700031",pin_700031
12822019000176,12823019000508,228,228,93.28,"228, PURBA FULBAGAN AND FULBAGAN ROAD. WARD NO 101, BOROUGH XII, KOLKATA  MUNICIPAL CORPORATION, Kolkata, West Bengal - 700086","228, PURBA FULBAGAN AND FULBAGAN ROAD. KOLKATA - 700086, WARD NO 101, BOROUGH XII, KOLKATA  MUNICIPAL CORPORATION, Kolkata, West Bengal - 700086",pin_700086
22821033000819,22822033000019,20,20,90.83,"20,PAIKPARA RAJA MANINDRA ROAD(W.NO-04), BOROUGH- I, KOLKATA  MUNICIPAL CORPORATION, Kolkata, West Bengal - 700037","20,PAIKPARA RAJA MANINDRA ROAD.WARD NO-004, BOROUGH- I, KOLKATA  MUNICIPAL CORPORATION, Kolkata, West Bengal - 700037",pin_700037
22825045000193,22825045000197,118/6,118/6,93.5,"118/6/A ROY BAHADUR ROAD BEHALA KOLKATAEHALA KOLKATA , BOROUGH-X III, KOLKATA  MUNICIPAL CORPORATION, Kolkata, West Bengal - 700034","118/6/A ROY BAHADUR ROAD BEHALA KOLKATA, BOROUGH-X III, KOLKATA  MUNICIPAL CORPORATION, Kolkata, West Bengal - 700034",pin_700034
22821040000783,22821040000786,180,180,99.22,"180, KALIGHAT ROAD MARKET STALL NO- 113, WARD NO- 83, BOROUGH- VIII, KOLKATA  MUNICIPAL CORPORATION, Kolkata, West Bengal - 700026","180, KALIGHAT ROAD MARKET STALL NO- 139, WARD NO- 83, BOROUGH- VIII, KOLKATA  MUNICIPAL CORPORATION, Kolkata, West Bengal - 700026",pin_700026
22825035000157,22825035000155,163/1A,163/1A,95.87,"163/1A, MANICKTALA MAIN ROAD, MD. ISMAIL MARKET, WARD NO- 31,  STALL NO- FIS- 6/50, BOROUGH- III, KOLKATA  MUNICIPAL CORPORATION, Kolkata, West Bengal - 700054","163/1A, MANICKTALA MAIN ROAD, MD. ISMAIL MARKET, WARD NO- 31,  STALL NO- F1S- 23/67, BOROUGH- III, KOLKATA  MUNICIPAL CORPORATION, Kolkata, West Bengal - 700054",pin_700054
12818019000630,12819019003443,144,144,90.48,"144, BIPIN BIHARI GANGULY STREET WARD NO-50, KOLKATA  MUNICIPAL CORPORATION, Kolkata, West Bengal - 700012","144 BEPIN BEHARY GANGULY STREET STALL NO-25, KOLKATA  MUNICIPAL CORPORATION, Kolkata, West Bengal - 700012",pin_700012
12821019002811,12821019003280,71,71,90.28,"71, BIPLABI RASH BEHARI BASU ROAD, GROUND FLOOR, ROOM NO - G-2, KMC WARD NO - 42, KOLKATA  MUNICIPAL CORPORATION, Kolkata, West Bengal - 700001","71, BIPLABI RASH BEHARI BASU ROAD, ROOM NO. - D118/119, 1ST FLOOR, KMC WARD NO. - 42, KOLKATA  MUNICIPAL CORPORATION, Kolkata, West Bengal - 700001",pin_700001
22822041000246,22825041000228,1,1,94.48,"1, TARATALA ROAD, BRACE BRIDGE, HEMANTA BASU MARKET, STALL NO-191, BOROUGH- IX, KOLKATA  MUNICIPAL CORPORATION, Kolkata, West Bengal - 700088","1, TARATALA ROAD, HEMANTA BASU MARKET BRACE BRIDGE, STALL NO-96, WARD NO.80, BOROUGH- IX, KOLKATA  MUNICIPAL CORPORATION, Kolkata, West Bengal - 700088",pin_700088
22823036000285,12825019002623,167,167,90.72,"167, NETAJI SUBHAS ROAD, GROUND FLOOR, ROOM NO. 5A, UNDER KMC. WARD NO. 22, , BOROUGH-IV, KOLKATA  MUNICIPAL CORPORATION, Kolkata, West Bengal - 700007","167, NETAJI SUBHAS ROAD, 1ST FLOOR, ROOM NO. 131, UNDER KMC. WARD NO. 22, BR-IV, KOLKATA  MUNICIPAL CORPORATION, Kolkata, West Bengal - 700007",pin_700007
22821040000829,22824040000017,9,9,90.57,"9, BHAGABATI LANE, WARD NO 83, BOROUGH- VIII, KOLKATA  MUNICIPAL CORPORATION, Kolkata, West Bengal - 700026","9 BHAGABATI LANE, SHOP NO. 69, BOROUGH- VIII, KOLKATA  MUNICIPAL CORPORATION, Kolkata, West Bengal - 700026",pin_700026
12825019002218,12816019000195,106,106,92.06,"106, DIAMOND HARBOUR ROAD., KOLKATA  MUNICIPAL CORPORATION, Kolkata, West Bengal - 700023","106, DIAMOND HARBOUR ROAD, WARD NO-077., KOLKATA  MUNICIPAL CORPORATION, Kolkata, West Bengal - 700023",pin_700023
22821036000013,22821036000155,123,123,91.69,"123,ACHARYA PRAFULLA CHANDRA ROAD,STALL NO-467,KOLKATA 700006,WARD-027,BR-IV, BOROUGH-IV, KOLKATA  MUNICIPAL CORPORATION, Kolkata, West Bengal - 700006","123,ACHARYA PRAFULLA CHANDRA ROAD,STALL NO 454A,KOLKATA 700006,WARD-027,BR-IV, BOROUGH-IV, KOLKATA  MUNICIPAL CORPORATION, Kolkata, West Bengal - 700006",pin_700006
22822043000212,22822043000197,142E,142E,98.25,"142E,GARFA MAIN ROAD,GARFA SHIB MANDIR BAZAR,STALL NO.-142,WARD-104, BOROUGH- XI, KOLKATA  MUNICIPAL CORPORATION, Kolkata, West Bengal - 700075","142E,GARFA MAIN ROAD,GARFA SHIB MANDIR BAZAR,STALL NO.-S-21,WARD-104, BOROUGH- XI, KOLKATA  MUNICIPAL CORPORATION, Kolkata, West Bengal - 700075",pin_700075
22820036000213,22821036000229,123/1/1,123/1/1,91.91,"123/1/1,ACHARYA PRAFULLA CHANDRA ROAD,STALL NO-357,KOLKATA 700006,WARD-027,BR-IV, BOROUGH-IV, KOLKATA  MUNICIPAL CORPORATION, Kolkata, West Bengal - 700006","123/1/1,ACHARYA PRAFULLA CHANDRA ROAD, STALL NO 374,KOLKATA 700006,WARD-027,BR-IV, BOROUGH-IV, KOLKATA  MUNICIPAL CORPORATION, Kolkata, West Bengal - 700006",pin_700006
12825019002531,12825019002530,92/1,92/1,95.34,"Unit 2, Premises  No. 92/1, Ward No. 89, Borough No. 10,  Dr. Daudar Rahman Road, KOLKATA  MUNICIPAL CORPORATION, Kolkata, West Bengal - 700033","Unit 1, Premises No. 92/1,Ward No. 89, Borough No. 10, Dr. Daudar Rahman Road, KOLKATA  MUNICIPAL CORPORATION, Kolkata, West Bengal - 700033",pin_700033
22822043000212,22822043000209,142E,142E,98.59,"142E,GARFA MAIN ROAD,GARFA SHIB MANDIR BAZAR,STALL NO.-142,WARD-104, BOROUGH- XI, KOLKATA  MUNICIPAL CORPORATION, Kolkata, West Bengal - 700075","142E,GARFA MAIN ROAD,GARFA SHIB MANDIR BAZAR,STALL NO.-119,WARD-104, BOROUGH- XI, KOLKATA  MUNICIPAL CORPORATION, Kolkata, West Bengal - 700075",pin_700075
22825035000159,22825035000175,163/1A,163/1A,93.29,"163/1A, MANICKTALA MAIN ROAD, MD. ISMAIL MARKET, WARD NO- 31,  STALL NO- FIS- 1/44, BOROUGH- III, KOLKATA  MUNICIPAL CORPORATION, Kolkata, West Bengal - 700054","163/1A, MANICKTALA MAIN ROAD, MD. ISMAIL MARKET, WARD NO- 31, STALL NO- CLD/1/30, BOROUGH- III, KOLKATA  MUNICIPAL CORPORATION, Kolkata, West Bengal - 700054",pin_700054
22825041000208,22822041000247,1,1,90.72,"1, TARATALA ROAD, HEMANTA BOSE MARKET BRACE BRIDGE, STALL NO-219, WARD NO.80, BOROUGH- IX, KOLKATA  MUNICIPAL CORPORATION, Kolkata, West Bengal - 700088","1, TARATALA ROAD, BRACE BRIDGE, HEMANTA BASU MARKET, STALL NO-142, BOROUGH- IX, KOLKATA  MUNICIPAL CORPORATION, Kolkata, West Bengal - 700088",pin_700088
22821046000495,12825019000880,14E,14E,90.48,"14E, BRAHMA SAMAJ ROAD, BEHALA, BOROUGH-XIV, KOLKATA  MUNICIPAL CORPORATION, Kolkata, West Bengal - 700034","14E BRAHMA SAMAJ ROAD WARD-130, BOROUGH-XIV, KOLKATA  MUNICIPAL CORPORATION, Kolkata, West Bengal - 700034",pin_700034
12821019000303,12818019004880,61,61,92.04,"61, KALI KRISHA  TAGORE STREET, WARD NO-022, KOLKATA  MUNICIPAL CORPORATION, Kolkata, West Bengal - 700007","61, KALI KRISHNA TAGORE STREET, WARD NO-022, KOLKATA:-700007, KOLKATA  MUNICIPAL CORPORATION, Kolkata, West Bengal - 700007",pin_700007
22822036000493,22824036000049,46/1A,46/1A,92.04,"46/1A STRAND ROAD, GROUND FLOOR, ROOM NO. - 2/3, KMC WARD NO 022 , BOROUGH-IV, KOLKATA  MUNICIPAL CORPORATION, Kolkata, West Bengal - 700007","46/1A STRAND ROAD, UNDER K. M. C. WARD NO. - 022, GROUND FLOOR, ROOM NO. 43A, BOROUGH-IV, KOLKATA  MUNICIPAL CORPORATION, Kolkata, West Bengal - 700007",pin_700007
22822036000183,22822036000182,187,187,90.84,"187 VIVEKANANDA ROAD,STALL NO-134,KOLKATA 700006,WARD-027, BOROUGH-IV, KOLKATA  MUNICIPAL CORPORATION, Kolkata, West Bengal - 700006","187 VIVEKANANDA ROAD,STALL NO 135,KOLKATA 700006,WARD-027, BOROUGH-IV, KOLKATA  MUNICIPAL CORPORATION, Kolkata, West Bengal - 700006",pin_700006
22825035000162,22825035000183,163/1A,163/1A,93.59,"163/1A, MANICKTALA MAIN ROAD, MD. ISMAIL MARKET, WARD NO- 31,  STALL NO- FD- 5/09, BOROUGH- III, KOLKATA  MUNICIPAL CORPORATION, Kolkata, West Bengal - 700054","163/1A, MANICKTALA MAIN ROAD, MD. ISMAIL MARKET, WARD NO- 31, STALL NO- CHN-1/42, BOROUGH- III, KOLKATA  MUNICIPAL CORPORATION, Kolkata, West Bengal - 700054",pin_700054
22821040000829,22823040000223,9,9,90.6,"9, BHAGABATI LANE, WARD NO 83, BOROUGH- VIII, KOLKATA  MUNICIPAL CORPORATION, Kolkata, West Bengal - 700026","9, BHAGABATI LANE, KALIGHAT, SHOP NO- 3 WARD NO- 83, BOROUGH- VIII, KOLKATA  MUNICIPAL CORPORATION, Kolkata, West Bengal - 700026",pin_700026
22821036000124,22820036000256,9/4,9/4,98.88,"9/4,BEADON STREET,STALL NO-136,KOLKATA 700006,WARD-026,BR-IV, BOROUGH-IV, KOLKATA  MUNICIPAL CORPORATION, Kolkata, West Bengal - 700006","9/4,BEADON STREET,STALL NO-83,KOLKATA 700006,WARD-026,BR-IV, BOROUGH-IV, KOLKATA  MUNICIPAL CORPORATION, Kolkata, West Bengal - 700006",pin_700006
22823041000402,22824041000350,49/5,49/5,93.0,"49/5/H/189, KARL MARX SARANI, WARD NO.79, BOROUGH- IX, KOLKATA  MUNICIPAL CORPORATION, Kolkata, West Bengal - 700023","49/5/H/213, KARL MARX SARANI, KHIDDIRPORE, WARD NO.79, BOROUGH- IX, KOLKATA  MUNICIPAL CORPORATION, Kolkata, West Bengal - 700023",pin_700023
22826039000175,22821039000302,15,15,92.13,"15/S, R.K CHATTERJEE ROAD, KASBA, KASBA, KOLKATA, WARD NO- 67, , BOROUGH- VII, KOLKATA  MUNICIPAL CORPORATION, Kolkata, West Bengal - 700042","15/S, R.K CHATTERJEE ROAD, KASBA,KASBA S.O,  KOLKATA , BOROUGH- VII, KOLKATA  MUNICIPAL CORPORATION, Kolkata, West Bengal - 700042",pin_700042
22820039000057,22822039000176,86B/1,86B/1,95.38,"86B/1 TOPSIA ROAD, BOROUGH- VII, KOLKATA  MUNICIPAL CORPORATION, Kolkata, West Bengal - 700039","86B/1 TOPSIA ROAD, KOLKATA, BOROUGH- VII, KOLKATA  MUNICIPAL CORPORATION, Kolkata, West Bengal - 700039",pin_700039
22822037000217,22825037000078,22B,22B,90.35,"22B RABINDRA SARANI,GROUND FLOOR, ROOM NO - 173,WARD- 43, BOROUGH- V, KOLKATA  MUNICIPAL CORPORATION, Kolkata, West Bengal - 700073","22B RABINDRA SARANI,GROUND FLOOR,ROOM NO- 14, WARD - 44, BOROUGH- V, KOLKATA  MUNICIPAL CORPORATION, Kolkata, West Bengal - 700073",pin_700073
22821041000675,12825019001042,50/1,50/1,93.9,"50/1/H/9, KARL MARX SARANI, WARD NO.79, BOROUGH- IX, KOLKATA  MUNICIPAL CORPORATION, Kolkata, West Bengal - 700023","50/1/H/9, KARL MARX SARANI, WARD NO.79, KOLKATA  MUNICIPAL CORPORATION, Kolkata, West Bengal - 700023",pin_700023
22824033000370,22824033000368,58/5A,58/5A,99.58,"58/5A/H/9 BARRACPORE TRUNK ROAD, WARD NO. 002, BOROUGH- I, KOLKATA  MUNICIPAL CORPORATION, Kolkata, West Bengal - 700002","58/5A/H/19 BARRACPORE TRUNK ROAD, WARD NO. 002, BOROUGH- I, KOLKATA  MUNICIPAL CORPORATION, Kolkata, West Bengal - 700002",pin_700002
22825041000245,22821041000777,1,1,92.36,"1, TARATALA ROAD, HEMANTA BASU MARKET BRACE BRIDGE, STALL NO-94, WARD NO.80, BOROUGH- IX, KOLKATA  MUNICIPAL CORPORATION, Kolkata, West Bengal - 700088","1 TARATALA ROAD BRACE BRIDGE HEMANTA BASU MARKET, STALL NO. 185, BOROUGH- IX, KOLKATA  MUNICIPAL CORPORATION, Kolkata, West Bengal - 700088",pin_700088
22821038000220,22821038000224,35A,35A,91.78,"35A, ACHARYYA JAGADISH CHANDRA BOSE ROAD, KMC WARD-61 BOROUGH VI, BOROUGH-VI, KOLKATA  MUNICIPAL CORPORATION, Kolkata, West Bengal - 700017","35A, ACHARYA JAGADISH CHANDRA BOSE ROAD, GROUND FLOOR, KMC WARD - 61, BOROUGH VI, BOROUGH-VI, KOLKATA  MUNICIPAL CORPORATION, Kolkata, West Bengal - 700017",pin_700017
22824040000188,22823040000157,65/1,65/1,94.03,"65/1, SARAT BOSE ROAD, WARD NO 72, LANDOWN MARKET, BOROUGH- VIII, KOLKATA  MUNICIPAL CORPORATION, Kolkata, West Bengal - 700025","65/1, SARAT BOSE ROAD, LANSDOWN MARKET, STALL NO C-3, WARD NO- 72, BOROUGH- VIII, KOLKATA  MUNICIPAL CORPORATION, Kolkata, West Bengal - 700025",pin_700025
22820041000056,22824041000164,78,78,93.67,"B/5/2/H/1, BHUKAILASH ROAD, KOLKATA-23, WARD NO.78, BOROUGH- IX, KOLKATA  MUNICIPAL CORPORATION, Kolkata, West Bengal - 700023","B/5/H/12, BHUKAILASH ROAD, WARD NO.78, BOROUGH- IX, KOLKATA  MUNICIPAL CORPORATION, Kolkata, West Bengal - 700023",pin_700023
22824041000120,22820041000282,49/5,49/5,96.59,"49/5/H/1D, KARL MARX SARANI, BOROUGH- IX, KOLKATA  MUNICIPAL CORPORATION, Kolkata, West Bengal - 700023","49/5/H/53/3 KARL MARX SARANI, BOROUGH- IX, KOLKATA  MUNICIPAL CORPORATION, Kolkata, West Bengal - 700023",pin_700023
12818019006042,12819019003020,89C,89C,91.08,"89C, MAULANA ABUL KALAM AZAD SARANI, KOLKATA - 700 054, KOLKATA  MUNICIPAL CORPORATION, Kolkata, West Bengal - 700054","89C, MAULANA ABUL KALAM AZAD SARANI, KOLKATA  MUNICIPAL CORPORATION, Kolkata, West Bengal - 700054",pin_700054
22823042001058,22823042000488,96,96,90.74,"C/167 BAPUJI NAGAR, WARD NO. 96, BOROUGH-X, KOLKATA  MUNICIPAL CORPORATION, Kolkata, West Bengal - 700092","G-5, BAPUJI NAGAR, WARD NO. 96, KOLKATA, BOROUGH-X, KOLKATA  MUNICIPAL CORPORATION, Kolkata, West Bengal - 700092",pin_700092
22820037000108,12820019002176,55,55,90.25,"55,BIPLABI RASH BEHARI BASU ROAD 3RD FLOOR, ROOM NO A-13 WARD NO -45, BOROUGH- V, KOLKATA  MUNICIPAL CORPORATION, Kolkata, West Bengal - 700001","55,BIPLABI RESH BEHARI BASU ROAD 2ND FLOOR BLOCK-B ROOM NO-37 WARD NO -45, KOLKATA  MUNICIPAL CORPORATION, Kolkata, West Bengal - 700001",pin_700001
22820034000140,22823034000286,3A,3A,92.45,"3A/H/10,MOHAN BAGAN LANE WARD NO.11, BOROUGH-II, KOLKATA  MUNICIPAL CORPORATION, Kolkata, West Bengal - 700004","3A,MOHANBAGAN LANE WARD NO.11, BOROUGH-II, KOLKATA  MUNICIPAL CORPORATION, Kolkata, West Bengal - 700004",pin_700004
22824044000642,22824044000309,1117,1117,99.29,"1117 MUKUNDAPUR SATABDI PARK, GROUND FLOOR, BLOCK-A, WARD NO -109, BOROUGH-XII, KOLKATA  MUNICIPAL CORPORATION, Kolkata, West Bengal - 700099","1117 MUKUNDAPUR, SATABDI PARK, GROUND FLOOR, BLOCK-A, WARD NO - 109, BOROUGH-XII, KOLKATA  MUNICIPAL CORPORATION, Kolkata, West Bengal - 700099",pin_700099
22825042000542,12824019001922,26/1,26/1,94.98,"26/1 GOBINDA BANERJEE LANE PS CHARU MARKET, BOROUGH-X, KOLKATA  MUNICIPAL CORPORATION, Kolkata, West Bengal - 700033","26/1 GOBINDA BANERJEE LANE PS CHARU MARKET, KOLKATA  MUNICIPAL CORPORATION, Kolkata, West Bengal - 700033",pin_700033
12817019002628,12823019000485,16,16,96.84,"16, BAITHAKKHANA ROAD WARD NO-49, KOLKATA  MUNICIPAL CORPORATION, Kolkata, West Bengal - 700009","16 BAITAKKHANA ROAD KMC WARD NO-49, KOLKATA  MUNICIPAL CORPORATION, Kolkata, West Bengal - 700009",pin_700009
22822042001093,22823042000904,197,197,91.92,"197 JODHPUR GARDENS , BOROUGH-X, KOLKATA  MUNICIPAL CORPORATION, Kolkata, West Bengal - 700045","197 JODHPUR GARDENS, WARD NO-093, BOROUGH-X, KOLKATA  MUNICIPAL CORPORATION, Kolkata, West Bengal - 700045",pin_700045
22820042000421,22823042000758,79,79,92.61,"79 KHANPUR, SAHID NAGAR COLONY,   KOLKATA- 700047_x000d_
WARD - 98, BOROUGH-X, KOLKATA  MUNICIPAL CORPORATION, Kolkata, West Bengal - 700047","79 KHANPUR, SAHID NAGAR COLONY, KOLKATA- 700047, BOROUGH-X, KOLKATA  MUNICIPAL CORPORATION, Kolkata, West Bengal - 700047",pin_700047
22824036000057,22820036000060,187,187,93.23,"187,VIVEKANANDA ROAD,STALL NO-45,KOLKATA 700006,WARD-027, BOROUGH-IV, KOLKATA  MUNICIPAL CORPORATION, Kolkata, West Bengal - 700006","187,VIVEKANANDA ROAD,SHOP NO-100,KOLKATA 700006,WARD-027,BR-IV, BOROUGH-IV, KOLKATA  MUNICIPAL CORPORATION, Kolkata, West Bengal - 700006",pin_700006
22820037000194,22821037000323,84A,84A,92.64,"84A BEPIN BEHARY GANGULY STREET WARD NO -48, BOROUGH- V, KOLKATA  MUNICIPAL CORPORATION, Kolkata, West Bengal - 700012","84A, SHOP 19 BEPIN BEHARY GANGULY STREET, BOROUGH- V, KOLKATA  MUNICIPAL CORPORATION, Kolkata, West Bengal - 700012",pin_700012
22822042001182,22824042000101,34,34,94.26,"SHOP NO 34 RAJA SUBODH CHANDRA MULLICK ROAD BGAHAJATIN, BOROUGH-X, KOLKATA  MUNICIPAL CORPORATION, Kolkata, West Bengal - 700092","SHOP NO 34, RAJA SUBODH CHANDRA MULLICK ROAD, BOROUGH-X, KOLKATA  MUNICIPAL CORPORATION, Kolkata, West Bengal - 700092",pin_700092
22817019000264,22822036000298,123/1/1,123/1/1,91.97,"123/1/1, ACHARYA PRAFULLA CHANDRA ROAD, STALL NO 422, WARD-27, BOROUGH-IV, KOLKATA  MUNICIPAL CORPORATION, Kolkata, West Bengal - 700006","123/1/1, ACHARYA PRAFULLA CHANDRA ROAD, STALL NO-367, WARD No.027, BOROUGH-IV, KOLKATA  MUNICIPAL CORPORATION, Kolkata, West Bengal - 700006",pin_700006
22821048000412,22824048000240,45,45,92.45,"45 DIAMOND HARBOUR ROAD, BOROUGH-XVI, KOLKATA  MUNICIPAL CORPORATION, Kolkata, West Bengal - 700008","45 DIAMOND HARBOUR ROAD, KOLKATA-700008, BOROUGH-XVI, KOLKATA  MUNICIPAL CORPORATION, Kolkata, West Bengal - 700008",pin_700008
22821039000960,22821039001352,105/1,105/1,98.01,"105/1 DR. GIRINDRA SEKHAR BOSE ROAD, KMC WARD NO-67, BOROUGH- VII, KOLKATA  MUNICIPAL CORPORATION, Kolkata, West Bengal - 700039","105/1 DR. GIRINDRA SEKHAR BOSE ROAD, WARD NO-067, BOROUGH- VII, KOLKATA  MUNICIPAL CORPORATION, Kolkata, West Bengal - 700039",pin_700039
22822036000239,22822036000235,9/4,9/4,99.39,"9/4,BEADON STREET,ANATH BABU BAZAR,GROUND FLOOR STALL NO-171,KOLKATA 700006,WARD-026,BR-IV, BOROUGH-IV, KOLKATA  MUNICIPAL CORPORATION, Kolkata, West Bengal - 700006","9/4,BEADON STREET,ANATH BABU BAZAR,GROUND FLOOR STALL NO-119,KOLKATA 700006,WARD-026,BR-IV, BOROUGH-IV, KOLKATA  MUNICIPAL CORPORATION, Kolkata, West Bengal - 700006",pin_700006
22824042000039,22823042000986,162,162,90.0,"162/C/409 LAKE GARDENS, KMC WARD NO - 093, BOROUGH-X, KOLKATA  MUNICIPAL CORPORATION, Kolkata, West Bengal - 700045","162/B/3, LAKE GARDENS, WARD NO-93, BOROUGH-X, KOLKATA  MUNICIPAL CORPORATION, Kolkata, West Bengal - 700045",pin_700045
22824041000029,22823041000004,49/5,49/5,99.13,"49/5/H/183, KARL MARX SARANI, WARD NO.79, BOROUGH- IX, KOLKATA  MUNICIPAL CORPORATION, Kolkata, West Bengal - 700023","49/5/H/187, KARL MARX SARANI, WARD NO.79, BOROUGH- IX, KOLKATA  MUNICIPAL CORPORATION, Kolkata, West Bengal - 700023",pin_700023
22820039000029,22822039000605,11,11,95.12,"11 TANGRA 2ND. LANE, WD-058_x000d_
KOLKATA-700046., BOROUGH- VII, KOLKATA  MUNICIPAL CORPORATION, Kolkata, West Bengal - 700046","11, TANGRA 2ND LANE, WD.-058, KOLKATA-700046, BOROUGH- VII, KOLKATA  MUNICIPAL CORPORATION, Kolkata, West Bengal - 700046",pin_700046
22822038000073,22818038000146,75,75,93.21,"75 SURENDRA NATH BANERJEE ROAD WARD NO-53, BOROUGH-VI, KOLKATA  MUNICIPAL CORPORATION, Kolkata, West Bengal - 700014","75, SURENDRA NATH BANERJEE ROAD , BOROUGH-VI, KOLKATA  MUNICIPAL CORPORATION, Kolkata, West Bengal - 700014",pin_700014
22822035000239,12825019000699,99B,99B,90.61,"99B DR SURESH CHANDRA BANERJEE ROAD, WARD-33, BOROUGH- III, KOLKATA  MUNICIPAL CORPORATION, Kolkata, West Bengal - 700010","99B, DR. SURESH CHANDRA BANERJEE ROAD, WARD NO- 33, BOROUGH-III, KOLKATA  MUNICIPAL CORPORATION, Kolkata, West Bengal - 700010",pin_700010
22825041000179,22826041000088,1,1,92.73,"1, TARATALA ROAD, HEMANTA BOSE MARKET BRACE BRIDGE, STALL NO-194, WARD NO.80, BOROUGH- IX, KOLKATA  MUNICIPAL CORPORATION, Kolkata, West Bengal - 700088","1, TARATALA ROAD, HEMANTA BOSE MARKET, STALL NO.348, WARD NO.80, BOROUGH- IX, KOLKATA  MUNICIPAL CORPORATION, Kolkata, West Bengal - 700088",pin_700088
22824040000188,22824040000189,65/1,65/1,99.6,"65/1, SARAT BOSE ROAD, WARD NO 72, LANDOWN MARKET, BOROUGH- VIII, KOLKATA  MUNICIPAL CORPORATION, Kolkata, West Bengal - 700025","65/1, SARAT BOSE ROAD, LANDOWN MARKET, WARD NO- 72, BOROUGH- VIII, KOLKATA  MUNICIPAL CORPORATION, Kolkata, West Bengal - 700025",pin_700025
12823019000028,12822019002523,63,63,95.04,"63, KALI KRISHNA TAGORE STREET,  UNDER KMC WARD NO. 22, BR. IV  , KOLKATA  MUNICIPAL CORPORATION, Kolkata, West Bengal - 700007","63, KALI KRISHNA TAGORE STREET, KMC WARD NO 022, BR - IV, KOLKATA  MUNICIPAL CORPORATION, Kolkata, West Bengal - 700007",pin_700007
22821047000010,22824047000163,137,137,92.18,"R-46, Garden Reach Road, KOlkata - 700 024, Ward No. 137, BOROUGH- XV, KOLKATA  MUNICIPAL CORPORATION, Kolkata, West Bengal - 700024","R-46, Garden Reach Road, Ward No. 137, BOROUGH- XV, KOLKATA  MUNICIPAL CORPORATION, Kolkata, West Bengal - 700024",pin_700024
22825035000155,22825035000169,163/1A,163/1A,93.63,"163/1A, MANICKTALA MAIN ROAD, MD. ISMAIL MARKET, WARD NO- 31,  STALL NO- F1S- 23/67, BOROUGH- III, KOLKATA  MUNICIPAL CORPORATION, Kolkata, West Bengal - 700054","163/1A, MANICKTALA MAIN ROAD, MD. ISMAIL MARKET, WARD NO-31, STALL NO- VRG- 3/70, BOROUGH- III, KOLKATA  MUNICIPAL CORPORATION, Kolkata, West Bengal - 700054",pin_700054
22822040000537,22824040000166,184A,184A,92.11,"184A, SHYAMAPROSAD MUKHER JEE ROAD WARD-88, BOROUGH- VIII, KOLKATA  MUNICIPAL CORPORATION, Kolkata, West Bengal - 700026","184A, SHAMAPROSAD MUKHERJEE ROAD, BOROUGH- VIII, KOLKATA  MUNICIPAL CORPORATION, Kolkata, West Bengal - 700026",pin_700026
12824019001704,12822019002525,167,167,94.81,"167,NETAJI SUBHAS ROAD,GROUND FLOOR  ROOM NO-159B,KOLKATA 700007,WARD-022,BR-IV, KOLKATA  MUNICIPAL CORPORATION, Kolkata, West Bengal - 700007","167,NETAJI SUBHAS ROAD,GROUND FLOOR ROOM NO-158,GATE NO-1,KOLKATA 700007,WARD-022,BR-IV, KOLKATA  MUNICIPAL CORPORATION, Kolkata, West Bengal - 700007",pin_700007
22822037000078,22825037000079,117,117,92.04,"117 ACHARYA JAGADISH CHANDRA  BOSE ROAD, BOROUGH- V, KOLKATA  MUNICIPAL CORPORATION, Kolkata, West Bengal - 700014","117 ACHARYA JAGADISH BOSE ROAD,WARD - 50, BOROUGH- V, KOLKATA  MUNICIPAL CORPORATION, Kolkata, West Bengal - 700014",pin_700014
22821034000146,22823034000086,243,243,91.85,"243/A,ACHARYA PRAFULLA CHANDRA ROAD,KOLKATA 700006,WARD-015,BR-II, BOROUGH-II, KOLKATA  MUNICIPAL CORPORATION, Kolkata, West Bengal - 700006","243 ACHARYA PRAFULLA CHANDRA ROAD,KOLKATA 700006,WARD-015, BOROUGH-II, KOLKATA  MUNICIPAL CORPORATION, Kolkata, West Bengal - 700006",pin_700006
22821036000364,22821036000603,187,187,91.24,"187,VIVEKANANDA ROAD,STALL NO-133,KOLKATA 700006,WARD-027,BR-IV, BOROUGH-IV, KOLKATA  MUNICIPAL CORPORATION, Kolkata, West Bengal - 700006","187,VIVEKANANDA ROAD,STALL NO. 31,KOLKATA 700006,WARD-027,BR-IV, BOROUGH-IV, KOLKATA  MUNICIPAL CORPORATION, Kolkata, West Bengal - 700006",pin_700006
22818048000150,22822048000322,16,16,93.6,"16 NABAPALLY 22 BIGHA, WARD-143, BOROUGH-XVI, KOLKATA  MUNICIPAL CORPORATION, Kolkata, West Bengal - 700104","16 NABAPALLY 22 BIGHA , BOROUGH-XVI, KOLKATA  MUNICIPAL CORPORATION, Kolkata, West Bengal - 700104",pin_700104
12821019001094,12824019000751,161,161,98.45,"161 NETAJI SUBHAS ROAD WARD NO-022, KOLKATA  MUNICIPAL CORPORATION, Kolkata, West Bengal - 700007","161, NETAJI SUBHAS ROAD, WARD NO-22, KOLKATA  MUNICIPAL CORPORATION, Kolkata, West Bengal - 700007",pin_700007
22821044000812,22821044000544,1,1,90.05,"1/E/7/B CHITTARANJAN COLONY, BOROUGH-XII, KOLKATA  MUNICIPAL CORPORATION, Kolkata, West Bengal - 700032","1 CHITTARANJAN COLONY WARD NO. 102, BOROUGH-XII, KOLKATA  MUNICIPAL CORPORATION, Kolkata, West Bengal - 700032",pin_700032
12823019002155,12817019001165,31,31,91.74,"31, ASHUTOSH MUKHERJEE ROAD, SHOP NO- 69, WARD NO- 70, KOLKATA  MUNICIPAL CORPORATION, Kolkata, West Bengal - 700020","31, ASHUTOSH MUKHERJEE ROAD, JADU BAZAR, SHOP NO- 102 WARD NO- 70, KOLKATA  MUNICIPAL CORPORATION, Kolkata, West Bengal - 700020",pin_700020
22822036000235,22822036000252,9/4,9/4,99.08,"9/4,BEADON STREET,ANATH BABU BAZAR,GROUND FLOOR STALL NO-119,KOLKATA 700006,WARD-026,BR-IV, BOROUGH-IV, KOLKATA  MUNICIPAL CORPORATION, Kolkata, West Bengal - 700006","9/4,BEADON STREET,ANATH BABU BAZAR,GROUND FLOOR STALL NO-39,KOLKATA 700006,WARD-026,BR-IV, BOROUGH-IV, KOLKATA  MUNICIPAL CORPORATION, Kolkata, West Bengal - 700006",pin_700006
22822034000339,22824034000124,25/1,25/1,92.75,"25/1 MASJIDBARI STREET, BOROUGH-II, KOLKATA  MUNICIPAL CORPORATION, Kolkata, West Bengal - 700006","25/1, MASJIDBARI STREET, WARD No. 018, BOROUGH-II, KOLKATA  MUNICIPAL CORPORATION, Kolkata, West Bengal - 700006",pin_700006
22821038000555,12824019000605,156,156,90.8,"156 ACHARYYA JAGADISH BOSE ROAD, ENTALLY MARKET, ST. NO. CH(P) 49, GROUND FLOOR, WARD NO. 054, BOROUGH-VI, KOLKATA  MUNICIPAL CORPORATION, Kolkata, West Bengal - 700014","156 ACHARYYA JAGADISH BOSE ROAD, ENTALLY MARKET, STALL NO. S.B.(P) 23, GROUND FLOOR, WARD NO 054, BOROUGH VI, KOLKATA  MUNICIPAL CORPORATION, Kolkata, West Bengal - 700014",pin_700014
22822038000033,22817019005081,96,96,92.31,"96 COLLIN STREET, WARD NO -62, BOROUGH-VI, KOLKATA  MUNICIPAL CORPORATION, Kolkata, West Bengal - 700016","96, COLLIN STREET, GROUND FLOOR, WARD NO. 62, BOROUGH-VI, KOLKATA  MUNICIPAL CORPORATION, Kolkata, West Bengal - 700016",pin_700016
22821036000605,22821036000698,123/1/1,123/1/1,94.19,"123/1/1, ACHARYA PRAFULLA CHANDRA ROAD,STALL NO. 476,KOLKATA 700006,WARD-027,BR-IV, BOROUGH-IV, KOLKATA  MUNICIPAL CORPORATION, Kolkata, West Bengal - 700006","123/1/1,ACHARYA PRAFULLA CHANDRA ROAD,STALL NO 246,KOLKATA 700006,WARD-027,BR-IV, BOROUGH-IV, KOLKATA  MUNICIPAL CORPORATION, Kolkata, West Bengal - 700006",pin_700006
12824019001326,12822019001854,55,55,90.0,"55, BIPLABI RASH BIHARY BASU ROAD, GROUND FLOOR, ROOM 27, BLOCK A, WARD NO-45, KOLKATA  MUNICIPAL CORPORATION, Kolkata, West Bengal - 700001","55 BIPLABI RASH BEHARY BASU ROAD GROUND FLOOR, ROOM NO.164, BL-J  KMC WARD NO-45, KOLKATA  MUNICIPAL CORPORATION, Kolkata, West Bengal - 700001",pin_700001
22821036000507,22824036000065,109,109,90.4,"109,MUKTARAM BABU STREET,KOLKATA 700007,WARD-025,BR-IV, BOROUGH-IV, KOLKATA  MUNICIPAL CORPORATION, Kolkata, West Bengal - 700007","109 MUKTARAM BABU STREET,KOLKATA 700007,WARD-025, BOROUGH-IV, KOLKATA  MUNICIPAL CORPORATION, Kolkata, West Bengal - 700007",pin_700007
22824042000366,22824042000370,61,61,97.96,"61 NO P.A.SHAH ROAD, TOLLYGUNGE KOLABAGAN K I T BAZAR SAMITI, STALL NO- 51, BOROUGH-X, KOLKATA  MUNICIPAL CORPORATION, Kolkata, West Bengal - 700033","61 NO P.A.SHAH ROAD, TOLLYGUNGE KOLABAGAN K I T BAZAR SAMITI, STALL NO -74, BOROUGH-X, KOLKATA  MUNICIPAL CORPORATION, Kolkata, West Bengal - 700033",pin_700033
22818019016781,22819036000009,187,187,92.06,"187, VIVEKANANDA ROAD, STALL NO-562A, WARD-27, KOL-6, BR-IV, BOROUGH- I, KOLKATA  MUNICIPAL CORPORATION, Kolkata, West Bengal - 700006","187, VIVEKANANDA ROAD, STALL NO-174A, WARD-27, BOROUGH-IV, KOLKATA  MUNICIPAL CORPORATION, Kolkata, West Bengal - 700006",pin_700006
22822040000550,22824040000091,206B,206B,93.56,"206B SHYAMAPROSAD MUKHERJEE ROAD, WARD NO - 88, BOROUGH- VIII, KOLKATA  MUNICIPAL CORPORATION, Kolkata, West Bengal - 700026","206B SHYAMAPROSAD MUKHERJEE ROAD , BOROUGH- VIII, KOLKATA  MUNICIPAL CORPORATION, Kolkata, West Bengal - 700026",pin_700026
22821038000174,22822038000296,133/1,133/1,98.46,"133/1 S N BANERJEE ROAD, BOROUGH-VI, KOLKATA  MUNICIPAL CORPORATION, Kolkata, West Bengal - 700013","133/1 S. N. BANERJEE RAD, BOROUGH-VI, KOLKATA  MUNICIPAL CORPORATION, Kolkata, West Bengal - 700013",pin_700013
22821045000098,22822045000360,2,2,90.58,"2, ROY BAHADUR ROAD, WARD NO-120, BOROUGH-X III, KOLKATA  MUNICIPAL CORPORATION, Kolkata, West Bengal - 700034","2, BAMA CHARAN ROY ROAD, WARD NO- 116, BOROUGH-X III, KOLKATA  MUNICIPAL CORPORATION, Kolkata, West Bengal - 700034",pin_700034
22825041000315,22826041000088,1,1,91.35,"1, TARATALA ROAD, HEMANTA BASU MARKET BRACE BRIDGE, STALL NO-289, WARD NO.80, BOROUGH- IX, KOLKATA  MUNICIPAL CORPORATION, Kolkata, West Bengal - 700088","1, TARATALA ROAD, HEMANTA BOSE MARKET, STALL NO.348, WARD NO.80, BOROUGH- IX, KOLKATA  MUNICIPAL CORPORATION, Kolkata, West Bengal - 700088",pin_700088
22820033000059,22823033000019,88C,88C,94.12,"88C SOUTH SINTHEE ROAD, BOROUGH- I, KOLKATA  MUNICIPAL CORPORATION, Kolkata, West Bengal - 700030","88C, SOUTH SINTHEE ROAD, WARD- 002, BOROUGH- I, KOLKATA  MUNICIPAL CORPORATION, Kolkata, West Bengal - 700030",pin_700030
12823019001184,12817019001650,24B,24B,93.05,"24B,MOHAN LAL STREET WARD NO.12, KOLKATA  MUNICIPAL CORPORATION, Kolkata, West Bengal - 700004","24B, MOHAN LAL STREET.WARD NO.12, KOLKATA  MUNICIPAL CORPORATION, Kolkata, West Bengal - 700004",pin_700004
22822036000564,12822019001121,123/1/1,123/1/1,94.92,"123/1/1,ACHARYA PRAFULLA CHANDRA ROAD,MANIKTALA BAZAR,GROUND FLOOR STALL NO-368,KOLKATA 700006,WARD-027,BR-IV, BOROUGH-IV, KOLKATA  MUNICIPAL CORPORATION, Kolkata, West Bengal - 700006","123/1/1,ACHARYA PRAFULLA CHANDRA ROAD,MANIKTALA BAZAR,GROUND FLOOR STALL NO-292,KOLKATA 700006,WARD-027,BR-IV, KOLKATA  MUNICIPAL CORPORATION, Kolkata, West Bengal - 700006",pin_700006
12822019002113,12822019002525,167,167,98.66,"167,NETAJI SUBHAS ROAD,GROUND FLOOR ROOM NO-116,GATE NO-1,KOLKATA 700007,WARD-022,BR-IV, KOLKATA  MUNICIPAL CORPORATION, Kolkata, West Bengal - 700007","167,NETAJI SUBHAS ROAD,GROUND FLOOR ROOM NO-158,GATE NO-1,KOLKATA 700007,WARD-022,BR-IV, KOLKATA  MUNICIPAL CORPORATION, Kolkata, West Bengal - 700007",pin_700007
12819019002042,12821019002982,23A,23A,93.33,"23A, DIAMOND HARBOUR ROAD, DURGAPUR COLONY, NEW ALIPORE, WARD NO. 81, KOLKATA - 700053, KOLKATA  MUNICIPAL CORPORATION, Kolkata, West Bengal - 700053","23A, DIAMOND HARBOUR ROAD, DURGAPUR COLONY, NEW ALIPORE, WARD NO. 81, BOROUGH - X, KOLKATA, KOLKATA  MUNICIPAL CORPORATION, Kolkata, West Bengal - 700053",pin_700053
12820019000139,12822019002103,5/1B,5/1B,91.0,"5/1B, RAM KAMAL STREET, KOLKATA-23, WARD NO.76, BR-IX, KOLKATA  MUNICIPAL CORPORATION, Kolkata, West Bengal - 700023","5/1B, RAM KAMAL STREET, WARD NO.76, KOLKATA  MUNICIPAL CORPORATION, Kolkata, West Bengal - 700023",pin_700023
22823040000152,22825040000049,65/1,65/1,92.25,"65/1, SARAT BOSE ROAD, LANSDOWN MARKET, STALL NO- B-10, BOROUGH- VIII, KOLKATA  MUNICIPAL CORPORATION, Kolkata, West Bengal - 700025","65/1 SARAT BOSE ROAD, STALL NO- 14 LANSDOWNE MARKET WARD NO- 72, BOROUGH- VIII, KOLKATA  MUNICIPAL CORPORATION, Kolkata, West Bengal - 700025",pin_700025
22818019015272,22822037000525,2,2,91.16,"2, TIRETTA BAZAR STREET, WARD NO. 43, BOROUGH- I, KOLKATA  MUNICIPAL CORPORATION, Kolkata, West Bengal - 700073","2, TIRETTA BAZAR STREET WARD-43, BOROUGH- V, KOLKATA  MUNICIPAL CORPORATION, Kolkata, West Bengal - 700073",pin_700073
22825048000054,22825048000041,310/1B,310/1B,95.0,"310/1B JADAV GHOSH ROAD GHOSH PARA TALPUKUR BAZAR STALL 88-89 WARD 126, BOROUGH-XVI, KOLKATA  MUNICIPAL CORPORATION, Kolkata, West Bengal - 700061","310/1B JADAV GHOSH ROAD , GHOSH PARA TALPUKUR BAZAR WARD 126, BOROUGH-XVI, KOLKATA  MUNICIPAL CORPORATION, Kolkata, West Bengal - 700061",pin_700061
12817019000750,12821019002451,203,203,90.48,"203, SARAT BOSE ROAD, WARD NO. 087., KOLKATA  MUNICIPAL CORPORATION, Kolkata, West Bengal - 700029","203, SARAT BOSE ROAD, WARD NO - 087, BOROUGH - VIII, KOLKATA  MUNICIPAL CORPORATION, Kolkata, West Bengal - 700029",pin_700029
22822034000504,22821034000654,421B,421B,92.7,"421B RABINDRA SARANI, UNDER K. M. C. WARD NO. - 19, BOROUGH-II, KOLKATA  MUNICIPAL CORPORATION, Kolkata, West Bengal - 700005","421B, RABINDRA SARANI, WARD NO - 19, BOROUGH-II, KOLKATA  MUNICIPAL CORPORATION, Kolkata, West Bengal - 700005",pin_700005
22822038000420,22822038000209,176,176,90.2,"176 ACHARYA JAGADISH BOSE ROAD, BOROUGH-VI, KOLKATA  MUNICIPAL CORPORATION, Kolkata, West Bengal - 700014","176 AJC BOSE ROAD KOLKATA , BOROUGH-VI, KOLKATA  MUNICIPAL CORPORATION, Kolkata, West Bengal - 700014",pin_700014
22818019015946,22818019015949,155,155,94.58,"155, BAITHAK KHANA ROAD , BOROUGH- V, KOLKATA  MUNICIPAL CORPORATION, Kolkata, West Bengal - 700009","155, BAITHAK KHANA ROAD WARD 49, BOROUGH- V, KOLKATA  MUNICIPAL CORPORATION, Kolkata, West Bengal - 700009",pin_700009
22821039001064,22824039000037,3/1,3/1,95.05,"3/1/A, CHOWBHAGA ROAD, BOROUGH- VII, KOLKATA  MUNICIPAL CORPORATION, Kolkata, West Bengal - 700039","3/1/A CHOWBHAGA ROAD, KOLKATA, BOROUGH- VII, KOLKATA  MUNICIPAL CORPORATION, Kolkata, West Bengal - 700039",pin_700039
12822019001870,12822019002207,3A,3A,92.88,"3A, RAMMOHAN MULLICKS GARDEN LANE, RAIKVA, FLAT NO.301, WARD NO. 33, KOLKATA  MUNICIPAL CORPORATION, Kolkata, West Bengal - 700010","3A, RAMMOHAN MULLICKS GARDEN LANE, RAIKVA, UNIT NO.2, 2ND FLOOR, WARD NO. 33, KOLKATA  MUNICIPAL CORPORATION, Kolkata, West Bengal - 700010",pin_700010
22819041000535,22819041000542,4,4,99.6,"4/A, RAKHAL DAS AUDDY ROAD, KOLKATA-27, WARD NO.82, BOROUGH- I, KOLKATA  MUNICIPAL CORPORATION, Kolkata, West Bengal - 700027","4/A, RAKHAL DAS AUDDY ROAD, KOLKATA-27, WARD NO.82, BOROUGH- IX, KOLKATA  MUNICIPAL CORPORATION, Kolkata, West Bengal - 700027",pin_700027
22821036000749,22825036000160,167,167,90.41,"167 NETAJI SUBHAS ROAD, WARD NO.022, BOROUGH-IV, KOLKATA  MUNICIPAL CORPORATION, Kolkata, West Bengal - 700007","167, NETAJI SUBJAS ROAD, ROOM NO-114, BOROUGH-IV, KOLKATA  MUNICIPAL CORPORATION, Kolkata, West Bengal - 700007",pin_700007
22820036000018,22820036000268,187,187,97.08,"187,VIVEKANANDA ROAD(STALL NO-589)KOLKATA 700006,WARD-027,BR-IV, BOROUGH-IV, KOLKATA  MUNICIPAL CORPORATION, Kolkata, West Bengal - 700006","187,VIVEKANANDA ROAD,STALL NO-152,KOLKATA 700006,WARD-027,BR-IV, BOROUGH-IV, KOLKATA  MUNICIPAL CORPORATION, Kolkata, West Bengal - 700006",pin_700006
22821037000026,22824037000080,8,8,97.76,"8 OLD POST OFFICE STREET WARD NO -45, BOROUGH- V, KOLKATA  MUNICIPAL CORPORATION, Kolkata, West Bengal - 700001","8 OLD POST OFFICE STREET KMC WAR NO -45, BOROUGH- V, KOLKATA  MUNICIPAL CORPORATION, Kolkata, West Bengal - 700001",pin_700001
22821040000913,22822040000636,49A,49A,92.59,"49A SADANANDA ROAD, KMC WARD-83, BOROUGH- VIII, KOLKATA  MUNICIPAL CORPORATION, Kolkata, West Bengal - 700026","49A SADANANDA ROAD, WARD NO- 83, BOROUGH- VIII, KOLKATA  MUNICIPAL CORPORATION, Kolkata, West Bengal - 700026",pin_700026
22824035000456,22822035000312,99A/1B,99A/1B,94.32,"99A/1B, BAGMARI ROAD, WARD NO-32, BOROUGH- III, KOLKATA  MUNICIPAL CORPORATION, Kolkata, West Bengal - 700054","99A/1B, BAGMARI ROAD, WARD NO-32, BOROUGH-III, BOROUGH- III, KOLKATA  MUNICIPAL CORPORATION, Kolkata, West Bengal - 700054",pin_700054
22824037000095,22821037000383,17,17,92.86,"17 NABIN CHAND BORAL LANE, GROUND FLOOR, WARD - 48,, BOROUGH- V, KOLKATA  MUNICIPAL CORPORATION, Kolkata, West Bengal - 700012","17, NABIN CHAND BORAL LANE, GROUND FLOOR, WD-48, BR-V, BOROUGH- V, KOLKATA  MUNICIPAL CORPORATION, Kolkata, West Bengal - 700012",pin_700012
22821037000341,12821019001881,4B,4B,93.81,"4B, MADAN MOHAN BURMAN STREET, BOROUGH- V, KOLKATA  MUNICIPAL CORPORATION, Kolkata, West Bengal - 700007","4B, MADAN MOHAN BURMAN STREET, KOLKATA  MUNICIPAL CORPORATION, Kolkata, West Bengal - 700007",pin_700007
22822034000324,22822034000379,173,173,94.51,"173, ACHARYA PRAFULLA CHANDRA ROAD,WARD-11, BOROUGH-II, KOLKATA  MUNICIPAL CORPORATION, Kolkata, West Bengal - 700004","173, ACHARYA PRAFULLA CHANDRA ROAD, WARD No.011, BOROUGH-II, KOLKATA  MUNICIPAL CORPORATION, Kolkata, West Bengal - 700004",pin_700004
22821033000268,22821033000498,25/1,25/1,90.0,"25/1 BOSE PUKUR ROAD, BOROUGH- I, KOLKATA  MUNICIPAL CORPORATION, Kolkata, West Bengal - 700042","25/1 BOSEPUKUR ROAD, P.S - KASBA, BOROUGH- I, KOLKATA  MUNICIPAL CORPORATION, Kolkata, West Bengal - 700042",pin_700042
12820019001107,12822019001444,375,375,93.75,"375, PRINCE ANWAR SHAH ROAD, WARD NO 93, BOROUGH X, KOLKATA  MUNICIPAL CORPORATION, Kolkata, West Bengal - 700068","375, PRINCE ANWAR SHAH ROAD, WARD NO-93, BOROUGH-X, KOLKATA  MUNICIPAL CORPORATION, Kolkata, West Bengal - 700068",pin_700068
22822036000388,22822036000496,167,167,92.73,"167 NETAJI SUBHAS ROAD ( GROUND FLOOR, ROOM NO - 107 ), UNDER KMC WARD NO - 022, GATE NO - 01, BOROUGH-IV, KOLKATA  MUNICIPAL CORPORATION, Kolkata, West Bengal - 700007","167 NETAJI SUBHAS ROAD, GROUND FLOOR ROOM NO 212B, GATE NO. - 1, UNDER KMC WARD NO. - 022, BOROUGH-IV, KOLKATA  MUNICIPAL CORPORATION, Kolkata, West Bengal - 700007",pin_700007
22822037000262,22826037000014,21E,21E,91.38,"21E BIPLABI RASH BEHARY BASU ROAD, BOROUGH- V, KOLKATA  MUNICIPAL CORPORATION, Kolkata, West Bengal - 700001","21E BIPLABI RASH BEHARY BASU ROAD WARD-45 GROUND FL, BOROUGH- V, KOLKATA  MUNICIPAL CORPORATION, Kolkata, West Bengal - 700001",pin_700001
22821033000216,22822033000451,67/1,67/1,93.46,"67/1 RANI HARSHAMUKHI ROAD, BOROUGH- I, KOLKATA  MUNICIPAL CORPORATION, Kolkata, West Bengal - 700002","67/1, RANI HARSHAMUKHI ROAD, WARD No.004, BOROUGH- I, KOLKATA  MUNICIPAL CORPORATION, Kolkata, West Bengal - 700002",pin_700002
22822036000304,22821036000688,102,102,92.64,"102/H/2 MADAN MOHAN BURMAN STREET, KMC WARD NO 039, BOROUGH-IV, KOLKATA  MUNICIPAL CORPORATION, Kolkata, West Bengal - 700007","102/H/2 MADAN MOHAN BURMAN STREET, BOROUGH-IV, KOLKATA  MUNICIPAL CORPORATION, Kolkata, West Bengal - 700007",pin_700007
22821041000105,22822041000185,19A,19A,90.83,"19A, CHETLA HAT ROAD. WARD NO-74 K.M.C., BOROUGH- IX, KOLKATA  MUNICIPAL CORPORATION, Kolkata, West Bengal - 700027","19A, CHETLA HAT ROAD, WARD-74, BOROUGH- IX, KOLKATA  MUNICIPAL CORPORATION, Kolkata, West Bengal - 700027",pin_700027
22825041000262,22825041000189,1,1,91.99,"1, TARATALA ROAD, HEMANTA BASU MARKET BRACE BRIDGE, STALL NO-62, WARD NO.80, BOROUGH- IX, KOLKATA  MUNICIPAL CORPORATION, Kolkata, West Bengal - 700088","1, TARATALA ROAD, HEMANTA BOSE MARKET BRACE BRIDGE, WARD NO.80, BOROUGH- IX, KOLKATA  MUNICIPAL CORPORATION, Kolkata, West Bengal - 700088",pin_700088
22821038000315,22821038000318,19,19,98.03,"19 , NELLIE SEN GUPTA SARANI , S S HOGG MARKET STALL NO. N - 74 , WARD.NO.-046, BOROUGH-VI, KOLKATA  MUNICIPAL CORPORATION, Kolkata, West Bengal - 700087","19 , NELLIE SEN GUPTA SARANI , S S HOGG MARKET STALL NO. N - 43 , WARD.NO.-046, BOROUGH-VI, KOLKATA  MUNICIPAL CORPORATION, Kolkata, West Bengal - 700087",pin_700087
22819038000480,22826038000105,11A,11A,95.24,"11A,DR SURESH SARKAR ROAD,KOLKATA 700014,WARD-054,BR-VI, BOROUGH-VI, KOLKATA  MUNICIPAL CORPORATION, Kolkata, West Bengal - 700014","11A DR SURESH SARKAR ROAD,KOLKATA 700014,WARD-054, BOROUGH-VI, KOLKATA  MUNICIPAL CORPORATION, Kolkata, West Bengal - 700014",pin_700014
22821036000155,22821036000752,123,123,91.69,"123,ACHARYA PRAFULLA CHANDRA ROAD,STALL NO 454A,KOLKATA 700006,WARD-027,BR-IV, BOROUGH-IV, KOLKATA  MUNICIPAL CORPORATION, Kolkata, West Bengal - 700006","123,ACHARYA PRAFULLA CHANDRA ROAD,STALL NO-190,KOLKATA 700006,WARD-027,BR-IV, BOROUGH-IV, KOLKATA  MUNICIPAL CORPORATION, Kolkata, West Bengal - 700006",pin_700006
22824040000120,22822040000600,104,104,90.85,"104, RASHBEHARI AVENUE, LAKE ROAD MARKET STALL NO- 13 & 14, KMC WARD NO- 087, BOROUGH- VIII, KOLKATA  MUNICIPAL CORPORATION, Kolkata, West Bengal - 700029","104, RASHBEHARI AVENUE, STALL NO- 2, KMC WARD NO - 087, BOROUGH- VIII, KOLKATA  MUNICIPAL CORPORATION, Kolkata, West Bengal - 700029",pin_700029
22822036000174,22822036000183,187,187,97.71,"187 VIVEKANANDA ROAD(STALL NO-148)KOLKATA 700006,WARD-027, BOROUGH-IV, KOLKATA  MUNICIPAL CORPORATION, Kolkata, West Bengal - 700006","187 VIVEKANANDA ROAD,STALL NO-134,KOLKATA 700006,WARD-027, BOROUGH-IV, KOLKATA  MUNICIPAL CORPORATION, Kolkata, West Bengal - 700006",pin_700006
22824037000033,22821037000637,84,84,90.98,"84/A BEPIN BEHARY GANGULY STREET, GROUND FLOOR, WARD-48, BOROUGH- V, KOLKATA  MUNICIPAL CORPORATION, Kolkata, West Bengal - 700012","84/A, BEPIN BEHARY GANGULY STREET,WARD-48, BOROUGH- V, KOLKATA  MUNICIPAL CORPORATION, Kolkata, West Bengal - 700012",pin_700012
12824019000427,12826019000594,128,128,91.63,"128 HAZRA ROAD,SHOP NO-65,WARD NO-73,BR-IX,KOLKATA-700026, KOLKATA  MUNICIPAL CORPORATION, Kolkata, West Bengal - 700026","128 HAZRA ROAD,WARD NO-73,BR-IX,KOLKATA-700026, KOLKATA  MUNICIPAL CORPORATION, Kolkata, West Bengal - 700026",pin_700026
22822045000032,22822045000166,219,219,91.21,"219, S.N. ROY ROAD,WARD NO.-118,KOLKATA-700038, BOROUGH-X III, KOLKATA  MUNICIPAL CORPORATION, Kolkata, West Bengal - 700038","219,S.N.ROY ROAD,WARD NO-118,KOL-700038, BOROUGH-X III, KOLKATA  MUNICIPAL CORPORATION, Kolkata, West Bengal - 700038",pin_700038
22822041000248,22826041000092,1,1,94.2,"1, TARATALA ROAD, HEMANTA BASU MARKET, STALL NO-109, BRACE BRIDGE., BOROUGH- IX, KOLKATA  MUNICIPAL CORPORATION, Kolkata, West Bengal - 700088","1, TARATALA ROAD, HEMANTA BASU MARKET, BRACE BRIDGE, STALL NO-249, WARD NO.80, BOROUGH- IX, KOLKATA  MUNICIPAL CORPORATION, Kolkata, West Bengal - 700088",pin_700088
22821036000032,22821036000230,123,123,91.03,"123,ACHARYA PRAFULLA CHANDRA ROAD(STALL NO-216)KOLKATA 700006,WARD-027,BR-IV, BOROUGH-IV, KOLKATA  MUNICIPAL CORPORATION, Kolkata, West Bengal - 700006","123,ACHARYA PRAFULLA CHANDRA ROAD, STALL NO 227,KOLKATA 700006,WARD-027,BR-IV, BOROUGH-IV, KOLKATA  MUNICIPAL CORPORATION, Kolkata, West Bengal - 700006",pin_700006
22821044000923,22825044000511,101,101,97.75,"J-355 BAISHNABGHATA PATULI TOWNSHIP, P.S. PATULI, P.O. PANCHASAYAR, WARD NO. 101, BOROUGH-XII, KOLKATA  MUNICIPAL CORPORATION, Kolkata, West Bengal - 700094","J/364, BAISHNABGHATA PATULI TOWNSHIP, P.S. PATULI, P.O. PANCHASAYAR, WARD NO. 101, BOROUGH-XII, KOLKATA  MUNICIPAL CORPORATION, Kolkata, West Bengal - 700094",pin_700094
22822036000118,22819036000179,187,187,96.35,"187,VIVEKANANDA ROAD(STALL NO.185)KOLKATA 700006,WARD-027,BR-IV, BOROUGH-IV, KOLKATA  MUNICIPAL CORPORATION, Kolkata, West Bengal - 700006","187,VIVEKANANDA ROAD,STALL NO-130,KOLKATA 700006,WARD-027,BR-IV, BOROUGH-IV, KOLKATA  MUNICIPAL CORPORATION, Kolkata, West Bengal - 700006",pin_700006
12822019002476,12820019001562,48,48,91.0,"48/B, KARL MARX SARANI, WARD NO.79, KOLKATA  MUNICIPAL CORPORATION, Kolkata, West Bengal - 700023","48/B, KARL MARX SARANI, KOLKATA-23, WARD NO.79, BR-IX, KOLKATA  MUNICIPAL CORPORATION, Kolkata, West Bengal - 700023",pin_700023
22818019009878,22817019002369,187,187,92.13,"187, VIVEKANANDA ROAD, STALL NO-520, WARD-27, BR-IV, BOROUGH- I, KOLKATA  MUNICIPAL CORPORATION, Kolkata, West Bengal - 700006","187, VIVEKANANDA ROAD STALL NO-559, WARD-27, KOL-700006, BOROUGH-IV, KOLKATA  MUNICIPAL CORPORATION, Kolkata, West Bengal - 700006",pin_700006
22823040000150,22825040000050,65/1,65/1,91.61,"65/1, SARAT BOSE ROAD, LANSDOWN MARKET, STALL NO- B- 15, WARD NO- 72, BOROUGH- VIII, KOLKATA  MUNICIPAL CORPORATION, Kolkata, West Bengal - 700025","65/1 SARAT BOSE ROAD, BETTLE-3 SHED LANSDOWNE MARKET WARD NO- 72, BOROUGH- VIII, KOLKATA  MUNICIPAL CORPORATION, Kolkata, West Bengal - 700025",pin_700025
22821040000809,22824040000108,9,9,90.14,"9,BHAGABATI LANE, WARD NO.83, BOROUGH- VIII, KOLKATA  MUNICIPAL CORPORATION, Kolkata, West Bengal - 700026","9 BHAGABATI LANE, SHOP NO. 77-1, BOROUGH- VIII, KOLKATA  MUNICIPAL CORPORATION, Kolkata, West Bengal - 700026",pin_700026
12822019000496,12822019002016,34,34,92.31,"34, DR. SUNDARI MOHAN AVENUE, KOLKATA  MUNICIPAL CORPORATION, Kolkata, West Bengal - 700014","34, DR. SUNDARI MOHAN AVENUE, WD-59, BR-VII, KOLKATA  MUNICIPAL CORPORATION, Kolkata, West Bengal - 700014",pin_700014
22821036000088,22822036000148,123/1/1,123/1/1,92.9,"123/1/1,ACHARYA PRAFULLA CHANDRA ROAD,STALL NO.-281A,KOLKATA 700006,WARD-027,BR-IV, BOROUGH-IV, KOLKATA  MUNICIPAL CORPORATION, Kolkata, West Bengal - 700006","123/1/1 ACHARYA PRAFULLA CHANDRA ROAD,STALL NO-412,KOLKATA 700006,WARD-027,BR-IV, BOROUGH-IV, KOLKATA  MUNICIPAL CORPORATION, Kolkata, West Bengal - 700006",pin_700006
12824019000449,12824019000175,233/3,233/3,94.74,"233/3, ACHARYYA JAGDISH BOSE ROAD, WARD NO. 70, KOLKATA  MUNICIPAL CORPORATION, Kolkata, West Bengal - 700020","233/3, ACHARYYA JAGADISH BOSE ROAD, 1ST FLOOR, WARD NO. 70, KOLKATA  MUNICIPAL CORPORATION, Kolkata, West Bengal - 700020",pin_700020
22818019008370,22821042000231,58/2,58/2,99.11,"58/2 JADAVPUR CENTRAL ROAD, WARD NO.-96, BOROUGH-X, KOLKATA  MUNICIPAL CORPORATION, Kolkata, West Bengal - 700032","58/2, JADAVPUR CENTRAL ROAD, WARD NO-96, BOROUGH-X, KOLKATA  MUNICIPAL CORPORATION, Kolkata, West Bengal - 700032",pin_700032
22820034000201,22819034000562,152,152,96.41,"152,MASJID BARI STREET,KOLKATA 700006,WARD-018,BR-II, BOROUGH-II, KOLKATA  MUNICIPAL CORPORATION, Kolkata, West Bengal - 700006","152,MASJIDBARI STREET,KOLKATA 700006,WARD-018,BR-II, BOROUGH-II, KOLKATA  MUNICIPAL CORPORATION, Kolkata, West Bengal - 700006",pin_700006
12822019002267,12823019001820,252/1,252/1,98.49,"252/1, PICNIC GARDEN ROAD, WARD NO - 67, KOLKATA  MUNICIPAL CORPORATION, Kolkata, West Bengal - 700039","252/1 PICNIC GARDEN ROAD, WARD NO 67, KOLKATA  MUNICIPAL CORPORATION, Kolkata, West Bengal - 700039",pin_700039
22825034000071,12823019002236,12,12,92.68,"B/22/H/1,ULTADANGA ROAD WARD NO.12 , BOROUGH-II, KOLKATA  MUNICIPAL CORPORATION, Kolkata, West Bengal - 700004","B/22/H/1,ULTADANGA ROAD WARD NO.12, KOLKATA  MUNICIPAL CORPORATION, Kolkata, West Bengal - 700004",pin_700004
22820046000197,22821046000563,56,56,93.75,"56, PASUPATI BHATTACHARJEE ROAD, WARD NO-121, BOROUGH-XIV, KOLKATA  MUNICIPAL CORPORATION, Kolkata, West Bengal - 700041","56 PASUPATI BHATTACHARJEE ROAD, BOROUGH-XIV, KOLKATA  MUNICIPAL CORPORATION, Kolkata, West Bengal - 700041",pin_700041
12819019002547,12823019000124,116,116,94.9,"116, KALIGHAT ROAD, WARD NO- 83, BR- VIII, KOLKATA  MUNICIPAL CORPORATION, Kolkata, West Bengal - 700026","116, KALIGHAT ROAD, WARD NO- 83, KOLKATA  MUNICIPAL CORPORATION, Kolkata, West Bengal - 700026",pin_700026
22823035000030,22822035000149,16/1/1,16/1/1,96.47,"16/1/1/H/37, BIPLABI BARIN GHOSH SARANI, WARD NO-14, BOROUGH- III, KOLKATA  MUNICIPAL CORPORATION, Kolkata, West Bengal - 700067","16/1/1/H/41, BIPLABI BARIN GHOSH SARANI, WARD No.014, BOROUGH- III, KOLKATA  MUNICIPAL CORPORATION, Kolkata, West Bengal - 700067",pin_700067
22820036000288,22819036000391,123/1/1,123/1/1,98.05,"123/1/1,ACHARYA PRAFULLA CHANDRA ROAD,STALL NO-282,KOLKATA 700006,WARD-027,BR-IV, BOROUGH-IV, KOLKATA  MUNICIPAL CORPORATION, Kolkata, West Bengal - 700006","123/1/1,ACHARYA PRAFULLA CHANDRA ROAD,STALL NO.296,KOLKATA 700006,WARD-027,BR-IV, BOROUGH-IV, KOLKATA  MUNICIPAL CORPORATION, Kolkata, West Bengal - 700006",pin_700006
22824045000280,22824045000001,57,57,93.0,"57 B L SAHA ROAD, WARD NO. 117, BOROUGH-X III, KOLKATA  MUNICIPAL CORPORATION, Kolkata, West Bengal - 700053","57 B L SAHA ROAD, BOROUGH-X III, KOLKATA  MUNICIPAL CORPORATION, Kolkata, West Bengal - 700053",pin_700053
22821036000604,22821036000628,187,187,91.24,"187,VIVEKANANDA ROAD,STALL NO. 42,KOLKATA 700006,WARD-027,BR-IV, BOROUGH-IV, KOLKATA  MUNICIPAL CORPORATION, Kolkata, West Bengal - 700006","187,VIVEKANANDA ROAD,STALL NO-144,KOLKATA 700006,WARD-027,BR-IV, BOROUGH-IV, KOLKATA  MUNICIPAL CORPORATION, Kolkata, West Bengal - 700006",pin_700006
22822048000230,22824048000088,380,380,95.54,"380 MAHATMA GANDHI ROAD, WARD NO-142, BOROUGH-XVI, KOLKATA  MUNICIPAL CORPORATION, Kolkata, West Bengal - 700104","380, MAHATMA GANDHI ROAD, WARD NO- 142, BOROUGH-XVI, KOLKATA  MUNICIPAL CORPORATION, Kolkata, West Bengal - 700104",pin_700104
22824035000328,12825019002557,17/1,17/1,93.52,"17/1/H/1, BIDHANNAGAR ROAD, WARD NO. 13, BOROUGH- III, KOLKATA  MUNICIPAL CORPORATION, Kolkata, West Bengal - 700067","17/1/H/1, BIDHANNAGAR ROAD, WARD  NO. 13, KOLKATA  MUNICIPAL CORPORATION, Kolkata, West Bengal - 700067",pin_700067
12822019000154,12821019001310,23/37,23/37,93.18,"23/37, GARIAHAT ROAD, KOLKATA  MUNICIPAL CORPORATION, Kolkata, West Bengal - 700029","23/37, GARIAHAT ROAD, WARD NO-90, KOLKATA  MUNICIPAL CORPORATION, Kolkata, West Bengal - 700029",pin_700029
22821037000443,22825037000172,8B,8B,92.93,"8B, MADHU GUPTA LANE, BOROUGH- V, KOLKATA  MUNICIPAL CORPORATION, Kolkata, West Bengal - 700012","8B MADHU GUPTA LANE WARD NO-40, BOROUGH- V, KOLKATA  MUNICIPAL CORPORATION, Kolkata, West Bengal - 700012",pin_700012
12821019000579,12825019001366,167,167,91.85,"167,NETAJI SUBHAS ROAD, ROOM NO 7,KOLKATA 700007,WARD-022,BR-IV, KOLKATA  MUNICIPAL CORPORATION, Kolkata, West Bengal - 700007","167,NETAJI SUBHAS ROAD,GROUND FLOOR ROOM NO 216B,216C,KOLKATA 700007,WARD-022,BR-IV, KOLKATA  MUNICIPAL CORPORATION, Kolkata, West Bengal - 700007",pin_700007
22821036000187,22821036000698,123/1/1,123/1/1,92.21,"123/1/1,ACHARYA PRAFULLA CHANDRA ROAD,STALL NO-418,KOLKATA 700006,WARD-027,BR-IV, BOROUGH-IV, KOLKATA  MUNICIPAL CORPORATION, Kolkata, West Bengal - 700006","123/1/1,ACHARYA PRAFULLA CHANDRA ROAD,STALL NO 246,KOLKATA 700006,WARD-027,BR-IV, BOROUGH-IV, KOLKATA  MUNICIPAL CORPORATION, Kolkata, West Bengal - 700006",pin_700006
22818019014904,22822037000561,117,117,98.34,"117 LENIN SARANEE, BOROUGH- V, KOLKATA  MUNICIPAL CORPORATION, Kolkata, West Bengal - 700013","117 LENIN SARANI, BOROUGH- V, KOLKATA  MUNICIPAL CORPORATION, Kolkata, West Bengal - 700013",pin_700013
22818036000202,22823036000162,187,187,95.04,"187 VIVEKANANDA ROAD STALL NO- 165, WARD- 27, BOROUGH-IV, KOLKATA  MUNICIPAL CORPORATION, Kolkata, West Bengal - 700006","187 VIVEKANANDA ROAD, STALL NO.- 130, WARD NO.- 27, BOROUGH-IV, KOLKATA  MUNICIPAL CORPORATION, Kolkata, West Bengal - 700006",pin_700006
22820044000387,22820044000386,122,122,91.53,"122 RAJDANGA GOLD PARK,KOLKATA-700107, BOROUGH-XII, KOLKATA  MUNICIPAL CORPORATION, Kolkata, West Bengal - 700107","122 RAJDANGA GOLD PARK,WARD NO-107,KOLKATA-700107, BOROUGH-XII, KOLKATA  MUNICIPAL CORPORATION, Kolkata, West Bengal - 700107",pin_700107
12816019002230,12816019002428,72,72,98.36,"72, NALINI SETT RROAD, WARD-22, KOLKATA  MUNICIPAL CORPORATION, Kolkata, West Bengal - 700007","72, NALINI SETH ROAD, WARD-22, KOLKATA  MUNICIPAL CORPORATION, Kolkata, West Bengal - 700007",pin_700007
12821019000011,12819019003512,7,7,90.09,"7 R G KAR ROAD, 
KOLKATA - 700004
SHYAMBAZAR
WARD NO - 12, KOLKATA  MUNICIPAL CORPORATION, Kolkata, West Bengal - 700004","7 R G KAR ROAD
KOLKATA  - 700004
WARD NO-12, KOLKATA  MUNICIPAL CORPORATION, Kolkata, West Bengal - 700004",pin_700004
22824042000766,22825039000354,24,24,91.89,"24 BANKU BIHARI CHATTERJEE ROAD, BOROUGH-X, KOLKATA  MUNICIPAL CORPORATION, Kolkata, West Bengal - 700042","24, BANKU BIHARI CHATTERJEE ROAD (WARD-67), BOROUGH- VII, KOLKATA  MUNICIPAL CORPORATION, Kolkata, West Bengal - 700042",pin_700042
22817019003006,22821034000243,17,17,95.83,"B/44D/H/8,AKSHOY KUMAR DUTTA SARANI.WARD NO.17, BOROUGH- I, KOLKATA  MUNICIPAL CORPORATION, Kolkata, West Bengal - 700006","B/44D/H/2,AKSHOY KUMAR DUTTA SARANI WARD NO.17, BOROUGH-II, KOLKATA  MUNICIPAL CORPORATION, Kolkata, West Bengal - 700006",pin_700006
22818041000021,22821041000187,78,78,96.46,"B/4/2B/H/3,BHUKAILASH ROAD,WARD NO.78, BOROUGH- IX, KOLKATA  MUNICIPAL CORPORATION, Kolkata, West Bengal - 700023","B/4/3/H/61, BHUKAILASH ROAD, WARD NO.78, BOROUGH- IX, KOLKATA  MUNICIPAL CORPORATION, Kolkata, West Bengal - 700023",pin_700023
22818019001658,22818019006538,79,79,97.8,"B/49/5/H/90,KARL MARX SARANI,WARD NO.79, BOROUGH- I, KOLKATA  MUNICIPAL CORPORATION, Kolkata, West Bengal - 700023","B/49/5/H/47,KARL MARX SARANI,WARD NO.79, BOROUGH- IX, KOLKATA  MUNICIPAL CORPORATION, Kolkata, West Bengal - 700023",pin_700023
12823019001917,12822019001238,15,15,96.44,"15,SOVARAM BASAK STREET,1ST FLOOR,KOLKATA 700007,WARD-022,BR-IV, KOLKATA  MUNICIPAL CORPORATION, Kolkata, West Bengal - 700007","15,SOVARAM BASAK STREET,GROUND FLOOR,KOLKATA 700007,WARD-022,BR-IV, KOLKATA  MUNICIPAL CORPORATION, Kolkata, West Bengal - 700007",pin_700007
22821041000885,22822041000390,5/2,5/2,99.0,"5/2/H/42, BHUKAILASH ROAD, BOROUGH- IX, KOLKATA  MUNICIPAL CORPORATION, Kolkata, West Bengal - 700023","5/2/H/43, BHUKAILASH ROAD, BOROUGH- IX, KOLKATA  MUNICIPAL CORPORATION, Kolkata, West Bengal - 700023",pin_700023
22821040000164,22821040000163,11,11,97.82,"11, JATIN DAS ROAD, F1-48, 4TH FLOOR,  , BOROUGH- VIII, KOLKATA  MUNICIPAL CORPORATION, Kolkata, West Bengal - 700029","11, JATIN DAS ROAD, F1-4B, 4TH FLOOR,, BOROUGH- VIII, KOLKATA  MUNICIPAL CORPORATION, Kolkata, West Bengal - 700029",pin_700029
